scenario,table_hand_index,base_deal_index,seat_order,bot_names_by_role,net_chips_by_role,net_bb_by_role
current_vs_2x_random,0,0,"[0, 1, 2]","[""policy_current"", ""random"", ""random""]","[-8.0, -100.0, 108.0]","[-4.0, -50.0, 54.0]"
current_vs_2x_random,1,0,"[0, 2, 1]","[""policy_current"", ""random"", ""random""]","[-8.0, -100.0, 108.0]","[-4.0, -50.0, 54.0]"
current_vs_2x_random,2,0,"[1, 0, 2]","[""random"", ""policy_current"", ""random""]","[-100.0, -2.0, 102.0]","[-50.0, -1.0, 51.0]"
current_vs_2x_random,3,0,"[1, 2, 0]","[""random"", ""random"", ""policy_current""]","[-100.0, -100.0, 200.0]","[-50.0, -50.0, 100.0]"
current_vs_2x_random,4,0,"[2, 0, 1]","[""random"", ""policy_current"", ""random""]","[-100.0, -2.0, 102.0]","[-50.0, -1.0, 51.0]"
current_vs_2x_random,5,0,"[2, 1, 0]","[""random"", ""random"", ""policy_current""]","[-100.0, -100.0, 200.0]","[-50.0, -50.0, 100.0]"
current_vs_2x_random,6,1,"[0, 1, 2]","[""policy_current"", ""random"", ""random""]","[-100.0, -2.0, 102.0]","[-50.0, -1.0, 51.0]"
current_vs_2x_random,7,1,"[0, 2, 1]","[""policy_current"", ""random"", ""random""]","[-100.0, -2.0, 102.0]","[-50.0, -1.0, 51.0]"
current_vs_2x_random,8,1,"[1, 0, 2]","[""random"", ""policy_current"", ""random""]","[-1.0, -2.0, 3.0]","[-0.5, -1.0, 1.5]"
current_vs_2x_random,9,1,"[1, 2, 0]","[""random"", ""random"", ""policy_current""]","[-2.0, 2.0, 0.0]","[-1.0, 1.0, 0.0]"
current_vs_2x_random,10,1,"[2, 0, 1]","[""random"", ""policy_current"", ""random""]","[-1.0, -2.0, 3.0]","[-0.5, -1.0, 1.5]"
current_vs_2x_random,11,1,"[2, 1, 0]","[""random"", ""random"", ""policy_current""]","[-2.0, 2.0, 0.0]","[-1.0, 1.0, 0.0]"
current_vs_2x_random,12,2,"[0, 1, 2]","[""policy_current"", ""random"", ""random""]","[-1.0, 101.0, -100.0]","[-0.5, 50.5, -50.0]"
current_vs_2x_random,13,2,"[0, 2, 1]","[""policy_current"", ""random"", ""random""]","[-1.0, 101.0, -100.0]","[-0.5, 50.5, -50.0]"
current_vs_2x_random,14,2,"[1, 0, 2]","[""random"", ""policy_current"", ""random""]","[-1.0, -8.0, 9.0]","[-0.5, -4.0, 4.5]"
current_vs_2x_random,15,2,"[1, 2, 0]","[""random"", ""random"", ""policy_current""]","[-1.0, 1.0, 0.0]","[-0.5, 0.5, 0.0]"
current_vs_2x_random,16,2,"[2, 0, 1]","[""random"", ""policy_current"", ""random""]","[-1.0, -8.0, 9.0]","[-0.5, -4.0, 4.5]"
current_vs_2x_random,17,2,"[2, 1, 0]","[""random"", ""random"", ""policy_current""]","[-1.0, 1.0, 0.0]","[-0.5, 0.5, 0.0]"
current_vs_2x_random,18,3,"[0, 1, 2]","[""policy_current"", ""random"", ""random""]","[-1.0, -2.0, 3.0]","[-0.5, -1.0, 1.5]"
current_vs_2x_random,19,3,"[0, 2, 1]","[""policy_current"", ""random"", ""random""]","[-1.0, -2.0, 3.0]","[-0.5, -1.0, 1.5]"
current_vs_2x_random,20,3,"[1, 0, 2]","[""random"", ""policy_current"", ""random""]","[-100.0, -2.0, 102.0]","[-50.0, -1.0, 51.0]"
current_vs_2x_random,21,3,"[1, 2, 0]","[""random"", ""random"", ""policy_current""]","[-100.0, -100.0, 200.0]","[-50.0, -50.0, 100.0]"
current_vs_2x_random,22,3,"[2, 0, 1]","[""random"", ""policy_current"", ""random""]","[-100.0, -2.0, 102.0]","[-50.0, -1.0, 51.0]"
current_vs_2x_random,23,3,"[2, 1, 0]","[""random"", ""random"", ""policy_current""]","[-100.0, -100.0, 200.0]","[-50.0, -50.0, 100.0]"
current_vs_2x_random,24,4,"[0, 1, 2]","[""policy_current"", ""random"", ""random""]","[-1.0, 3.0, -2.0]","[-0.5, 1.5, -1.0]"
current_vs_2x_random,25,4,"[0, 2, 1]","[""policy_current"", ""random"", ""random""]","[-1.0, 3.0, -2.0]","[-0.5, 1.5, -1.0]"
current_vs_2x_random,26,4,"[1, 0, 2]","[""random"", ""policy_current"", ""random""]","[-1.0, -100.0, 101.0]","[-0.5, -50.0, 50.5]"
current_vs_2x_random,27,4,"[1, 2, 0]","[""random"", ""random"", ""policy_current""]","[102.0, -100.0, -2.0]","[51.0, -50.0, -1.0]"
current_vs_2x_random,28,4,"[2, 0, 1]","[""random"", ""policy_current"", ""random""]","[-1.0, -100.0, 101.0]","[-0.5, -50.0, 50.5]"
current_vs_2x_random,29,4,"[2, 1, 0]","[""random"", ""random"", ""policy_current""]","[102.0, -100.0, -2.0]","[51.0, -50.0, -1.0]"
current_vs_2x_random,30,5,"[0, 1, 2]","[""policy_current"", ""random"", ""random""]","[-14.0, -100.0, 114.0]","[-7.0, -50.0, 57.0]"
current_vs_2x_random,31,5,"[0, 2, 1]","[""policy_current"", ""random"", ""random""]","[-14.0, -100.0, 114.0]","[-7.0, -50.0, 57.0]"
current_vs_2x_random,32,5,"[1, 0, 2]","[""random"", ""policy_current"", ""random""]","[-100.0, -14.0, 114.0]","[-50.0, -7.0, 57.0]"
current_vs_2x_random,33,5,"[1, 2, 0]","[""random"", ""random"", ""policy_current""]","[-1.0, -100.0, 101.0]","[-0.5, -50.0, 50.5]"
current_vs_2x_random,34,5,"[2, 0, 1]","[""random"", ""policy_current"", ""random""]","[-100.0, -14.0, 114.0]","[-50.0, -7.0, 57.0]"
current_vs_2x_random,35,5,"[2, 1, 0]","[""random"", ""random"", ""policy_current""]","[-1.0, -100.0, 101.0]","[-0.5, -50.0, 50.5]"
current_vs_2x_random,36,6,"[0, 1, 2]","[""policy_current"", ""random"", ""random""]","[-1.0, 1.0, 0.0]","[-0.5, 0.5, 0.0]"
current_vs_2x_random,37,6,"[0, 2, 1]","[""policy_current"", ""random"", ""random""]","[-1.0, 1.0, 0.0]","[-0.5, 0.5, 0.0]"
current_vs_2x_random,38,6,"[1, 0, 2]","[""random"", ""policy_current"", ""random""]","[-100.0, 100.0, 0.0]","[-50.0, 50.0, 0.0]"
current_vs_2x_random,39,6,"[1, 2, 0]","[""random"", ""random"", ""policy_current""]","[-100.0, 126.0, -26.0]","[-50.0, 63.0, -13.0]"
current_vs_2x_random,40,6,"[2, 0, 1]","[""random"", ""policy_current"", ""random""]","[-100.0, 100.0, 0.0]","[-50.0, 50.0, 0.0]"
current_vs_2x_random,41,6,"[2, 1, 0]","[""random"", ""random"", ""policy_current""]","[-100.0, 126.0, -26.0]","[-50.0, 63.0, -13.0]"
current_vs_2x_random,42,7,"[0, 1, 2]","[""policy_current"", ""random"", ""random""]","[-1.0, 1.0, 0.0]","[-0.5, 0.5, 0.0]"
current_vs_2x_random,43,7,"[0, 2, 1]","[""policy_current"", ""random"", ""random""]","[-1.0, 1.0, 0.0]","[-0.5, 0.5, 0.0]"
current_vs_2x_random,44,7,"[1, 0, 2]","[""random"", ""policy_current"", ""random""]","[-1.0, 1.0, 0.0]","[-0.5, 0.5, 0.0]"
current_vs_2x_random,45,7,"[1, 2, 0]","[""random"", ""random"", ""policy_current""]","[-1.0, -2.0, 3.0]","[-0.5, -1.0, 1.5]"
current_vs_2x_random,46,7,"[2, 0, 1]","[""random"", ""policy_current"", ""random""]","[-1.0, 1.0, 0.0]","[-0.5, 0.5, 0.0]"
current_vs_2x_random,47,7,"[2, 1, 0]","[""random"", ""random"", ""policy_current""]","[-1.0, -2.0, 3.0]","[-0.5, -1.0, 1.5]"
current_vs_2x_random,48,8,"[0, 1, 2]","[""policy_current"", ""random"", ""random""]","[-1.0, -8.0, 9.0]","[-0.5, -4.0, 4.5]"
current_vs_2x_random,49,8,"[0, 2, 1]","[""policy_current"", ""random"", ""random""]","[-1.0, -8.0, 9.0]","[-0.5, -4.0, 4.5]"
current_vs_2x_random,50,8,"[1, 0, 2]","[""random"", ""policy_current"", ""random""]","[-20.0, -14.0, 34.0]","[-10.0, -7.0, 17.0]"
current_vs_2x_random,51,8,"[1, 2, 0]","[""random"", ""random"", ""policy_current""]","[-8.0, 10.0, -2.0]","[-4.0, 5.0, -1.0]"
current_vs_2x_random,52,8,"[2, 0, 1]","[""random"", ""policy_current"", ""random""]","[-20.0, -14.0, 34.0]","[-10.0, -7.0, 17.0]"
current_vs_2x_random,53,8,"[2, 1, 0]","[""random"", ""random"", ""policy_current""]","[-8.0, 10.0, -2.0]","[-4.0, 5.0, -1.0]"
current_vs_2x_random,54,9,"[0, 1, 2]","[""policy_current"", ""random"", ""random""]","[-100.0, 100.0, 0.0]","[-50.0, 50.0, 0.0]"
current_vs_2x_random,55,9,"[0, 2, 1]","[""policy_current"", ""random"", ""random""]","[-100.0, 100.0, 0.0]","[-50.0, 50.0, 0.0]"
current_vs_2x_random,56,9,"[1, 0, 2]","[""random"", ""policy_current"", ""random""]","[-1.0, 1.0, 0.0]","[-0.5, 0.5, 0.0]"
current_vs_2x_random,57,9,"[1, 2, 0]","[""random"", ""random"", ""policy_current""]","[-1.0, 1.0, 0.0]","[-0.5, 0.5, 0.0]"
current_vs_2x_random,58,9,"[2, 0, 1]","[""random"", ""policy_current"", ""random""]","[-1.0, 1.0, 0.0]","[-0.5, 0.5, 0.0]"
current_vs_2x_random,59,9,"[2, 1, 0]","[""random"", ""random"", ""policy_current""]","[-1.0, 1.0, 0.0]","[-0.5, 0.5, 0.0]"
current_vs_2x_random,60,10,"[0, 1, 2]","[""policy_current"", ""random"", ""random""]","[108.0, -100.0, -8.0]","[54.0, -50.0, -4.0]"
current_vs_2x_random,61,10,"[0, 2, 1]","[""policy_current"", ""random"", ""random""]","[108.0, -100.0, -8.0]","[54.0, -50.0, -4.0]"
current_vs_2x_random,62,10,"[1, 0, 2]","[""random"", ""policy_current"", ""random""]","[108.0, -100.0, -8.0]","[54.0, -50.0, -4.0]"
current_vs_2x_random,63,10,"[1, 2, 0]","[""random"", ""random"", ""policy_current""]","[108.0, -8.0, -100.0]","[54.0, -4.0, -50.0]"
current_vs_2x_random,64,10,"[2, 0, 1]","[""random"", ""policy_current"", ""random""]","[108.0, -100.0, -8.0]","[54.0, -50.0, -4.0]"
current_vs_2x_random,65,10,"[2, 1, 0]","[""random"", ""random"", ""policy_current""]","[108.0, -8.0, -100.0]","[54.0, -4.0, -50.0]"
current_vs_2x_random,66,11,"[0, 1, 2]","[""policy_current"", ""random"", ""random""]","[-8.0, 8.0, 0.0]","[-4.0, 4.0, 0.0]"
current_vs_2x_random,67,11,"[0, 2, 1]","[""policy_current"", ""random"", ""random""]","[-8.0, 8.0, 0.0]","[-4.0, 4.0, 0.0]"
current_vs_2x_random,68,11,"[1, 0, 2]","[""random"", ""policy_current"", ""random""]","[-8.0, 8.0, 0.0]","[-4.0, 4.0, 0.0]"
current_vs_2x_random,69,11,"[1, 2, 0]","[""random"", ""random"", ""policy_current""]","[10.0, -8.0, -2.0]","[5.0, -4.0, -1.0]"
current_vs_2x_random,70,11,"[2, 0, 1]","[""random"", ""policy_current"", ""random""]","[-8.0, 8.0, 0.0]","[-4.0, 4.0, 0.0]"
current_vs_2x_random,71,11,"[2, 1, 0]","[""random"", ""random"", ""policy_current""]","[10.0, -8.0, -2.0]","[5.0, -4.0, -1.0]"
current_vs_2x_random,72,12,"[0, 1, 2]","[""policy_current"", ""random"", ""random""]","[-1.0, 101.0, -100.0]","[-0.5, 50.5, -50.0]"
current_vs_2x_random,73,12,"[0, 2, 1]","[""policy_current"", ""random"", ""random""]","[-1.0, 101.0, -100.0]","[-0.5, 50.5, -50.0]"
current_vs_2x_random,74,12,"[1, 0, 2]","[""random"", ""policy_current"", ""random""]","[-100.0, -14.0, 114.0]","[-50.0, -7.0, 57.0]"
current_vs_2x_random,75,12,"[1, 2, 0]","[""random"", ""random"", ""policy_current""]","[-100.0, 100.0, 0.0]","[-50.0, 50.0, 0.0]"
current_vs_2x_random,76,12,"[2, 0, 1]","[""random"", ""policy_current"", ""random""]","[-100.0, -14.0, 114.0]","[-50.0, -7.0, 57.0]"
current_vs_2x_random,77,12,"[2, 1, 0]","[""random"", ""random"", ""policy_current""]","[-100.0, 100.0, 0.0]","[-50.0, 50.0, 0.0]"
current_vs_2x_random,78,13,"[0, 1, 2]","[""policy_current"", ""random"", ""random""]","[-2.0, -100.0, 102.0]","[-1.0, -50.0, 51.0]"
current_vs_2x_random,79,13,"[0, 2, 1]","[""policy_current"", ""random"", ""random""]","[-2.0, -100.0, 102.0]","[-1.0, -50.0, 51.0]"
current_vs_2x_random,80,13,"[1, 0, 2]","[""random"", ""policy_current"", ""random""]","[4.0, -2.0, -2.0]","[2.0, -1.0, -1.0]"
current_vs_2x_random,81,13,"[1, 2, 0]","[""random"", ""random"", ""policy_current""]","[2.0, -2.0, 0.0]","[1.0, -1.0, 0.0]"
current_vs_2x_random,82,13,"[2, 0, 1]","[""random"", ""policy_current"", ""random""]","[4.0, -2.0, -2.0]","[2.0, -1.0, -1.0]"
current_vs_2x_random,83,13,"[2, 1, 0]","[""random"", ""random"", ""policy_current""]","[2.0, -2.0, 0.0]","[1.0, -1.0, 0.0]"
current_vs_2x_random,84,14,"[0, 1, 2]","[""policy_current"", ""random"", ""random""]","[-1.0, -8.0, 9.0]","[-0.5, -4.0, 4.5]"
current_vs_2x_random,85,14,"[0, 2, 1]","[""policy_current"", ""random"", ""random""]","[-1.0, -8.0, 9.0]","[-0.5, -4.0, 4.5]"
current_vs_2x_random,86,14,"[1, 0, 2]","[""random"", ""policy_current"", ""random""]","[-1.0, 101.0, -100.0]","[-0.5, 50.5, -50.0]"
current_vs_2x_random,87,14,"[1, 2, 0]","[""random"", ""random"", ""policy_current""]","[-1.0, 101.0, -100.0]","[-0.5, 50.5, -50.0]"
current_vs_2x_random,88,14,"[2, 0, 1]","[""random"", ""policy_current"", ""random""]","[-1.0, 101.0, -100.0]","[-0.5, 50.5, -50.0]"
current_vs_2x_random,89,14,"[2, 1, 0]","[""random"", ""random"", ""policy_current""]","[-1.0, 101.0, -100.0]","[-0.5, 50.5, -50.0]"
current_vs_2x_random,90,15,"[0, 1, 2]","[""policy_current"", ""random"", ""random""]","[-1.0, -2.0, 3.0]","[-0.5, -1.0, 1.5]"
current_vs_2x_random,91,15,"[0, 2, 1]","[""policy_current"", ""random"", ""random""]","[-1.0, -2.0, 3.0]","[-0.5, -1.0, 1.5]"
current_vs_2x_random,92,15,"[1, 0, 2]","[""random"", ""policy_current"", ""random""]","[102.0, -2.0, -100.0]","[51.0, -1.0, -50.0]"
current_vs_2x_random,93,15,"[1, 2, 0]","[""random"", ""random"", ""policy_current""]","[2.0, -2.0, 0.0]","[1.0, -1.0, 0.0]"
current_vs_2x_random,94,15,"[2, 0, 1]","[""random"", ""policy_current"", ""random""]","[102.0, -2.0, -100.0]","[51.0, -1.0, -50.0]"
current_vs_2x_random,95,15,"[2, 1, 0]","[""random"", ""random"", ""policy_current""]","[2.0, -2.0, 0.0]","[1.0, -1.0, 0.0]"
current_vs_2x_random,96,16,"[0, 1, 2]","[""policy_current"", ""random"", ""random""]","[-1.0, 101.0, -100.0]","[-0.5, 50.5, -50.0]"
current_vs_2x_random,97,16,"[0, 2, 1]","[""policy_current"", ""random"", ""random""]","[-1.0, 101.0, -100.0]","[-0.5, 50.5, -50.0]"
current_vs_2x_random,98,16,"[1, 0, 2]","[""random"", ""policy_current"", ""random""]","[-1.0, -2.0, 3.0]","[-0.5, -1.0, 1.5]"
current_vs_2x_random,99,16,"[1, 2, 0]","[""random"", ""random"", ""policy_current""]","[28.0, -2.0, -26.0]","[14.0, -1.0, -13.0]"
current_vs_2x_random,100,16,"[2, 0, 1]","[""random"", ""policy_current"", ""random""]","[-1.0, -2.0, 3.0]","[-0.5, -1.0, 1.5]"
current_vs_2x_random,101,16,"[2, 1, 0]","[""random"", ""random"", ""policy_current""]","[28.0, -2.0, -26.0]","[14.0, -1.0, -13.0]"
current_vs_2x_random,102,17,"[0, 1, 2]","[""policy_current"", ""random"", ""random""]","[-100.0, 102.0, -2.0]","[-50.0, 51.0, -1.0]"
current_vs_2x_random,103,17,"[0, 2, 1]","[""policy_current"", ""random"", ""random""]","[-100.0, 102.0, -2.0]","[-50.0, 51.0, -1.0]"
current_vs_2x_random,104,17,"[1, 0, 2]","[""random"", ""policy_current"", ""random""]","[-14.0, -2.0, 16.0]","[-7.0, -1.0, 8.0]"
current_vs_2x_random,105,17,"[1, 2, 0]","[""random"", ""random"", ""policy_current""]","[2.0, -2.0, 0.0]","[1.0, -1.0, 0.0]"
current_vs_2x_random,106,17,"[2, 0, 1]","[""random"", ""policy_current"", ""random""]","[-14.0, -2.0, 16.0]","[-7.0, -1.0, 8.0]"
current_vs_2x_random,107,17,"[2, 1, 0]","[""random"", ""random"", ""policy_current""]","[2.0, -2.0, 0.0]","[1.0, -1.0, 0.0]"
current_vs_2x_random,108,18,"[0, 1, 2]","[""policy_current"", ""random"", ""random""]","[-100.0, -14.0, 114.0]","[-50.0, -7.0, 57.0]"
current_vs_2x_random,109,18,"[0, 2, 1]","[""policy_current"", ""random"", ""random""]","[-100.0, -14.0, 114.0]","[-50.0, -7.0, 57.0]"
current_vs_2x_random,110,18,"[1, 0, 2]","[""random"", ""policy_current"", ""random""]","[-14.0, -2.0, 16.0]","[-7.0, -1.0, 8.0]"
current_vs_2x_random,111,18,"[1, 2, 0]","[""random"", ""random"", ""policy_current""]","[-100.0, -100.0, 200.0]","[-50.0, -50.0, 100.0]"
current_vs_2x_random,112,18,"[2, 0, 1]","[""random"", ""policy_current"", ""random""]","[-14.0, -2.0, 16.0]","[-7.0, -1.0, 8.0]"
current_vs_2x_random,113,18,"[2, 1, 0]","[""random"", ""random"", ""policy_current""]","[-100.0, -100.0, 200.0]","[-50.0, -50.0, 100.0]"
current_vs_2x_random,114,19,"[0, 1, 2]","[""policy_current"", ""random"", ""random""]","[-1.0, 1.0, 0.0]","[-0.5, 0.5, 0.0]"
current_vs_2x_random,115,19,"[0, 2, 1]","[""policy_current"", ""random"", ""random""]","[-1.0, 1.0, 0.0]","[-0.5, 0.5, 0.0]"
current_vs_2x_random,116,19,"[1, 0, 2]","[""random"", ""policy_current"", ""random""]","[-2.0, 2.0, 0.0]","[-1.0, 1.0, 0.0]"
current_vs_2x_random,117,19,"[1, 2, 0]","[""random"", ""random"", ""policy_current""]","[-1.0, -2.0, 3.0]","[-0.5, -1.0, 1.5]"
current_vs_2x_random,118,19,"[2, 0, 1]","[""random"", ""policy_current"", ""random""]","[-2.0, 2.0, 0.0]","[-1.0, 1.0, 0.0]"
current_vs_2x_random,119,19,"[2, 1, 0]","[""random"", ""random"", ""policy_current""]","[-1.0, -2.0, 3.0]","[-0.5, -1.0, 1.5]"
current_vs_2x_random,120,20,"[0, 1, 2]","[""policy_current"", ""random"", ""random""]","[-1.0, -2.0, 3.0]","[-0.5, -1.0, 1.5]"
current_vs_2x_random,121,20,"[0, 2, 1]","[""policy_current"", ""random"", ""random""]","[-1.0, -2.0, 3.0]","[-0.5, -1.0, 1.5]"
current_vs_2x_random,122,20,"[1, 0, 2]","[""random"", ""policy_current"", ""random""]","[-100.0, -2.0, 102.0]","[-50.0, -1.0, 51.0]"
current_vs_2x_random,123,20,"[1, 2, 0]","[""random"", ""random"", ""policy_current""]","[-100.0, -2.0, 102.0]","[-50.0, -1.0, 51.0]"
current_vs_2x_random,124,20,"[2, 0, 1]","[""random"", ""policy_current"", ""random""]","[-100.0, -2.0, 102.0]","[-50.0, -1.0, 51.0]"
current_vs_2x_random,125,20,"[2, 1, 0]","[""random"", ""random"", ""policy_current""]","[-100.0, -2.0, 102.0]","[-50.0, -1.0, 51.0]"
current_vs_2x_random,126,21,"[0, 1, 2]","[""policy_current"", ""random"", ""random""]","[-1.0, -2.0, 3.0]","[-0.5, -1.0, 1.5]"
current_vs_2x_random,127,21,"[0, 2, 1]","[""policy_current"", ""random"", ""random""]","[-1.0, -2.0, 3.0]","[-0.5, -1.0, 1.5]"
current_vs_2x_random,128,21,"[1, 0, 2]","[""random"", ""policy_current"", ""random""]","[-1.0, -2.0, 3.0]","[-0.5, -1.0, 1.5]"
current_vs_2x_random,129,21,"[1, 2, 0]","[""random"", ""random"", ""policy_current""]","[-100.0, 100.0, 0.0]","[-50.0, 50.0, 0.0]"
current_vs_2x_random,130,21,"[2, 0, 1]","[""random"", ""policy_current"", ""random""]","[-1.0, -2.0, 3.0]","[-0.5, -1.0, 1.5]"
current_vs_2x_random,131,21,"[2, 1, 0]","[""random"", ""random"", ""policy_current""]","[-100.0, 100.0, 0.0]","[-50.0, 50.0, 0.0]"
current_vs_2x_random,132,22,"[0, 1, 2]","[""policy_current"", ""random"", ""random""]","[108.0, -100.0, -8.0]","[54.0, -50.0, -4.0]"
current_vs_2x_random,133,22,"[0, 2, 1]","[""policy_current"", ""random"", ""random""]","[108.0, -100.0, -8.0]","[54.0, -50.0, -4.0]"
current_vs_2x_random,134,22,"[1, 0, 2]","[""random"", ""policy_current"", ""random""]","[200.0, -100.0, -100.0]","[100.0, -50.0, -50.0]"
current_vs_2x_random,135,22,"[1, 2, 0]","[""random"", ""random"", ""policy_current""]","[200.0, -100.0, -100.0]","[100.0, -50.0, -50.0]"
current_vs_2x_random,136,22,"[2, 0, 1]","[""random"", ""policy_current"", ""random""]","[200.0, -100.0, -100.0]","[100.0, -50.0, -50.0]"
current_vs_2x_random,137,22,"[2, 1, 0]","[""random"", ""random"", ""policy_current""]","[200.0, -100.0, -100.0]","[100.0, -50.0, -50.0]"
current_vs_2x_random,138,23,"[0, 1, 2]","[""policy_current"", ""random"", ""random""]","[100.0, -100.0, 0.0]","[50.0, -50.0, 0.0]"
current_vs_2x_random,139,23,"[0, 2, 1]","[""policy_current"", ""random"", ""random""]","[100.0, -100.0, 0.0]","[50.0, -50.0, 0.0]"
current_vs_2x_random,140,23,"[1, 0, 2]","[""random"", ""policy_current"", ""random""]","[-8.0, 8.0, 0.0]","[-4.0, 4.0, 0.0]"
current_vs_2x_random,141,23,"[1, 2, 0]","[""random"", ""random"", ""policy_current""]","[-1.0, 1.0, 0.0]","[-0.5, 0.5, 0.0]"
current_vs_2x_random,142,23,"[2, 0, 1]","[""random"", ""policy_current"", ""random""]","[-8.0, 8.0, 0.0]","[-4.0, 4.0, 0.0]"
current_vs_2x_random,143,23,"[2, 1, 0]","[""random"", ""random"", ""policy_current""]","[-1.0, 1.0, 0.0]","[-0.5, 0.5, 0.0]"
current_vs_2x_random,144,24,"[0, 1, 2]","[""policy_current"", ""random"", ""random""]","[-100.0, 108.0, -8.0]","[-50.0, 54.0, -4.0]"
current_vs_2x_random,145,24,"[0, 2, 1]","[""policy_current"", ""random"", ""random""]","[-100.0, 108.0, -8.0]","[-50.0, 54.0, -4.0]"
current_vs_2x_random,146,24,"[1, 0, 2]","[""random"", ""policy_current"", ""random""]","[-1.0, -2.0, 3.0]","[-0.5, -1.0, 1.5]"
current_vs_2x_random,147,24,"[1, 2, 0]","[""random"", ""random"", ""policy_current""]","[-1.0, 9.0, -8.0]","[-0.5, 4.5, -4.0]"
current_vs_2x_random,148,24,"[2, 0, 1]","[""random"", ""policy_current"", ""random""]","[-1.0, -2.0, 3.0]","[-0.5, -1.0, 1.5]"
current_vs_2x_random,149,24,"[2, 1, 0]","[""random"", ""random"", ""policy_current""]","[-1.0, 9.0, -8.0]","[-0.5, 4.5, -4.0]"
current_vs_2x_random,150,25,"[0, 1, 2]","[""policy_current"", ""random"", ""random""]","[2.0, -2.0, 0.0]","[1.0, -1.0, 0.0]"
current_vs_2x_random,151,25,"[0, 2, 1]","[""policy_current"", ""random"", ""random""]","[2.0, -2.0, 0.0]","[1.0, -1.0, 0.0]"
current_vs_2x_random,152,25,"[1, 0, 2]","[""random"", ""policy_current"", ""random""]","[-20.0, 20.0, 0.0]","[-10.0, 10.0, 0.0]"
current_vs_2x_random,153,25,"[1, 2, 0]","[""random"", ""random"", ""policy_current""]","[2.0, -2.0, 0.0]","[1.0, -1.0, 0.0]"
current_vs_2x_random,154,25,"[2, 0, 1]","[""random"", ""policy_current"", ""random""]","[-20.0, 20.0, 0.0]","[-10.0, 10.0, 0.0]"
current_vs_2x_random,155,25,"[2, 1, 0]","[""random"", ""random"", ""policy_current""]","[2.0, -2.0, 0.0]","[1.0, -1.0, 0.0]"
current_vs_2x_random,156,26,"[0, 1, 2]","[""policy_current"", ""random"", ""random""]","[-1.0, 21.0, -20.0]","[-0.5, 10.5, -10.0]"
current_vs_2x_random,157,26,"[0, 2, 1]","[""policy_current"", ""random"", ""random""]","[-1.0, 21.0, -20.0]","[-0.5, 10.5, -10.0]"
current_vs_2x_random,158,26,"[1, 0, 2]","[""random"", ""policy_current"", ""random""]","[102.0, -2.0, -100.0]","[51.0, -1.0, -50.0]"
current_vs_2x_random,159,26,"[1, 2, 0]","[""random"", ""random"", ""policy_current""]","[14.0, -14.0, 0.0]","[7.0, -7.0, 0.0]"
current_vs_2x_random,160,26,"[2, 0, 1]","[""random"", ""policy_current"", ""random""]","[102.0, -2.0, -100.0]","[51.0, -1.0, -50.0]"
current_vs_2x_random,161,26,"[2, 1, 0]","[""random"", ""random"", ""policy_current""]","[14.0, -14.0, 0.0]","[7.0, -7.0, 0.0]"
current_vs_2x_random,162,27,"[0, 1, 2]","[""policy_current"", ""random"", ""random""]","[200.0, -100.0, -100.0]","[100.0, -50.0, -50.0]"
current_vs_2x_random,163,27,"[0, 2, 1]","[""policy_current"", ""random"", ""random""]","[200.0, -100.0, -100.0]","[100.0, -50.0, -50.0]"
current_vs_2x_random,164,27,"[1, 0, 2]","[""random"", ""policy_current"", ""random""]","[200.0, -100.0, -100.0]","[100.0, -50.0, -50.0]"
current_vs_2x_random,165,27,"[1, 2, 0]","[""random"", ""random"", ""policy_current""]","[100.0, -100.0, 0.0]","[50.0, -50.0, 0.0]"
current_vs_2x_random,166,27,"[2, 0, 1]","[""random"", ""policy_current"", ""random""]","[200.0, -100.0, -100.0]","[100.0, -50.0, -50.0]"
current_vs_2x_random,167,27,"[2, 1, 0]","[""random"", ""random"", ""policy_current""]","[100.0, -100.0, 0.0]","[50.0, -50.0, 0.0]"
current_vs_2x_random,168,28,"[0, 1, 2]","[""policy_current"", ""random"", ""random""]","[-2.0, 102.0, -100.0]","[-1.0, 51.0, -50.0]"
current_vs_2x_random,169,28,"[0, 2, 1]","[""policy_current"", ""random"", ""random""]","[-2.0, 102.0, -100.0]","[-1.0, 51.0, -50.0]"
current_vs_2x_random,170,28,"[1, 0, 2]","[""random"", ""policy_current"", ""random""]","[200.0, -100.0, -100.0]","[100.0, -50.0, -50.0]"
current_vs_2x_random,171,28,"[1, 2, 0]","[""random"", ""random"", ""policy_current""]","[100.0, -100.0, 0.0]","[50.0, -50.0, 0.0]"
current_vs_2x_random,172,28,"[2, 0, 1]","[""random"", ""policy_current"", ""random""]","[200.0, -100.0, -100.0]","[100.0, -50.0, -50.0]"
current_vs_2x_random,173,28,"[2, 1, 0]","[""random"", ""random"", ""policy_current""]","[100.0, -100.0, 0.0]","[50.0, -50.0, 0.0]"
current_vs_2x_random,174,29,"[0, 1, 2]","[""policy_current"", ""random"", ""random""]","[-100.0, 200.0, -100.0]","[-50.0, 100.0, -50.0]"
current_vs_2x_random,175,29,"[0, 2, 1]","[""policy_current"", ""random"", ""random""]","[-100.0, 200.0, -100.0]","[-50.0, 100.0, -50.0]"
current_vs_2x_random,176,29,"[1, 0, 2]","[""random"", ""policy_current"", ""random""]","[-100.0, -8.0, 108.0]","[-50.0, -4.0, 54.0]"
current_vs_2x_random,177,29,"[1, 2, 0]","[""random"", ""random"", ""policy_current""]","[-100.0, 102.0, -2.0]","[-50.0, 51.0, -1.0]"
current_vs_2x_random,178,29,"[2, 0, 1]","[""random"", ""policy_current"", ""random""]","[-100.0, -8.0, 108.0]","[-50.0, -4.0, 54.0]"
current_vs_2x_random,179,29,"[2, 1, 0]","[""random"", ""random"", ""policy_current""]","[-100.0, 102.0, -2.0]","[-50.0, 51.0, -1.0]"
current_vs_2x_random,180,30,"[0, 1, 2]","[""policy_current"", ""random"", ""random""]","[-2.0, 4.0, -2.0]","[-1.0, 2.0, -1.0]"
current_vs_2x_random,181,30,"[0, 2, 1]","[""policy_current"", ""random"", ""random""]","[-2.0, 4.0, -2.0]","[-1.0, 2.0, -1.0]"
current_vs_2x_random,182,30,"[1, 0, 2]","[""random"", ""policy_current"", ""random""]","[-1.0, -100.0, 101.0]","[-0.5, -50.0, 50.5]"
current_vs_2x_random,183,30,"[1, 2, 0]","[""random"", ""random"", ""policy_current""]","[-1.0, 3.0, -2.0]","[-0.5, 1.5, -1.0]"
current_vs_2x_random,184,30,"[2, 0, 1]","[""random"", ""policy_current"", ""random""]","[-1.0, -100.0, 101.0]","[-0.5, -50.0, 50.5]"
current_vs_2x_random,185,30,"[2, 1, 0]","[""random"", ""random"", ""policy_current""]","[-1.0, 3.0, -2.0]","[-0.5, 1.5, -1.0]"
current_vs_2x_random,186,31,"[0, 1, 2]","[""policy_current"", ""random"", ""random""]","[-1.0, 0.5, 0.5]","[-0.5, 0.25, 0.25]"
current_vs_2x_random,187,31,"[0, 2, 1]","[""policy_current"", ""random"", ""random""]","[-1.0, 0.5, 0.5]","[-0.5, 0.25, 0.25]"
current_vs_2x_random,188,31,"[1, 0, 2]","[""random"", ""policy_current"", ""random""]","[102.0, -2.0, -100.0]","[51.0, -1.0, -50.0]"
current_vs_2x_random,189,31,"[1, 2, 0]","[""random"", ""random"", ""policy_current""]","[108.0, -100.0, -8.0]","[54.0, -50.0, -4.0]"
current_vs_2x_random,190,31,"[2, 0, 1]","[""random"", ""policy_current"", ""random""]","[102.0, -2.0, -100.0]","[51.0, -1.0, -50.0]"
current_vs_2x_random,191,31,"[2, 1, 0]","[""random"", ""random"", ""policy_current""]","[108.0, -100.0, -8.0]","[54.0, -50.0, -4.0]"
current_vs_2x_random,192,32,"[0, 1, 2]","[""policy_current"", ""random"", ""random""]","[-1.0, -2.0, 3.0]","[-0.5, -1.0, 1.5]"
current_vs_2x_random,193,32,"[0, 2, 1]","[""policy_current"", ""random"", ""random""]","[-1.0, -2.0, 3.0]","[-0.5, -1.0, 1.5]"
current_vs_2x_random,194,32,"[1, 0, 2]","[""random"", ""policy_current"", ""random""]","[-1.0, -2.0, 3.0]","[-0.5, -1.0, 1.5]"
current_vs_2x_random,195,32,"[1, 2, 0]","[""random"", ""random"", ""policy_current""]","[4.0, -2.0, -2.0]","[2.0, -1.0, -1.0]"
current_vs_2x_random,196,32,"[2, 0, 1]","[""random"", ""policy_current"", ""random""]","[-1.0, -2.0, 3.0]","[-0.5, -1.0, 1.5]"
current_vs_2x_random,197,32,"[2, 1, 0]","[""random"", ""random"", ""policy_current""]","[4.0, -2.0, -2.0]","[2.0, -1.0, -1.0]"
current_vs_2x_random,198,33,"[0, 1, 2]","[""policy_current"", ""random"", ""random""]","[-1.0, 9.0, -8.0]","[-0.5, 4.5, -4.0]"
current_vs_2x_random,199,33,"[0, 2, 1]","[""policy_current"", ""random"", ""random""]","[-1.0, 9.0, -8.0]","[-0.5, 4.5, -4.0]"
current_vs_2x_random,200,33,"[1, 0, 2]","[""random"", ""policy_current"", ""random""]","[-100.0, 200.0, -100.0]","[-50.0, 100.0, -50.0]"
current_vs_2x_random,201,33,"[1, 2, 0]","[""random"", ""random"", ""policy_current""]","[102.0, -2.0, -100.0]","[51.0, -1.0, -50.0]"
current_vs_2x_random,202,33,"[2, 0, 1]","[""random"", ""policy_current"", ""random""]","[-100.0, 200.0, -100.0]","[-50.0, 100.0, -50.0]"
current_vs_2x_random,203,33,"[2, 1, 0]","[""random"", ""random"", ""policy_current""]","[102.0, -2.0, -100.0]","[51.0, -1.0, -50.0]"
current_vs_2x_random,204,34,"[0, 1, 2]","[""policy_current"", ""random"", ""random""]","[34.0, -2.0, -32.0]","[17.0, -1.0, -16.0]"
current_vs_2x_random,205,34,"[0, 2, 1]","[""policy_current"", ""random"", ""random""]","[34.0, -2.0, -32.0]","[17.0, -1.0, -16.0]"
current_vs_2x_random,206,34,"[1, 0, 2]","[""random"", ""policy_current"", ""random""]","[-1.0, -2.0, 3.0]","[-0.5, -1.0, 1.5]"
current_vs_2x_random,207,34,"[1, 2, 0]","[""random"", ""random"", ""policy_current""]","[2.0, -2.0, 0.0]","[1.0, -1.0, 0.0]"
current_vs_2x_random,208,34,"[2, 0, 1]","[""random"", ""policy_current"", ""random""]","[-1.0, -2.0, 3.0]","[-0.5, -1.0, 1.5]"
current_vs_2x_random,209,34,"[2, 1, 0]","[""random"", ""random"", ""policy_current""]","[2.0, -2.0, 0.0]","[1.0, -1.0, 0.0]"
current_vs_2x_random,210,35,"[0, 1, 2]","[""policy_current"", ""random"", ""random""]","[-100.0, -100.0, 200.0]","[-50.0, -50.0, 100.0]"
current_vs_2x_random,211,35,"[0, 2, 1]","[""policy_current"", ""random"", ""random""]","[-100.0, -100.0, 200.0]","[-50.0, -50.0, 100.0]"
current_vs_2x_random,212,35,"[1, 0, 2]","[""random"", ""policy_current"", ""random""]","[-1.0, -2.0, 3.0]","[-0.5, -1.0, 1.5]"
current_vs_2x_random,213,35,"[1, 2, 0]","[""random"", ""random"", ""policy_current""]","[100.0, -100.0, 0.0]","[50.0, -50.0, 0.0]"
current_vs_2x_random,214,35,"[2, 0, 1]","[""random"", ""policy_current"", ""random""]","[-1.0, -2.0, 3.0]","[-0.5, -1.0, 1.5]"
current_vs_2x_random,215,35,"[2, 1, 0]","[""random"", ""random"", ""policy_current""]","[100.0, -100.0, 0.0]","[50.0, -50.0, 0.0]"
current_vs_2x_random,216,36,"[0, 1, 2]","[""policy_current"", ""random"", ""random""]","[-8.0, -2.0, 10.0]","[-4.0, -1.0, 5.0]"
current_vs_2x_random,217,36,"[0, 2, 1]","[""policy_current"", ""random"", ""random""]","[-8.0, -2.0, 10.0]","[-4.0, -1.0, 5.0]"
current_vs_2x_random,218,36,"[1, 0, 2]","[""random"", ""policy_current"", ""random""]","[-100.0, 102.0, -2.0]","[-50.0, 51.0, -1.0]"
current_vs_2x_random,219,36,"[1, 2, 0]","[""random"", ""random"", ""policy_current""]","[-2.0, 2.0, 0.0]","[-1.0, 1.0, 0.0]"
current_vs_2x_random,220,36,"[2, 0, 1]","[""random"", ""policy_current"", ""random""]","[-100.0, 102.0, -2.0]","[-50.0, 51.0, -1.0]"
current_vs_2x_random,221,36,"[2, 1, 0]","[""random"", ""random"", ""policy_current""]","[-2.0, 2.0, 0.0]","[-1.0, 1.0, 0.0]"
current_vs_2x_random,222,37,"[0, 1, 2]","[""policy_current"", ""random"", ""random""]","[-100.0, -100.0, 200.0]","[-50.0, -50.0, 100.0]"
current_vs_2x_random,223,37,"[0, 2, 1]","[""policy_current"", ""random"", ""random""]","[-100.0, -100.0, 200.0]","[-50.0, -50.0, 100.0]"
current_vs_2x_random,224,37,"[1, 0, 2]","[""random"", ""policy_current"", ""random""]","[-100.0, -100.0, 200.0]","[-50.0, -50.0, 100.0]"
current_vs_2x_random,225,37,"[1, 2, 0]","[""random"", ""random"", ""policy_current""]","[-100.0, 100.0, 0.0]","[-50.0, 50.0, 0.0]"
current_vs_2x_random,226,37,"[2, 0, 1]","[""random"", ""policy_current"", ""random""]","[-100.0, -100.0, 200.0]","[-50.0, -50.0, 100.0]"
current_vs_2x_random,227,37,"[2, 1, 0]","[""random"", ""random"", ""policy_current""]","[-100.0, 100.0, 0.0]","[-50.0, 50.0, 0.0]"
current_vs_2x_random,228,38,"[0, 1, 2]","[""policy_current"", ""random"", ""random""]","[-2.0, 2.0, 0.0]","[-1.0, 1.0, 0.0]"
current_vs_2x_random,229,38,"[0, 2, 1]","[""policy_current"", ""random"", ""random""]","[-2.0, 2.0, 0.0]","[-1.0, 1.0, 0.0]"
current_vs_2x_random,230,38,"[1, 0, 2]","[""random"", ""policy_current"", ""random""]","[8.0, -8.0, 0.0]","[4.0, -4.0, 0.0]"
current_vs_2x_random,231,38,"[1, 2, 0]","[""random"", ""random"", ""policy_current""]","[-100.0, 102.0, -2.0]","[-50.0, 51.0, -1.0]"
current_vs_2x_random,232,38,"[2, 0, 1]","[""random"", ""policy_current"", ""random""]","[8.0, -8.0, 0.0]","[4.0, -4.0, 0.0]"
current_vs_2x_random,233,38,"[2, 1, 0]","[""random"", ""random"", ""policy_current""]","[-100.0, 102.0, -2.0]","[-50.0, 51.0, -1.0]"
current_vs_2x_random,234,39,"[0, 1, 2]","[""policy_current"", ""random"", ""random""]","[-1.0, -100.0, 101.0]","[-0.5, -50.0, 50.5]"
current_vs_2x_random,235,39,"[0, 2, 1]","[""policy_current"", ""random"", ""random""]","[-1.0, -100.0, 101.0]","[-0.5, -50.0, 50.5]"
current_vs_2x_random,236,39,"[1, 0, 2]","[""random"", ""policy_current"", ""random""]","[1.0, -2.0, 1.0]","[0.5, -1.0, 0.5]"
current_vs_2x_random,237,39,"[1, 2, 0]","[""random"", ""random"", ""policy_current""]","[100.0, -100.0, 0.0]","[50.0, -50.0, 0.0]"
current_vs_2x_random,238,39,"[2, 0, 1]","[""random"", ""policy_current"", ""random""]","[1.0, -2.0, 1.0]","[0.5, -1.0, 0.5]"
current_vs_2x_random,239,39,"[2, 1, 0]","[""random"", ""random"", ""policy_current""]","[100.0, -100.0, 0.0]","[50.0, -50.0, 0.0]"
current_vs_2x_random,240,40,"[0, 1, 2]","[""policy_current"", ""random"", ""random""]","[100.0, -100.0, 0.0]","[50.0, -50.0, 0.0]"
current_vs_2x_random,241,40,"[0, 2, 1]","[""policy_current"", ""random"", ""random""]","[100.0, -100.0, 0.0]","[50.0, -50.0, 0.0]"
current_vs_2x_random,242,40,"[1, 0, 2]","[""random"", ""policy_current"", ""random""]","[2.0, -2.0, 0.0]","[1.0, -1.0, 0.0]"
current_vs_2x_random,243,40,"[1, 2, 0]","[""random"", ""random"", ""policy_current""]","[108.0, -100.0, -8.0]","[54.0, -50.0, -4.0]"
current_vs_2x_random,244,40,"[2, 0, 1]","[""random"", ""policy_current"", ""random""]","[2.0, -2.0, 0.0]","[1.0, -1.0, 0.0]"
current_vs_2x_random,245,40,"[2, 1, 0]","[""random"", ""random"", ""policy_current""]","[108.0, -100.0, -8.0]","[54.0, -50.0, -4.0]"
current_vs_2x_random,246,41,"[0, 1, 2]","[""policy_current"", ""random"", ""random""]","[-100.0, 200.0, -100.0]","[-50.0, 100.0, -50.0]"
current_vs_2x_random,247,41,"[0, 2, 1]","[""policy_current"", ""random"", ""random""]","[-100.0, 200.0, -100.0]","[-50.0, 100.0, -50.0]"
current_vs_2x_random,248,41,"[1, 0, 2]","[""random"", ""policy_current"", ""random""]","[-1.0, 9.0, -8.0]","[-0.5, 4.5, -4.0]"
current_vs_2x_random,249,41,"[1, 2, 0]","[""random"", ""random"", ""policy_current""]","[-1.0, 1.0, 0.0]","[-0.5, 0.5, 0.0]"
current_vs_2x_random,250,41,"[2, 0, 1]","[""random"", ""policy_current"", ""random""]","[-1.0, 9.0, -8.0]","[-0.5, 4.5, -4.0]"
current_vs_2x_random,251,41,"[2, 1, 0]","[""random"", ""random"", ""policy_current""]","[-1.0, 1.0, 0.0]","[-0.5, 0.5, 0.0]"
current_vs_2x_random,252,42,"[0, 1, 2]","[""policy_current"", ""random"", ""random""]","[-1.0, 1.0, 0.0]","[-0.5, 0.5, 0.0]"
current_vs_2x_random,253,42,"[0, 2, 1]","[""policy_current"", ""random"", ""random""]","[-1.0, 1.0, 0.0]","[-0.5, 0.5, 0.0]"
current_vs_2x_random,254,42,"[1, 0, 2]","[""random"", ""policy_current"", ""random""]","[2.0, -2.0, 0.0]","[1.0, -1.0, 0.0]"
current_vs_2x_random,255,42,"[1, 2, 0]","[""random"", ""random"", ""policy_current""]","[102.0, -100.0, -2.0]","[51.0, -50.0, -1.0]"
current_vs_2x_random,256,42,"[2, 0, 1]","[""random"", ""policy_current"", ""random""]","[2.0, -2.0, 0.0]","[1.0, -1.0, 0.0]"
current_vs_2x_random,257,42,"[2, 1, 0]","[""random"", ""random"", ""policy_current""]","[102.0, -100.0, -2.0]","[51.0, -50.0, -1.0]"
current_vs_2x_random,258,43,"[0, 1, 2]","[""policy_current"", ""random"", ""random""]","[-1.0, -2.0, 3.0]","[-0.5, -1.0, 1.5]"
current_vs_2x_random,259,43,"[0, 2, 1]","[""policy_current"", ""random"", ""random""]","[-1.0, -2.0, 3.0]","[-0.5, -1.0, 1.5]"
current_vs_2x_random,260,43,"[1, 0, 2]","[""random"", ""policy_current"", ""random""]","[102.0, -2.0, -100.0]","[51.0, -1.0, -50.0]"
current_vs_2x_random,261,43,"[1, 2, 0]","[""random"", ""random"", ""policy_current""]","[100.0, -100.0, 0.0]","[50.0, -50.0, 0.0]"
current_vs_2x_random,262,43,"[2, 0, 1]","[""random"", ""policy_current"", ""random""]","[102.0, -2.0, -100.0]","[51.0, -1.0, -50.0]"
current_vs_2x_random,263,43,"[2, 1, 0]","[""random"", ""random"", ""policy_current""]","[100.0, -100.0, 0.0]","[50.0, -50.0, 0.0]"
current_vs_2x_random,264,44,"[0, 1, 2]","[""policy_current"", ""random"", ""random""]","[-1.0, 1.0, 0.0]","[-0.5, 0.5, 0.0]"
current_vs_2x_random,265,44,"[0, 2, 1]","[""policy_current"", ""random"", ""random""]","[-1.0, 1.0, 0.0]","[-0.5, 0.5, 0.0]"
current_vs_2x_random,266,44,"[1, 0, 2]","[""random"", ""policy_current"", ""random""]","[2.0, -2.0, 0.0]","[1.0, -1.0, 0.0]"
current_vs_2x_random,267,44,"[1, 2, 0]","[""random"", ""random"", ""policy_current""]","[-100.0, 100.0, 0.0]","[-50.0, 50.0, 0.0]"
current_vs_2x_random,268,44,"[2, 0, 1]","[""random"", ""policy_current"", ""random""]","[2.0, -2.0, 0.0]","[1.0, -1.0, 0.0]"
current_vs_2x_random,269,44,"[2, 1, 0]","[""random"", ""random"", ""policy_current""]","[-100.0, 100.0, 0.0]","[-50.0, 50.0, 0.0]"
current_vs_2x_random,270,45,"[0, 1, 2]","[""policy_current"", ""random"", ""random""]","[-100.0, -100.0, 200.0]","[-50.0, -50.0, 100.0]"
current_vs_2x_random,271,45,"[0, 2, 1]","[""policy_current"", ""random"", ""random""]","[-100.0, -100.0, 200.0]","[-50.0, -50.0, 100.0]"
current_vs_2x_random,272,45,"[1, 0, 2]","[""random"", ""policy_current"", ""random""]","[-100.0, -100.0, 200.0]","[-50.0, -50.0, 100.0]"
current_vs_2x_random,273,45,"[1, 2, 0]","[""random"", ""random"", ""policy_current""]","[-100.0, 100.0, 0.0]","[-50.0, 50.0, 0.0]"
current_vs_2x_random,274,45,"[2, 0, 1]","[""random"", ""policy_current"", ""random""]","[-100.0, -100.0, 200.0]","[-50.0, -50.0, 100.0]"
current_vs_2x_random,275,45,"[2, 1, 0]","[""random"", ""random"", ""policy_current""]","[-100.0, 100.0, 0.0]","[-50.0, 50.0, 0.0]"
current_vs_2x_random,276,46,"[0, 1, 2]","[""policy_current"", ""random"", ""random""]","[-100.0, 108.0, -8.0]","[-50.0, 54.0, -4.0]"
current_vs_2x_random,277,46,"[0, 2, 1]","[""policy_current"", ""random"", ""random""]","[-100.0, 108.0, -8.0]","[-50.0, 54.0, -4.0]"
current_vs_2x_random,278,46,"[1, 0, 2]","[""random"", ""policy_current"", ""random""]","[-14.0, 22.0, -8.0]","[-7.0, 11.0, -4.0]"
current_vs_2x_random,279,46,"[1, 2, 0]","[""random"", ""random"", ""policy_current""]","[-14.0, -20.0, 34.0]","[-7.0, -10.0, 17.0]"
current_vs_2x_random,280,46,"[2, 0, 1]","[""random"", ""policy_current"", ""random""]","[-14.0, 22.0, -8.0]","[-7.0, 11.0, -4.0]"
current_vs_2x_random,281,46,"[2, 1, 0]","[""random"", ""random"", ""policy_current""]","[-14.0, -20.0, 34.0]","[-7.0, -10.0, 17.0]"
current_vs_2x_random,282,47,"[0, 1, 2]","[""policy_current"", ""random"", ""random""]","[-1.0, 101.0, -100.0]","[-0.5, 50.5, -50.0]"
current_vs_2x_random,283,47,"[0, 2, 1]","[""policy_current"", ""random"", ""random""]","[-1.0, 101.0, -100.0]","[-0.5, 50.5, -50.0]"
current_vs_2x_random,284,47,"[1, 0, 2]","[""random"", ""policy_current"", ""random""]","[4.0, -2.0, -2.0]","[2.0, -1.0, -1.0]"
current_vs_2x_random,285,47,"[1, 2, 0]","[""random"", ""random"", ""policy_current""]","[-1.0, 1.0, 0.0]","[-0.5, 0.5, 0.0]"
current_vs_2x_random,286,47,"[2, 0, 1]","[""random"", ""policy_current"", ""random""]","[4.0, -2.0, -2.0]","[2.0, -1.0, -1.0]"
current_vs_2x_random,287,47,"[2, 1, 0]","[""random"", ""random"", ""policy_current""]","[-1.0, 1.0, 0.0]","[-0.5, 0.5, 0.0]"
current_vs_2x_random,288,48,"[0, 1, 2]","[""policy_current"", ""random"", ""random""]","[-8.0, -100.0, 108.0]","[-4.0, -50.0, 54.0]"
current_vs_2x_random,289,48,"[0, 2, 1]","[""policy_current"", ""random"", ""random""]","[-8.0, -100.0, 108.0]","[-4.0, -50.0, 54.0]"
current_vs_2x_random,290,48,"[1, 0, 2]","[""random"", ""policy_current"", ""random""]","[-100.0, -100.0, 200.0]","[-50.0, -50.0, 100.0]"
current_vs_2x_random,291,48,"[1, 2, 0]","[""random"", ""random"", ""policy_current""]","[-100.0, 100.0, 0.0]","[-50.0, 50.0, 0.0]"
current_vs_2x_random,292,48,"[2, 0, 1]","[""random"", ""policy_current"", ""random""]","[-100.0, -100.0, 200.0]","[-50.0, -50.0, 100.0]"
current_vs_2x_random,293,48,"[2, 1, 0]","[""random"", ""random"", ""policy_current""]","[-100.0, 100.0, 0.0]","[-50.0, 50.0, 0.0]"
current_vs_2x_random,294,49,"[0, 1, 2]","[""policy_current"", ""random"", ""random""]","[-100.0, -2.0, 102.0]","[-50.0, -1.0, 51.0]"
current_vs_2x_random,295,49,"[0, 2, 1]","[""policy_current"", ""random"", ""random""]","[-100.0, -2.0, 102.0]","[-50.0, -1.0, 51.0]"
current_vs_2x_random,296,49,"[1, 0, 2]","[""random"", ""policy_current"", ""random""]","[-1.0, -2.0, 3.0]","[-0.5, -1.0, 1.5]"
current_vs_2x_random,297,49,"[1, 2, 0]","[""random"", ""random"", ""policy_current""]","[2.0, -2.0, 0.0]","[1.0, -1.0, 0.0]"
current_vs_2x_random,298,49,"[2, 0, 1]","[""random"", ""policy_current"", ""random""]","[-1.0, -2.0, 3.0]","[-0.5, -1.0, 1.5]"
current_vs_2x_random,299,49,"[2, 1, 0]","[""random"", ""random"", ""policy_current""]","[2.0, -2.0, 0.0]","[1.0, -1.0, 0.0]"
current_vs_2x_random,300,50,"[0, 1, 2]","[""policy_current"", ""random"", ""random""]","[-1.0, 1.0, 0.0]","[-0.5, 0.5, 0.0]"
current_vs_2x_random,301,50,"[0, 2, 1]","[""policy_current"", ""random"", ""random""]","[-1.0, 1.0, 0.0]","[-0.5, 0.5, 0.0]"
current_vs_2x_random,302,50,"[1, 0, 2]","[""random"", ""policy_current"", ""random""]","[2.0, -2.0, 0.0]","[1.0, -1.0, 0.0]"
current_vs_2x_random,303,50,"[1, 2, 0]","[""random"", ""random"", ""policy_current""]","[-1.0, 101.0, -100.0]","[-0.5, 50.5, -50.0]"
current_vs_2x_random,304,50,"[2, 0, 1]","[""random"", ""policy_current"", ""random""]","[2.0, -2.0, 0.0]","[1.0, -1.0, 0.0]"
current_vs_2x_random,305,50,"[2, 1, 0]","[""random"", ""random"", ""policy_current""]","[-1.0, 101.0, -100.0]","[-0.5, 50.5, -50.0]"
current_vs_2x_random,306,51,"[0, 1, 2]","[""policy_current"", ""random"", ""random""]","[-100.0, -100.0, 200.0]","[-50.0, -50.0, 100.0]"
current_vs_2x_random,307,51,"[0, 2, 1]","[""policy_current"", ""random"", ""random""]","[-100.0, -100.0, 200.0]","[-50.0, -50.0, 100.0]"
current_vs_2x_random,308,51,"[1, 0, 2]","[""random"", ""policy_current"", ""random""]","[-100.0, -100.0, 200.0]","[-50.0, -50.0, 100.0]"
current_vs_2x_random,309,51,"[1, 2, 0]","[""random"", ""random"", ""policy_current""]","[100.0, -100.0, 0.0]","[50.0, -50.0, 0.0]"
current_vs_2x_random,310,51,"[2, 0, 1]","[""random"", ""policy_current"", ""random""]","[-100.0, -100.0, 200.0]","[-50.0, -50.0, 100.0]"
current_vs_2x_random,311,51,"[2, 1, 0]","[""random"", ""random"", ""policy_current""]","[100.0, -100.0, 0.0]","[50.0, -50.0, 0.0]"
current_vs_2x_random,312,52,"[0, 1, 2]","[""policy_current"", ""random"", ""random""]","[10.0, -2.0, -8.0]","[5.0, -1.0, -4.0]"
current_vs_2x_random,313,52,"[0, 2, 1]","[""policy_current"", ""random"", ""random""]","[10.0, -2.0, -8.0]","[5.0, -1.0, -4.0]"
current_vs_2x_random,314,52,"[1, 0, 2]","[""random"", ""policy_current"", ""random""]","[-8.0, -2.0, 10.0]","[-4.0, -1.0, 5.0]"
current_vs_2x_random,315,52,"[1, 2, 0]","[""random"", ""random"", ""policy_current""]","[-1.0, -2.0, 3.0]","[-0.5, -1.0, 1.5]"
current_vs_2x_random,316,52,"[2, 0, 1]","[""random"", ""policy_current"", ""random""]","[-8.0, -2.0, 10.0]","[-4.0, -1.0, 5.0]"
current_vs_2x_random,317,52,"[2, 1, 0]","[""random"", ""random"", ""policy_current""]","[-1.0, -2.0, 3.0]","[-0.5, -1.0, 1.5]"
current_vs_2x_random,318,53,"[0, 1, 2]","[""policy_current"", ""random"", ""random""]","[-1.0, -2.0, 3.0]","[-0.5, -1.0, 1.5]"
current_vs_2x_random,319,53,"[0, 2, 1]","[""policy_current"", ""random"", ""random""]","[-1.0, -2.0, 3.0]","[-0.5, -1.0, 1.5]"
current_vs_2x_random,320,53,"[1, 0, 2]","[""random"", ""policy_current"", ""random""]","[102.0, -2.0, -100.0]","[51.0, -1.0, -50.0]"
current_vs_2x_random,321,53,"[1, 2, 0]","[""random"", ""random"", ""policy_current""]","[2.0, -2.0, 0.0]","[1.0, -1.0, 0.0]"
current_vs_2x_random,322,53,"[2, 0, 1]","[""random"", ""policy_current"", ""random""]","[102.0, -2.0, -100.0]","[51.0, -1.0, -50.0]"
current_vs_2x_random,323,53,"[2, 1, 0]","[""random"", ""random"", ""policy_current""]","[2.0, -2.0, 0.0]","[1.0, -1.0, 0.0]"
current_vs_2x_random,324,54,"[0, 1, 2]","[""policy_current"", ""random"", ""random""]","[102.0, -2.0, -100.0]","[51.0, -1.0, -50.0]"
current_vs_2x_random,325,54,"[0, 2, 1]","[""policy_current"", ""random"", ""random""]","[102.0, -2.0, -100.0]","[51.0, -1.0, -50.0]"
current_vs_2x_random,326,54,"[1, 0, 2]","[""random"", ""policy_current"", ""random""]","[-1.0, -2.0, 3.0]","[-0.5, -1.0, 1.5]"
current_vs_2x_random,327,54,"[1, 2, 0]","[""random"", ""random"", ""policy_current""]","[2.0, -2.0, 0.0]","[1.0, -1.0, 0.0]"
current_vs_2x_random,328,54,"[2, 0, 1]","[""random"", ""policy_current"", ""random""]","[-1.0, -2.0, 3.0]","[-0.5, -1.0, 1.5]"
current_vs_2x_random,329,54,"[2, 1, 0]","[""random"", ""random"", ""policy_current""]","[2.0, -2.0, 0.0]","[1.0, -1.0, 0.0]"
current_vs_2x_random,330,55,"[0, 1, 2]","[""policy_current"", ""random"", ""random""]","[-1.0, 27.0, -26.0]","[-0.5, 13.5, -13.0]"
current_vs_2x_random,331,55,"[0, 2, 1]","[""policy_current"", ""random"", ""random""]","[-1.0, 27.0, -26.0]","[-0.5, 13.5, -13.0]"
current_vs_2x_random,332,55,"[1, 0, 2]","[""random"", ""policy_current"", ""random""]","[-26.0, -20.0, 46.0]","[-13.0, -10.0, 23.0]"
current_vs_2x_random,333,55,"[1, 2, 0]","[""random"", ""random"", ""policy_current""]","[-100.0, 200.0, -100.0]","[-50.0, 100.0, -50.0]"
current_vs_2x_random,334,55,"[2, 0, 1]","[""random"", ""policy_current"", ""random""]","[-26.0, -20.0, 46.0]","[-13.0, -10.0, 23.0]"
current_vs_2x_random,335,55,"[2, 1, 0]","[""random"", ""random"", ""policy_current""]","[-100.0, 200.0, -100.0]","[-50.0, 100.0, -50.0]"
current_vs_2x_random,336,56,"[0, 1, 2]","[""policy_current"", ""random"", ""random""]","[200.0, -100.0, -100.0]","[100.0, -50.0, -50.0]"
current_vs_2x_random,337,56,"[0, 2, 1]","[""policy_current"", ""random"", ""random""]","[200.0, -100.0, -100.0]","[100.0, -50.0, -50.0]"
current_vs_2x_random,338,56,"[1, 0, 2]","[""random"", ""policy_current"", ""random""]","[200.0, -100.0, -100.0]","[100.0, -50.0, -50.0]"
current_vs_2x_random,339,56,"[1, 2, 0]","[""random"", ""random"", ""policy_current""]","[100.0, -100.0, 0.0]","[50.0, -50.0, 0.0]"
current_vs_2x_random,340,56,"[2, 0, 1]","[""random"", ""policy_current"", ""random""]","[200.0, -100.0, -100.0]","[100.0, -50.0, -50.0]"
current_vs_2x_random,341,56,"[2, 1, 0]","[""random"", ""random"", ""policy_current""]","[100.0, -100.0, 0.0]","[50.0, -50.0, 0.0]"
current_vs_2x_random,342,57,"[0, 1, 2]","[""policy_current"", ""random"", ""random""]","[-1.0, -100.0, 101.0]","[-0.5, -50.0, 50.5]"
current_vs_2x_random,343,57,"[0, 2, 1]","[""policy_current"", ""random"", ""random""]","[-1.0, -100.0, 101.0]","[-0.5, -50.0, 50.5]"
current_vs_2x_random,344,57,"[1, 0, 2]","[""random"", ""policy_current"", ""random""]","[-100.0, -100.0, 200.0]","[-50.0, -50.0, 100.0]"
current_vs_2x_random,345,57,"[1, 2, 0]","[""random"", ""random"", ""policy_current""]","[100.0, -100.0, 0.0]","[50.0, -50.0, 0.0]"
current_vs_2x_random,346,57,"[2, 0, 1]","[""random"", ""policy_current"", ""random""]","[-100.0, -100.0, 200.0]","[-50.0, -50.0, 100.0]"
current_vs_2x_random,347,57,"[2, 1, 0]","[""random"", ""random"", ""policy_current""]","[100.0, -100.0, 0.0]","[50.0, -50.0, 0.0]"
current_vs_2x_random,348,58,"[0, 1, 2]","[""policy_current"", ""random"", ""random""]","[-100.0, 108.0, -8.0]","[-50.0, 54.0, -4.0]"
current_vs_2x_random,349,58,"[0, 2, 1]","[""policy_current"", ""random"", ""random""]","[-100.0, 108.0, -8.0]","[-50.0, 54.0, -4.0]"
current_vs_2x_random,350,58,"[1, 0, 2]","[""random"", ""policy_current"", ""random""]","[10.0, -2.0, -8.0]","[5.0, -1.0, -4.0]"
current_vs_2x_random,351,58,"[1, 2, 0]","[""random"", ""random"", ""policy_current""]","[4.0, -2.0, -2.0]","[2.0, -1.0, -1.0]"
current_vs_2x_random,352,58,"[2, 0, 1]","[""random"", ""policy_current"", ""random""]","[10.0, -2.0, -8.0]","[5.0, -1.0, -4.0]"
current_vs_2x_random,353,58,"[2, 1, 0]","[""random"", ""random"", ""policy_current""]","[4.0, -2.0, -2.0]","[2.0, -1.0, -1.0]"
current_vs_2x_random,354,59,"[0, 1, 2]","[""policy_current"", ""random"", ""random""]","[-1.0, 1.0, 0.0]","[-0.5, 0.5, 0.0]"
current_vs_2x_random,355,59,"[0, 2, 1]","[""policy_current"", ""random"", ""random""]","[-1.0, 1.0, 0.0]","[-0.5, 0.5, 0.0]"
current_vs_2x_random,356,59,"[1, 0, 2]","[""random"", ""policy_current"", ""random""]","[2.0, -2.0, 0.0]","[1.0, -1.0, 0.0]"
current_vs_2x_random,357,59,"[1, 2, 0]","[""random"", ""random"", ""policy_current""]","[-100.0, 100.0, 0.0]","[-50.0, 50.0, 0.0]"
current_vs_2x_random,358,59,"[2, 0, 1]","[""random"", ""policy_current"", ""random""]","[2.0, -2.0, 0.0]","[1.0, -1.0, 0.0]"
current_vs_2x_random,359,59,"[2, 1, 0]","[""random"", ""random"", ""policy_current""]","[-100.0, 100.0, 0.0]","[-50.0, 50.0, 0.0]"
current_vs_2x_random,360,60,"[0, 1, 2]","[""policy_current"", ""random"", ""random""]","[-100.0, 200.0, -100.0]","[-50.0, 100.0, -50.0]"
current_vs_2x_random,361,60,"[0, 2, 1]","[""policy_current"", ""random"", ""random""]","[-100.0, 200.0, -100.0]","[-50.0, 100.0, -50.0]"
current_vs_2x_random,362,60,"[1, 0, 2]","[""random"", ""policy_current"", ""random""]","[102.0, -2.0, -100.0]","[51.0, -1.0, -50.0]"
current_vs_2x_random,363,60,"[1, 2, 0]","[""random"", ""random"", ""policy_current""]","[-100.0, 100.0, 0.0]","[-50.0, 50.0, 0.0]"
current_vs_2x_random,364,60,"[2, 0, 1]","[""random"", ""policy_current"", ""random""]","[102.0, -2.0, -100.0]","[51.0, -1.0, -50.0]"
current_vs_2x_random,365,60,"[2, 1, 0]","[""random"", ""random"", ""policy_current""]","[-100.0, 100.0, 0.0]","[-50.0, 50.0, 0.0]"
current_vs_2x_random,366,61,"[0, 1, 2]","[""policy_current"", ""random"", ""random""]","[-1.0, -100.0, 101.0]","[-0.5, -50.0, 50.5]"
current_vs_2x_random,367,61,"[0, 2, 1]","[""policy_current"", ""random"", ""random""]","[-1.0, -100.0, 101.0]","[-0.5, -50.0, 50.5]"
current_vs_2x_random,368,61,"[1, 0, 2]","[""random"", ""policy_current"", ""random""]","[102.0, -2.0, -100.0]","[51.0, -1.0, -50.0]"
current_vs_2x_random,369,61,"[1, 2, 0]","[""random"", ""random"", ""policy_current""]","[200.0, -100.0, -100.0]","[100.0, -50.0, -50.0]"
current_vs_2x_random,370,61,"[2, 0, 1]","[""random"", ""policy_current"", ""random""]","[102.0, -2.0, -100.0]","[51.0, -1.0, -50.0]"
current_vs_2x_random,371,61,"[2, 1, 0]","[""random"", ""random"", ""policy_current""]","[200.0, -100.0, -100.0]","[100.0, -50.0, -50.0]"
current_vs_2x_random,372,62,"[0, 1, 2]","[""policy_current"", ""random"", ""random""]","[-1.0, -2.0, 3.0]","[-0.5, -1.0, 1.5]"
current_vs_2x_random,373,62,"[0, 2, 1]","[""policy_current"", ""random"", ""random""]","[-1.0, -2.0, 3.0]","[-0.5, -1.0, 1.5]"
current_vs_2x_random,374,62,"[1, 0, 2]","[""random"", ""policy_current"", ""random""]","[-100.0, -2.0, 102.0]","[-50.0, -1.0, 51.0]"
current_vs_2x_random,375,62,"[1, 2, 0]","[""random"", ""random"", ""policy_current""]","[-100.0, 108.0, -8.0]","[-50.0, 54.0, -4.0]"
current_vs_2x_random,376,62,"[2, 0, 1]","[""random"", ""policy_current"", ""random""]","[-100.0, -2.0, 102.0]","[-50.0, -1.0, 51.0]"
current_vs_2x_random,377,62,"[2, 1, 0]","[""random"", ""random"", ""policy_current""]","[-100.0, 108.0, -8.0]","[-50.0, 54.0, -4.0]"
current_vs_2x_random,378,63,"[0, 1, 2]","[""policy_current"", ""random"", ""random""]","[-1.0, 101.0, -100.0]","[-0.5, 50.5, -50.0]"
current_vs_2x_random,379,63,"[0, 2, 1]","[""policy_current"", ""random"", ""random""]","[-1.0, 101.0, -100.0]","[-0.5, 50.5, -50.0]"
current_vs_2x_random,380,63,"[1, 0, 2]","[""random"", ""policy_current"", ""random""]","[102.0, -2.0, -100.0]","[51.0, -1.0, -50.0]"
current_vs_2x_random,381,63,"[1, 2, 0]","[""random"", ""random"", ""policy_current""]","[-1.0, 101.0, -100.0]","[-0.5, 50.5, -50.0]"
current_vs_2x_random,382,63,"[2, 0, 1]","[""random"", ""policy_current"", ""random""]","[102.0, -2.0, -100.0]","[51.0, -1.0, -50.0]"
current_vs_2x_random,383,63,"[2, 1, 0]","[""random"", ""random"", ""policy_current""]","[-1.0, 101.0, -100.0]","[-0.5, 50.5, -50.0]"
current_vs_2x_random,384,64,"[0, 1, 2]","[""policy_current"", ""random"", ""random""]","[-1.0, 101.0, -100.0]","[-0.5, 50.5, -50.0]"
current_vs_2x_random,385,64,"[0, 2, 1]","[""policy_current"", ""random"", ""random""]","[-1.0, 101.0, -100.0]","[-0.5, 50.5, -50.0]"
current_vs_2x_random,386,64,"[1, 0, 2]","[""random"", ""policy_current"", ""random""]","[-1.0, -2.0, 3.0]","[-0.5, -1.0, 1.5]"
current_vs_2x_random,387,64,"[1, 2, 0]","[""random"", ""random"", ""policy_current""]","[2.0, -2.0, 0.0]","[1.0, -1.0, 0.0]"
current_vs_2x_random,388,64,"[2, 0, 1]","[""random"", ""policy_current"", ""random""]","[-1.0, -2.0, 3.0]","[-0.5, -1.0, 1.5]"
current_vs_2x_random,389,64,"[2, 1, 0]","[""random"", ""random"", ""policy_current""]","[2.0, -2.0, 0.0]","[1.0, -1.0, 0.0]"
current_vs_2x_random,390,65,"[0, 1, 2]","[""policy_current"", ""random"", ""random""]","[-1.0, 101.0, -100.0]","[-0.5, 50.5, -50.0]"
current_vs_2x_random,391,65,"[0, 2, 1]","[""policy_current"", ""random"", ""random""]","[-1.0, 101.0, -100.0]","[-0.5, 50.5, -50.0]"
current_vs_2x_random,392,65,"[1, 0, 2]","[""random"", ""policy_current"", ""random""]","[-1.0, 21.0, -20.0]","[-0.5, 10.5, -10.0]"
current_vs_2x_random,393,65,"[1, 2, 0]","[""random"", ""random"", ""policy_current""]","[102.0, -2.0, -100.0]","[51.0, -1.0, -50.0]"
current_vs_2x_random,394,65,"[2, 0, 1]","[""random"", ""policy_current"", ""random""]","[-1.0, 21.0, -20.0]","[-0.5, 10.5, -10.0]"
current_vs_2x_random,395,65,"[2, 1, 0]","[""random"", ""random"", ""policy_current""]","[102.0, -2.0, -100.0]","[51.0, -1.0, -50.0]"
current_vs_2x_random,396,66,"[0, 1, 2]","[""policy_current"", ""random"", ""random""]","[10.0, -2.0, -8.0]","[5.0, -1.0, -4.0]"
current_vs_2x_random,397,66,"[0, 2, 1]","[""policy_current"", ""random"", ""random""]","[10.0, -2.0, -8.0]","[5.0, -1.0, -4.0]"
current_vs_2x_random,398,66,"[1, 0, 2]","[""random"", ""policy_current"", ""random""]","[-1.0, -2.0, 3.0]","[-0.5, -1.0, 1.5]"
current_vs_2x_random,399,66,"[1, 2, 0]","[""random"", ""random"", ""policy_current""]","[16.0, -2.0, -14.0]","[8.0, -1.0, -7.0]"
current_vs_2x_random,400,66,"[2, 0, 1]","[""random"", ""policy_current"", ""random""]","[-1.0, -2.0, 3.0]","[-0.5, -1.0, 1.5]"
current_vs_2x_random,401,66,"[2, 1, 0]","[""random"", ""random"", ""policy_current""]","[16.0, -2.0, -14.0]","[8.0, -1.0, -7.0]"
current_vs_2x_random,402,67,"[0, 1, 2]","[""policy_current"", ""random"", ""random""]","[-20.0, 40.0, -20.0]","[-10.0, 20.0, -10.0]"
current_vs_2x_random,403,67,"[0, 2, 1]","[""policy_current"", ""random"", ""random""]","[-20.0, 40.0, -20.0]","[-10.0, 20.0, -10.0]"
current_vs_2x_random,404,67,"[1, 0, 2]","[""random"", ""policy_current"", ""random""]","[102.0, -2.0, -100.0]","[51.0, -1.0, -50.0]"
current_vs_2x_random,405,67,"[1, 2, 0]","[""random"", ""random"", ""policy_current""]","[100.0, -100.0, 0.0]","[50.0, -50.0, 0.0]"
current_vs_2x_random,406,67,"[2, 0, 1]","[""random"", ""policy_current"", ""random""]","[102.0, -2.0, -100.0]","[51.0, -1.0, -50.0]"
current_vs_2x_random,407,67,"[2, 1, 0]","[""random"", ""random"", ""policy_current""]","[100.0, -100.0, 0.0]","[50.0, -50.0, 0.0]"
current_vs_2x_random,408,68,"[0, 1, 2]","[""policy_current"", ""random"", ""random""]","[-1.0, 1.0, 0.0]","[-0.5, 0.5, 0.0]"
current_vs_2x_random,409,68,"[0, 2, 1]","[""policy_current"", ""random"", ""random""]","[-1.0, 1.0, 0.0]","[-0.5, 0.5, 0.0]"
current_vs_2x_random,410,68,"[1, 0, 2]","[""random"", ""policy_current"", ""random""]","[-1.0, 1.0, 0.0]","[-0.5, 0.5, 0.0]"
current_vs_2x_random,411,68,"[1, 2, 0]","[""random"", ""random"", ""policy_current""]","[-1.0, 1.0, 0.0]","[-0.5, 0.5, 0.0]"
current_vs_2x_random,412,68,"[2, 0, 1]","[""random"", ""policy_current"", ""random""]","[-1.0, 1.0, 0.0]","[-0.5, 0.5, 0.0]"
current_vs_2x_random,413,68,"[2, 1, 0]","[""random"", ""random"", ""policy_current""]","[-1.0, 1.0, 0.0]","[-0.5, 0.5, 0.0]"
current_vs_2x_random,414,69,"[0, 1, 2]","[""policy_current"", ""random"", ""random""]","[-1.0, 33.0, -32.0]","[-0.5, 16.5, -16.0]"
current_vs_2x_random,415,69,"[0, 2, 1]","[""policy_current"", ""random"", ""random""]","[-1.0, 33.0, -32.0]","[-0.5, 16.5, -16.0]"
current_vs_2x_random,416,69,"[1, 0, 2]","[""random"", ""policy_current"", ""random""]","[10.0, -2.0, -8.0]","[5.0, -1.0, -4.0]"
current_vs_2x_random,417,69,"[1, 2, 0]","[""random"", ""random"", ""policy_current""]","[26.0, -26.0, 0.0]","[13.0, -13.0, 0.0]"
current_vs_2x_random,418,69,"[2, 0, 1]","[""random"", ""policy_current"", ""random""]","[10.0, -2.0, -8.0]","[5.0, -1.0, -4.0]"
current_vs_2x_random,419,69,"[2, 1, 0]","[""random"", ""random"", ""policy_current""]","[26.0, -26.0, 0.0]","[13.0, -13.0, 0.0]"
current_vs_2x_random,420,70,"[0, 1, 2]","[""policy_current"", ""random"", ""random""]","[-1.0, -100.0, 101.0]","[-0.5, -50.0, 50.5]"
current_vs_2x_random,421,70,"[0, 2, 1]","[""policy_current"", ""random"", ""random""]","[-1.0, -100.0, 101.0]","[-0.5, -50.0, 50.5]"
current_vs_2x_random,422,70,"[1, 0, 2]","[""random"", ""policy_current"", ""random""]","[-1.0, -2.0, 3.0]","[-0.5, -1.0, 1.5]"
current_vs_2x_random,423,70,"[1, 2, 0]","[""random"", ""random"", ""policy_current""]","[-1.0, -100.0, 101.0]","[-0.5, -50.0, 50.5]"
current_vs_2x_random,424,70,"[2, 0, 1]","[""random"", ""policy_current"", ""random""]","[-1.0, -2.0, 3.0]","[-0.5, -1.0, 1.5]"
current_vs_2x_random,425,70,"[2, 1, 0]","[""random"", ""random"", ""policy_current""]","[-1.0, -100.0, 101.0]","[-0.5, -50.0, 50.5]"
current_vs_2x_random,426,71,"[0, 1, 2]","[""policy_current"", ""random"", ""random""]","[-1.0, 3.0, -2.0]","[-0.5, 1.5, -1.0]"
current_vs_2x_random,427,71,"[0, 2, 1]","[""policy_current"", ""random"", ""random""]","[-1.0, 3.0, -2.0]","[-0.5, 1.5, -1.0]"
current_vs_2x_random,428,71,"[1, 0, 2]","[""random"", ""policy_current"", ""random""]","[102.0, -100.0, -2.0]","[51.0, -50.0, -1.0]"
current_vs_2x_random,429,71,"[1, 2, 0]","[""random"", ""random"", ""policy_current""]","[-1.0, 1.0, 0.0]","[-0.5, 0.5, 0.0]"
current_vs_2x_random,430,71,"[2, 0, 1]","[""random"", ""policy_current"", ""random""]","[102.0, -100.0, -2.0]","[51.0, -50.0, -1.0]"
current_vs_2x_random,431,71,"[2, 1, 0]","[""random"", ""random"", ""policy_current""]","[-1.0, 1.0, 0.0]","[-0.5, 0.5, 0.0]"
current_vs_2x_random,432,72,"[0, 1, 2]","[""policy_current"", ""random"", ""random""]","[-1.0, 1.0, 0.0]","[-0.5, 0.5, 0.0]"
current_vs_2x_random,433,72,"[0, 2, 1]","[""policy_current"", ""random"", ""random""]","[-1.0, 1.0, 0.0]","[-0.5, 0.5, 0.0]"
current_vs_2x_random,434,72,"[1, 0, 2]","[""random"", ""policy_current"", ""random""]","[2.0, -2.0, 0.0]","[1.0, -1.0, 0.0]"
current_vs_2x_random,435,72,"[1, 2, 0]","[""random"", ""random"", ""policy_current""]","[-1.0, 9.0, -8.0]","[-0.5, 4.5, -4.0]"
current_vs_2x_random,436,72,"[2, 0, 1]","[""random"", ""policy_current"", ""random""]","[2.0, -2.0, 0.0]","[1.0, -1.0, 0.0]"
current_vs_2x_random,437,72,"[2, 1, 0]","[""random"", ""random"", ""policy_current""]","[-1.0, 9.0, -8.0]","[-0.5, 4.5, -4.0]"
current_vs_2x_random,438,73,"[0, 1, 2]","[""policy_current"", ""random"", ""random""]","[-1.0, 9.0, -8.0]","[-0.5, 4.5, -4.0]"
current_vs_2x_random,439,73,"[0, 2, 1]","[""policy_current"", ""random"", ""random""]","[-1.0, 9.0, -8.0]","[-0.5, 4.5, -4.0]"
current_vs_2x_random,440,73,"[1, 0, 2]","[""random"", ""policy_current"", ""random""]","[-8.0, -14.0, 22.0]","[-4.0, -7.0, 11.0]"
current_vs_2x_random,441,73,"[1, 2, 0]","[""random"", ""random"", ""policy_current""]","[-1.0, 101.0, -100.0]","[-0.5, 50.5, -50.0]"
current_vs_2x_random,442,73,"[2, 0, 1]","[""random"", ""policy_current"", ""random""]","[-8.0, -14.0, 22.0]","[-4.0, -7.0, 11.0]"
current_vs_2x_random,443,73,"[2, 1, 0]","[""random"", ""random"", ""policy_current""]","[-1.0, 101.0, -100.0]","[-0.5, 50.5, -50.0]"
current_vs_2x_random,444,74,"[0, 1, 2]","[""policy_current"", ""random"", ""random""]","[-1.0, -100.0, 101.0]","[-0.5, -50.0, 50.5]"
current_vs_2x_random,445,74,"[0, 2, 1]","[""policy_current"", ""random"", ""random""]","[-1.0, -100.0, 101.0]","[-0.5, -50.0, 50.5]"
current_vs_2x_random,446,74,"[1, 0, 2]","[""random"", ""policy_current"", ""random""]","[-100.0, -2.0, 102.0]","[-50.0, -1.0, 51.0]"
current_vs_2x_random,447,74,"[1, 2, 0]","[""random"", ""random"", ""policy_current""]","[-100.0, -100.0, 200.0]","[-50.0, -50.0, 100.0]"
current_vs_2x_random,448,74,"[2, 0, 1]","[""random"", ""policy_current"", ""random""]","[-100.0, -2.0, 102.0]","[-50.0, -1.0, 51.0]"
current_vs_2x_random,449,74,"[2, 1, 0]","[""random"", ""random"", ""policy_current""]","[-100.0, -100.0, 200.0]","[-50.0, -50.0, 100.0]"
current_vs_2x_random,450,75,"[0, 1, 2]","[""policy_current"", ""random"", ""random""]","[-100.0, -2.0, 102.0]","[-50.0, -1.0, 51.0]"
current_vs_2x_random,451,75,"[0, 2, 1]","[""policy_current"", ""random"", ""random""]","[-100.0, -2.0, 102.0]","[-50.0, -1.0, 51.0]"
current_vs_2x_random,452,75,"[1, 0, 2]","[""random"", ""policy_current"", ""random""]","[4.0, -2.0, -2.0]","[2.0, -1.0, -1.0]"
current_vs_2x_random,453,75,"[1, 2, 0]","[""random"", ""random"", ""policy_current""]","[-8.0, 16.0, -8.0]","[-4.0, 8.0, -4.0]"
current_vs_2x_random,454,75,"[2, 0, 1]","[""random"", ""policy_current"", ""random""]","[4.0, -2.0, -2.0]","[2.0, -1.0, -1.0]"
current_vs_2x_random,455,75,"[2, 1, 0]","[""random"", ""random"", ""policy_current""]","[-8.0, 16.0, -8.0]","[-4.0, 8.0, -4.0]"
current_vs_2x_random,456,76,"[0, 1, 2]","[""policy_current"", ""random"", ""random""]","[-1.0, -2.0, 3.0]","[-0.5, -1.0, 1.5]"
current_vs_2x_random,457,76,"[0, 2, 1]","[""policy_current"", ""random"", ""random""]","[-1.0, -2.0, 3.0]","[-0.5, -1.0, 1.5]"
current_vs_2x_random,458,76,"[1, 0, 2]","[""random"", ""policy_current"", ""random""]","[1.0, -2.0, 1.0]","[0.5, -1.0, 0.5]"
current_vs_2x_random,459,76,"[1, 2, 0]","[""random"", ""random"", ""policy_current""]","[-2.0, 2.0, 0.0]","[-1.0, 1.0, 0.0]"
current_vs_2x_random,460,76,"[2, 0, 1]","[""random"", ""policy_current"", ""random""]","[1.0, -2.0, 1.0]","[0.5, -1.0, 0.5]"
current_vs_2x_random,461,76,"[2, 1, 0]","[""random"", ""random"", ""policy_current""]","[-2.0, 2.0, 0.0]","[-1.0, 1.0, 0.0]"
current_vs_2x_random,462,77,"[0, 1, 2]","[""policy_current"", ""random"", ""random""]","[102.0, -100.0, -2.0]","[51.0, -50.0, -1.0]"
current_vs_2x_random,463,77,"[0, 2, 1]","[""policy_current"", ""random"", ""random""]","[102.0, -100.0, -2.0]","[51.0, -50.0, -1.0]"
current_vs_2x_random,464,77,"[1, 0, 2]","[""random"", ""policy_current"", ""random""]","[16.0, -14.0, -2.0]","[8.0, -7.0, -1.0]"
current_vs_2x_random,465,77,"[1, 2, 0]","[""random"", ""random"", ""policy_current""]","[-2.0, 2.0, 0.0]","[-1.0, 1.0, 0.0]"
current_vs_2x_random,466,77,"[2, 0, 1]","[""random"", ""policy_current"", ""random""]","[16.0, -14.0, -2.0]","[8.0, -7.0, -1.0]"
current_vs_2x_random,467,77,"[2, 1, 0]","[""random"", ""random"", ""policy_current""]","[-2.0, 2.0, 0.0]","[-1.0, 1.0, 0.0]"
current_vs_2x_random,468,78,"[0, 1, 2]","[""policy_current"", ""random"", ""random""]","[-8.0, -14.0, 22.0]","[-4.0, -7.0, 11.0]"
current_vs_2x_random,469,78,"[0, 2, 1]","[""policy_current"", ""random"", ""random""]","[-8.0, -14.0, 22.0]","[-4.0, -7.0, 11.0]"
current_vs_2x_random,470,78,"[1, 0, 2]","[""random"", ""policy_current"", ""random""]","[22.0, -8.0, -14.0]","[11.0, -4.0, -7.0]"
current_vs_2x_random,471,78,"[1, 2, 0]","[""random"", ""random"", ""policy_current""]","[-8.0, -14.0, 22.0]","[-4.0, -7.0, 11.0]"
current_vs_2x_random,472,78,"[2, 0, 1]","[""random"", ""policy_current"", ""random""]","[22.0, -8.0, -14.0]","[11.0, -4.0, -7.0]"
current_vs_2x_random,473,78,"[2, 1, 0]","[""random"", ""random"", ""policy_current""]","[-8.0, -14.0, 22.0]","[-4.0, -7.0, 11.0]"
current_vs_2x_random,474,79,"[0, 1, 2]","[""policy_current"", ""random"", ""random""]","[-1.0, -100.0, 101.0]","[-0.5, -50.0, 50.5]"
current_vs_2x_random,475,79,"[0, 2, 1]","[""policy_current"", ""random"", ""random""]","[-1.0, -100.0, 101.0]","[-0.5, -50.0, 50.5]"
current_vs_2x_random,476,79,"[1, 0, 2]","[""random"", ""policy_current"", ""random""]","[-100.0, -100.0, 200.0]","[-50.0, -50.0, 100.0]"
current_vs_2x_random,477,79,"[1, 2, 0]","[""random"", ""random"", ""policy_current""]","[0.0, 0.0, 0.0]","[0.0, 0.0, 0.0]"
current_vs_2x_random,478,79,"[2, 0, 1]","[""random"", ""policy_current"", ""random""]","[-100.0, -100.0, 200.0]","[-50.0, -50.0, 100.0]"
current_vs_2x_random,479,79,"[2, 1, 0]","[""random"", ""random"", ""policy_current""]","[0.0, 0.0, 0.0]","[0.0, 0.0, 0.0]"
current_vs_2x_random,480,80,"[0, 1, 2]","[""policy_current"", ""random"", ""random""]","[-1.0, -2.0, 3.0]","[-0.5, -1.0, 1.5]"
current_vs_2x_random,481,80,"[0, 2, 1]","[""policy_current"", ""random"", ""random""]","[-1.0, -2.0, 3.0]","[-0.5, -1.0, 1.5]"
current_vs_2x_random,482,80,"[1, 0, 2]","[""random"", ""policy_current"", ""random""]","[-1.0, -2.0, 3.0]","[-0.5, -1.0, 1.5]"
current_vs_2x_random,483,80,"[1, 2, 0]","[""random"", ""random"", ""policy_current""]","[-20.0, -2.0, 22.0]","[-10.0, -1.0, 11.0]"
current_vs_2x_random,484,80,"[2, 0, 1]","[""random"", ""policy_current"", ""random""]","[-1.0, -2.0, 3.0]","[-0.5, -1.0, 1.5]"
current_vs_2x_random,485,80,"[2, 1, 0]","[""random"", ""random"", ""policy_current""]","[-20.0, -2.0, 22.0]","[-10.0, -1.0, 11.0]"
current_vs_2x_random,486,81,"[0, 1, 2]","[""policy_current"", ""random"", ""random""]","[-1.0, -2.0, 3.0]","[-0.5, -1.0, 1.5]"
current_vs_2x_random,487,81,"[0, 2, 1]","[""policy_current"", ""random"", ""random""]","[-1.0, -2.0, 3.0]","[-0.5, -1.0, 1.5]"
current_vs_2x_random,488,81,"[1, 0, 2]","[""random"", ""policy_current"", ""random""]","[10.0, -8.0, -2.0]","[5.0, -4.0, -1.0]"
current_vs_2x_random,489,81,"[1, 2, 0]","[""random"", ""random"", ""policy_current""]","[4.0, -2.0, -2.0]","[2.0, -1.0, -1.0]"
current_vs_2x_random,490,81,"[2, 0, 1]","[""random"", ""policy_current"", ""random""]","[10.0, -8.0, -2.0]","[5.0, -4.0, -1.0]"
current_vs_2x_random,491,81,"[2, 1, 0]","[""random"", ""random"", ""policy_current""]","[4.0, -2.0, -2.0]","[2.0, -1.0, -1.0]"
current_vs_2x_random,492,82,"[0, 1, 2]","[""policy_current"", ""random"", ""random""]","[-1.0, 101.0, -100.0]","[-0.5, 50.5, -50.0]"
current_vs_2x_random,493,82,"[0, 2, 1]","[""policy_current"", ""random"", ""random""]","[-1.0, 101.0, -100.0]","[-0.5, 50.5, -50.0]"
current_vs_2x_random,494,82,"[1, 0, 2]","[""random"", ""policy_current"", ""random""]","[-2.0, -8.0, 10.0]","[-1.0, -4.0, 5.0]"
current_vs_2x_random,495,82,"[1, 2, 0]","[""random"", ""random"", ""policy_current""]","[-100.0, 108.0, -8.0]","[-50.0, 54.0, -4.0]"
current_vs_2x_random,496,82,"[2, 0, 1]","[""random"", ""policy_current"", ""random""]","[-2.0, -8.0, 10.0]","[-1.0, -4.0, 5.0]"
current_vs_2x_random,497,82,"[2, 1, 0]","[""random"", ""random"", ""policy_current""]","[-100.0, 108.0, -8.0]","[-50.0, 54.0, -4.0]"
current_vs_2x_random,498,83,"[0, 1, 2]","[""policy_current"", ""random"", ""random""]","[102.0, -100.0, -2.0]","[51.0, -50.0, -1.0]"
current_vs_2x_random,499,83,"[0, 2, 1]","[""policy_current"", ""random"", ""random""]","[102.0, -100.0, -2.0]","[51.0, -50.0, -1.0]"
current_vs_2x_random,500,83,"[1, 0, 2]","[""random"", ""policy_current"", ""random""]","[4.0, -2.0, -2.0]","[2.0, -1.0, -1.0]"
current_vs_2x_random,501,83,"[1, 2, 0]","[""random"", ""random"", ""policy_current""]","[2.0, -2.0, 0.0]","[1.0, -1.0, 0.0]"
current_vs_2x_random,502,83,"[2, 0, 1]","[""random"", ""policy_current"", ""random""]","[4.0, -2.0, -2.0]","[2.0, -1.0, -1.0]"
current_vs_2x_random,503,83,"[2, 1, 0]","[""random"", ""random"", ""policy_current""]","[2.0, -2.0, 0.0]","[1.0, -1.0, 0.0]"
current_vs_2x_random,504,84,"[0, 1, 2]","[""policy_current"", ""random"", ""random""]","[-1.0, 101.0, -100.0]","[-0.5, 50.5, -50.0]"
current_vs_2x_random,505,84,"[0, 2, 1]","[""policy_current"", ""random"", ""random""]","[-1.0, 101.0, -100.0]","[-0.5, 50.5, -50.0]"
current_vs_2x_random,506,84,"[1, 0, 2]","[""random"", ""policy_current"", ""random""]","[-1.0, 101.0, -100.0]","[-0.5, 50.5, -50.0]"
current_vs_2x_random,507,84,"[1, 2, 0]","[""random"", ""random"", ""policy_current""]","[102.0, -2.0, -100.0]","[51.0, -1.0, -50.0]"
current_vs_2x_random,508,84,"[2, 0, 1]","[""random"", ""policy_current"", ""random""]","[-1.0, 101.0, -100.0]","[-0.5, 50.5, -50.0]"
current_vs_2x_random,509,84,"[2, 1, 0]","[""random"", ""random"", ""policy_current""]","[102.0, -2.0, -100.0]","[51.0, -1.0, -50.0]"
current_vs_2x_random,510,85,"[0, 1, 2]","[""policy_current"", ""random"", ""random""]","[-1.0, -2.0, 3.0]","[-0.5, -1.0, 1.5]"
current_vs_2x_random,511,85,"[0, 2, 1]","[""policy_current"", ""random"", ""random""]","[-1.0, -2.0, 3.0]","[-0.5, -1.0, 1.5]"
current_vs_2x_random,512,85,"[1, 0, 2]","[""random"", ""policy_current"", ""random""]","[-100.0, -2.0, 102.0]","[-50.0, -1.0, 51.0]"
current_vs_2x_random,513,85,"[1, 2, 0]","[""random"", ""random"", ""policy_current""]","[2.0, -2.0, 0.0]","[1.0, -1.0, 0.0]"
current_vs_2x_random,514,85,"[2, 0, 1]","[""random"", ""policy_current"", ""random""]","[-100.0, -2.0, 102.0]","[-50.0, -1.0, 51.0]"
current_vs_2x_random,515,85,"[2, 1, 0]","[""random"", ""random"", ""policy_current""]","[2.0, -2.0, 0.0]","[1.0, -1.0, 0.0]"
current_vs_2x_random,516,86,"[0, 1, 2]","[""policy_current"", ""random"", ""random""]","[-1.0, -100.0, 101.0]","[-0.5, -50.0, 50.5]"
current_vs_2x_random,517,86,"[0, 2, 1]","[""policy_current"", ""random"", ""random""]","[-1.0, -100.0, 101.0]","[-0.5, -50.0, 50.5]"
current_vs_2x_random,518,86,"[1, 0, 2]","[""random"", ""policy_current"", ""random""]","[-100.0, -100.0, 200.0]","[-50.0, -50.0, 100.0]"
current_vs_2x_random,519,86,"[1, 2, 0]","[""random"", ""random"", ""policy_current""]","[-8.0, 8.0, 0.0]","[-4.0, 4.0, 0.0]"
current_vs_2x_random,520,86,"[2, 0, 1]","[""random"", ""policy_current"", ""random""]","[-100.0, -100.0, 200.0]","[-50.0, -50.0, 100.0]"
current_vs_2x_random,521,86,"[2, 1, 0]","[""random"", ""random"", ""policy_current""]","[-8.0, 8.0, 0.0]","[-4.0, 4.0, 0.0]"
current_vs_2x_random,522,87,"[0, 1, 2]","[""policy_current"", ""random"", ""random""]","[-100.0, 100.0, 0.0]","[-50.0, 50.0, 0.0]"
current_vs_2x_random,523,87,"[0, 2, 1]","[""policy_current"", ""random"", ""random""]","[-100.0, 100.0, 0.0]","[-50.0, 50.0, 0.0]"
current_vs_2x_random,524,87,"[1, 0, 2]","[""random"", ""policy_current"", ""random""]","[-100.0, 100.0, 0.0]","[-50.0, 50.0, 0.0]"
current_vs_2x_random,525,87,"[1, 2, 0]","[""random"", ""random"", ""policy_current""]","[-100.0, 100.0, 0.0]","[-50.0, 50.0, 0.0]"
current_vs_2x_random,526,87,"[2, 0, 1]","[""random"", ""policy_current"", ""random""]","[-100.0, 100.0, 0.0]","[-50.0, 50.0, 0.0]"
current_vs_2x_random,527,87,"[2, 1, 0]","[""random"", ""random"", ""policy_current""]","[-100.0, 100.0, 0.0]","[-50.0, 50.0, 0.0]"
current_vs_2x_random,528,88,"[0, 1, 2]","[""policy_current"", ""random"", ""random""]","[-1.0, 3.0, -2.0]","[-0.5, 1.5, -1.0]"
current_vs_2x_random,529,88,"[0, 2, 1]","[""policy_current"", ""random"", ""random""]","[-1.0, 3.0, -2.0]","[-0.5, 1.5, -1.0]"
current_vs_2x_random,530,88,"[1, 0, 2]","[""random"", ""policy_current"", ""random""]","[102.0, -100.0, -2.0]","[51.0, -50.0, -1.0]"
current_vs_2x_random,531,88,"[1, 2, 0]","[""random"", ""random"", ""policy_current""]","[-100.0, -8.0, 108.0]","[-50.0, -4.0, 54.0]"
current_vs_2x_random,532,88,"[2, 0, 1]","[""random"", ""policy_current"", ""random""]","[102.0, -100.0, -2.0]","[51.0, -50.0, -1.0]"
current_vs_2x_random,533,88,"[2, 1, 0]","[""random"", ""random"", ""policy_current""]","[-100.0, -8.0, 108.0]","[-50.0, -4.0, 54.0]"
current_vs_2x_random,534,89,"[0, 1, 2]","[""policy_current"", ""random"", ""random""]","[200.0, -100.0, -100.0]","[100.0, -50.0, -50.0]"
current_vs_2x_random,535,89,"[0, 2, 1]","[""policy_current"", ""random"", ""random""]","[200.0, -100.0, -100.0]","[100.0, -50.0, -50.0]"
current_vs_2x_random,536,89,"[1, 0, 2]","[""random"", ""policy_current"", ""random""]","[4.0, -2.0, -2.0]","[2.0, -1.0, -1.0]"
current_vs_2x_random,537,89,"[1, 2, 0]","[""random"", ""random"", ""policy_current""]","[100.0, -100.0, 0.0]","[50.0, -50.0, 0.0]"
current_vs_2x_random,538,89,"[2, 0, 1]","[""random"", ""policy_current"", ""random""]","[4.0, -2.0, -2.0]","[2.0, -1.0, -1.0]"
current_vs_2x_random,539,89,"[2, 1, 0]","[""random"", ""random"", ""policy_current""]","[100.0, -100.0, 0.0]","[50.0, -50.0, 0.0]"
current_vs_2x_random,540,90,"[0, 1, 2]","[""policy_current"", ""random"", ""random""]","[-8.0, -2.0, 10.0]","[-4.0, -1.0, 5.0]"
current_vs_2x_random,541,90,"[0, 2, 1]","[""policy_current"", ""random"", ""random""]","[-8.0, -2.0, 10.0]","[-4.0, -1.0, 5.0]"
current_vs_2x_random,542,90,"[1, 0, 2]","[""random"", ""policy_current"", ""random""]","[102.0, -2.0, -100.0]","[51.0, -1.0, -50.0]"
current_vs_2x_random,543,90,"[1, 2, 0]","[""random"", ""random"", ""policy_current""]","[2.0, -2.0, 0.0]","[1.0, -1.0, 0.0]"
current_vs_2x_random,544,90,"[2, 0, 1]","[""random"", ""policy_current"", ""random""]","[102.0, -2.0, -100.0]","[51.0, -1.0, -50.0]"
current_vs_2x_random,545,90,"[2, 1, 0]","[""random"", ""random"", ""policy_current""]","[2.0, -2.0, 0.0]","[1.0, -1.0, 0.0]"
current_vs_2x_random,546,91,"[0, 1, 2]","[""policy_current"", ""random"", ""random""]","[-1.0, 1.0, 0.0]","[-0.5, 0.5, 0.0]"
current_vs_2x_random,547,91,"[0, 2, 1]","[""policy_current"", ""random"", ""random""]","[-1.0, 1.0, 0.0]","[-0.5, 0.5, 0.0]"
current_vs_2x_random,548,91,"[1, 0, 2]","[""random"", ""policy_current"", ""random""]","[14.0, -14.0, 0.0]","[7.0, -7.0, 0.0]"
current_vs_2x_random,549,91,"[1, 2, 0]","[""random"", ""random"", ""policy_current""]","[-1.0, -2.0, 3.0]","[-0.5, -1.0, 1.5]"
current_vs_2x_random,550,91,"[2, 0, 1]","[""random"", ""policy_current"", ""random""]","[14.0, -14.0, 0.0]","[7.0, -7.0, 0.0]"
current_vs_2x_random,551,91,"[2, 1, 0]","[""random"", ""random"", ""policy_current""]","[-1.0, -2.0, 3.0]","[-0.5, -1.0, 1.5]"
current_vs_2x_random,552,92,"[0, 1, 2]","[""policy_current"", ""random"", ""random""]","[200.0, -100.0, -100.0]","[100.0, -50.0, -50.0]"
current_vs_2x_random,553,92,"[0, 2, 1]","[""policy_current"", ""random"", ""random""]","[200.0, -100.0, -100.0]","[100.0, -50.0, -50.0]"
current_vs_2x_random,554,92,"[1, 0, 2]","[""random"", ""policy_current"", ""random""]","[102.0, -2.0, -100.0]","[51.0, -1.0, -50.0]"
current_vs_2x_random,555,92,"[1, 2, 0]","[""random"", ""random"", ""policy_current""]","[100.0, -100.0, 0.0]","[50.0, -50.0, 0.0]"
current_vs_2x_random,556,92,"[2, 0, 1]","[""random"", ""policy_current"", ""random""]","[102.0, -2.0, -100.0]","[51.0, -1.0, -50.0]"
current_vs_2x_random,557,92,"[2, 1, 0]","[""random"", ""random"", ""policy_current""]","[100.0, -100.0, 0.0]","[50.0, -50.0, 0.0]"
current_vs_2x_random,558,93,"[0, 1, 2]","[""policy_current"", ""random"", ""random""]","[-1.0, 3.0, -2.0]","[-0.5, 1.5, -1.0]"
current_vs_2x_random,559,93,"[0, 2, 1]","[""policy_current"", ""random"", ""random""]","[-1.0, 3.0, -2.0]","[-0.5, 1.5, -1.0]"
current_vs_2x_random,560,93,"[1, 0, 2]","[""random"", ""policy_current"", ""random""]","[-100.0, 102.0, -2.0]","[-50.0, 51.0, -1.0]"
current_vs_2x_random,561,93,"[1, 2, 0]","[""random"", ""random"", ""policy_current""]","[-100.0, 100.0, 0.0]","[-50.0, 50.0, 0.0]"
current_vs_2x_random,562,93,"[2, 0, 1]","[""random"", ""policy_current"", ""random""]","[-100.0, 102.0, -2.0]","[-50.0, 51.0, -1.0]"
current_vs_2x_random,563,93,"[2, 1, 0]","[""random"", ""random"", ""policy_current""]","[-100.0, 100.0, 0.0]","[-50.0, 50.0, 0.0]"
current_vs_2x_random,564,94,"[0, 1, 2]","[""policy_current"", ""random"", ""random""]","[0.0, 0.0, 0.0]","[0.0, 0.0, 0.0]"
current_vs_2x_random,565,94,"[0, 2, 1]","[""policy_current"", ""random"", ""random""]","[0.0, 0.0, 0.0]","[0.0, 0.0, 0.0]"
current_vs_2x_random,566,94,"[1, 0, 2]","[""random"", ""policy_current"", ""random""]","[-2.0, 2.0, 0.0]","[-1.0, 1.0, 0.0]"
current_vs_2x_random,567,94,"[1, 2, 0]","[""random"", ""random"", ""policy_current""]","[-1.0, 101.0, -100.0]","[-0.5, 50.5, -50.0]"
current_vs_2x_random,568,94,"[2, 0, 1]","[""random"", ""policy_current"", ""random""]","[-2.0, 2.0, 0.0]","[-1.0, 1.0, 0.0]"
current_vs_2x_random,569,94,"[2, 1, 0]","[""random"", ""random"", ""policy_current""]","[-1.0, 101.0, -100.0]","[-0.5, 50.5, -50.0]"
current_vs_2x_random,570,95,"[0, 1, 2]","[""policy_current"", ""random"", ""random""]","[102.0, -2.0, -100.0]","[51.0, -1.0, -50.0]"
current_vs_2x_random,571,95,"[0, 2, 1]","[""policy_current"", ""random"", ""random""]","[102.0, -2.0, -100.0]","[51.0, -1.0, -50.0]"
current_vs_2x_random,572,95,"[1, 0, 2]","[""random"", ""policy_current"", ""random""]","[-1.0, -2.0, 3.0]","[-0.5, -1.0, 1.5]"
current_vs_2x_random,573,95,"[1, 2, 0]","[""random"", ""random"", ""policy_current""]","[100.0, -100.0, 0.0]","[50.0, -50.0, 0.0]"
current_vs_2x_random,574,95,"[2, 0, 1]","[""random"", ""policy_current"", ""random""]","[-1.0, -2.0, 3.0]","[-0.5, -1.0, 1.5]"
current_vs_2x_random,575,95,"[2, 1, 0]","[""random"", ""random"", ""policy_current""]","[100.0, -100.0, 0.0]","[50.0, -50.0, 0.0]"
current_vs_2x_random,576,96,"[0, 1, 2]","[""policy_current"", ""random"", ""random""]","[102.0, -2.0, -100.0]","[51.0, -1.0, -50.0]"
current_vs_2x_random,577,96,"[0, 2, 1]","[""policy_current"", ""random"", ""random""]","[102.0, -2.0, -100.0]","[51.0, -1.0, -50.0]"
current_vs_2x_random,578,96,"[1, 0, 2]","[""random"", ""policy_current"", ""random""]","[102.0, -2.0, -100.0]","[51.0, -1.0, -50.0]"
current_vs_2x_random,579,96,"[1, 2, 0]","[""random"", ""random"", ""policy_current""]","[-2.0, 4.0, -2.0]","[-1.0, 2.0, -1.0]"
current_vs_2x_random,580,96,"[2, 0, 1]","[""random"", ""policy_current"", ""random""]","[102.0, -2.0, -100.0]","[51.0, -1.0, -50.0]"
current_vs_2x_random,581,96,"[2, 1, 0]","[""random"", ""random"", ""policy_current""]","[-2.0, 4.0, -2.0]","[-1.0, 2.0, -1.0]"
current_vs_2x_random,582,97,"[0, 1, 2]","[""policy_current"", ""random"", ""random""]","[-2.0, 2.0, 0.0]","[-1.0, 1.0, 0.0]"
current_vs_2x_random,583,97,"[0, 2, 1]","[""policy_current"", ""random"", ""random""]","[-2.0, 2.0, 0.0]","[-1.0, 1.0, 0.0]"
current_vs_2x_random,584,97,"[1, 0, 2]","[""random"", ""policy_current"", ""random""]","[2.0, -2.0, 0.0]","[1.0, -1.0, 0.0]"
current_vs_2x_random,585,97,"[1, 2, 0]","[""random"", ""random"", ""policy_current""]","[-1.0, 101.0, -100.0]","[-0.5, 50.5, -50.0]"
current_vs_2x_random,586,97,"[2, 0, 1]","[""random"", ""policy_current"", ""random""]","[2.0, -2.0, 0.0]","[1.0, -1.0, 0.0]"
current_vs_2x_random,587,97,"[2, 1, 0]","[""random"", ""random"", ""policy_current""]","[-1.0, 101.0, -100.0]","[-0.5, 50.5, -50.0]"
current_vs_2x_random,588,98,"[0, 1, 2]","[""policy_current"", ""random"", ""random""]","[-100.0, -8.0, 108.0]","[-50.0, -4.0, 54.0]"
current_vs_2x_random,589,98,"[0, 2, 1]","[""policy_current"", ""random"", ""random""]","[-100.0, -8.0, 108.0]","[-50.0, -4.0, 54.0]"
current_vs_2x_random,590,98,"[1, 0, 2]","[""random"", ""policy_current"", ""random""]","[4.0, -2.0, -2.0]","[2.0, -1.0, -1.0]"
current_vs_2x_random,591,98,"[1, 2, 0]","[""random"", ""random"", ""policy_current""]","[-100.0, 100.0, 0.0]","[-50.0, 50.0, 0.0]"
current_vs_2x_random,592,98,"[2, 0, 1]","[""random"", ""policy_current"", ""random""]","[4.0, -2.0, -2.0]","[2.0, -1.0, -1.0]"
current_vs_2x_random,593,98,"[2, 1, 0]","[""random"", ""random"", ""policy_current""]","[-100.0, 100.0, 0.0]","[-50.0, 50.0, 0.0]"
current_vs_2x_random,594,99,"[0, 1, 2]","[""policy_current"", ""random"", ""random""]","[4.0, -2.0, -2.0]","[2.0, -1.0, -1.0]"
current_vs_2x_random,595,99,"[0, 2, 1]","[""policy_current"", ""random"", ""random""]","[4.0, -2.0, -2.0]","[2.0, -1.0, -1.0]"
current_vs_2x_random,596,99,"[1, 0, 2]","[""random"", ""policy_current"", ""random""]","[-2.0, 4.0, -2.0]","[-1.0, 2.0, -1.0]"
current_vs_2x_random,597,99,"[1, 2, 0]","[""random"", ""random"", ""policy_current""]","[-2.0, 2.0, 0.0]","[-1.0, 1.0, 0.0]"
current_vs_2x_random,598,99,"[2, 0, 1]","[""random"", ""policy_current"", ""random""]","[-2.0, 4.0, -2.0]","[-1.0, 2.0, -1.0]"
current_vs_2x_random,599,99,"[2, 1, 0]","[""random"", ""random"", ""policy_current""]","[-2.0, 2.0, 0.0]","[-1.0, 1.0, 0.0]"
current_vs_2x_calling_station,600,0,"[0, 1, 2]","[""policy_current"", ""calling_station"", ""calling_station""]","[-1.0, 3.0, -2.0]","[-0.5, 1.5, -1.0]"
current_vs_2x_calling_station,601,0,"[0, 2, 1]","[""policy_current"", ""calling_station"", ""calling_station""]","[-1.0, 3.0, -2.0]","[-0.5, 1.5, -1.0]"
current_vs_2x_calling_station,602,0,"[1, 0, 2]","[""calling_station"", ""policy_current"", ""calling_station""]","[-100.0, 200.0, -100.0]","[-50.0, 100.0, -50.0]"
current_vs_2x_calling_station,603,0,"[1, 2, 0]","[""calling_station"", ""calling_station"", ""policy_current""]","[-2.0, 2.0, 0.0]","[-1.0, 1.0, 0.0]"
current_vs_2x_calling_station,604,0,"[2, 0, 1]","[""calling_station"", ""policy_current"", ""calling_station""]","[-100.0, 200.0, -100.0]","[-50.0, 100.0, -50.0]"
current_vs_2x_calling_station,605,0,"[2, 1, 0]","[""calling_station"", ""calling_station"", ""policy_current""]","[-2.0, 2.0, 0.0]","[-1.0, 1.0, 0.0]"
current_vs_2x_calling_station,606,1,"[0, 1, 2]","[""policy_current"", ""calling_station"", ""calling_station""]","[-1.0, -2.0, 3.0]","[-0.5, -1.0, 1.5]"
current_vs_2x_calling_station,607,1,"[0, 2, 1]","[""policy_current"", ""calling_station"", ""calling_station""]","[-1.0, -2.0, 3.0]","[-0.5, -1.0, 1.5]"
current_vs_2x_calling_station,608,1,"[1, 0, 2]","[""calling_station"", ""policy_current"", ""calling_station""]","[-14.0, -14.0, 28.0]","[-7.0, -7.0, 14.0]"
current_vs_2x_calling_station,609,1,"[1, 2, 0]","[""calling_station"", ""calling_station"", ""policy_current""]","[-100.0, -100.0, 200.0]","[-50.0, -50.0, 100.0]"
current_vs_2x_calling_station,610,1,"[2, 0, 1]","[""calling_station"", ""policy_current"", ""calling_station""]","[-14.0, -14.0, 28.0]","[-7.0, -7.0, 14.0]"
current_vs_2x_calling_station,611,1,"[2, 1, 0]","[""calling_station"", ""calling_station"", ""policy_current""]","[-100.0, -100.0, 200.0]","[-50.0, -50.0, 100.0]"
current_vs_2x_calling_station,612,2,"[0, 1, 2]","[""policy_current"", ""calling_station"", ""calling_station""]","[-1.0, 0.5, 0.5]","[-0.5, 0.25, 0.25]"
current_vs_2x_calling_station,613,2,"[0, 2, 1]","[""policy_current"", ""calling_station"", ""calling_station""]","[-1.0, 0.5, 0.5]","[-0.5, 0.25, 0.25]"
current_vs_2x_calling_station,614,2,"[1, 0, 2]","[""calling_station"", ""policy_current"", ""calling_station""]","[-100.0, 50.0, 50.0]","[-50.0, 25.0, 25.0]"
current_vs_2x_calling_station,615,2,"[1, 2, 0]","[""calling_station"", ""calling_station"", ""policy_current""]","[-2.0, 2.0, 0.0]","[-1.0, 1.0, 0.0]"
current_vs_2x_calling_station,616,2,"[2, 0, 1]","[""calling_station"", ""policy_current"", ""calling_station""]","[-100.0, 50.0, 50.0]","[-50.0, 25.0, 25.0]"
current_vs_2x_calling_station,617,2,"[2, 1, 0]","[""calling_station"", ""calling_station"", ""policy_current""]","[-2.0, 2.0, 0.0]","[-1.0, 1.0, 0.0]"
current_vs_2x_calling_station,618,3,"[0, 1, 2]","[""policy_current"", ""calling_station"", ""calling_station""]","[-14.0, -14.0, 28.0]","[-7.0, -7.0, 14.0]"
current_vs_2x_calling_station,619,3,"[0, 2, 1]","[""policy_current"", ""calling_station"", ""calling_station""]","[-14.0, -14.0, 28.0]","[-7.0, -7.0, 14.0]"
current_vs_2x_calling_station,620,3,"[1, 0, 2]","[""calling_station"", ""policy_current"", ""calling_station""]","[-100.0, -100.0, 200.0]","[-50.0, -50.0, 100.0]"
current_vs_2x_calling_station,621,3,"[1, 2, 0]","[""calling_station"", ""calling_station"", ""policy_current""]","[-2.0, 2.0, 0.0]","[-1.0, 1.0, 0.0]"
current_vs_2x_calling_station,622,3,"[2, 0, 1]","[""calling_station"", ""policy_current"", ""calling_station""]","[-100.0, -100.0, 200.0]","[-50.0, -50.0, 100.0]"
current_vs_2x_calling_station,623,3,"[2, 1, 0]","[""calling_station"", ""calling_station"", ""policy_current""]","[-2.0, 2.0, 0.0]","[-1.0, 1.0, 0.0]"
current_vs_2x_calling_station,624,4,"[0, 1, 2]","[""policy_current"", ""calling_station"", ""calling_station""]","[200.0, -100.0, -100.0]","[100.0, -50.0, -50.0]"
current_vs_2x_calling_station,625,4,"[0, 2, 1]","[""policy_current"", ""calling_station"", ""calling_station""]","[200.0, -100.0, -100.0]","[100.0, -50.0, -50.0]"
current_vs_2x_calling_station,626,4,"[1, 0, 2]","[""calling_station"", ""policy_current"", ""calling_station""]","[200.0, -100.0, -100.0]","[100.0, -50.0, -50.0]"
current_vs_2x_calling_station,627,4,"[1, 2, 0]","[""calling_station"", ""calling_station"", ""policy_current""]","[2.0, -2.0, 0.0]","[1.0, -1.0, 0.0]"
current_vs_2x_calling_station,628,4,"[2, 0, 1]","[""calling_station"", ""policy_current"", ""calling_station""]","[200.0, -100.0, -100.0]","[100.0, -50.0, -50.0]"
current_vs_2x_calling_station,629,4,"[2, 1, 0]","[""calling_station"", ""calling_station"", ""policy_current""]","[2.0, -2.0, 0.0]","[1.0, -1.0, 0.0]"
current_vs_2x_calling_station,630,5,"[0, 1, 2]","[""policy_current"", ""calling_station"", ""calling_station""]","[-100.0, -100.0, 200.0]","[-50.0, -50.0, 100.0]"
current_vs_2x_calling_station,631,5,"[0, 2, 1]","[""policy_current"", ""calling_station"", ""calling_station""]","[-100.0, -100.0, 200.0]","[-50.0, -50.0, 100.0]"
current_vs_2x_calling_station,632,5,"[1, 0, 2]","[""calling_station"", ""policy_current"", ""calling_station""]","[-100.0, -100.0, 200.0]","[-50.0, -50.0, 100.0]"
current_vs_2x_calling_station,633,5,"[1, 2, 0]","[""calling_station"", ""calling_station"", ""policy_current""]","[-100.0, -100.0, 200.0]","[-50.0, -50.0, 100.0]"
current_vs_2x_calling_station,634,5,"[2, 0, 1]","[""calling_station"", ""policy_current"", ""calling_station""]","[-100.0, -100.0, 200.0]","[-50.0, -50.0, 100.0]"
current_vs_2x_calling_station,635,5,"[2, 1, 0]","[""calling_station"", ""calling_station"", ""policy_current""]","[-100.0, -100.0, 200.0]","[-50.0, -50.0, 100.0]"
current_vs_2x_calling_station,636,6,"[0, 1, 2]","[""policy_current"", ""calling_station"", ""calling_station""]","[200.0, -100.0, -100.0]","[100.0, -50.0, -50.0]"
current_vs_2x_calling_station,637,6,"[0, 2, 1]","[""policy_current"", ""calling_station"", ""calling_station""]","[200.0, -100.0, -100.0]","[100.0, -50.0, -50.0]"
current_vs_2x_calling_station,638,6,"[1, 0, 2]","[""calling_station"", ""policy_current"", ""calling_station""]","[200.0, -100.0, -100.0]","[100.0, -50.0, -50.0]"
current_vs_2x_calling_station,639,6,"[1, 2, 0]","[""calling_station"", ""calling_station"", ""policy_current""]","[2.0, -2.0, 0.0]","[1.0, -1.0, 0.0]"
current_vs_2x_calling_station,640,6,"[2, 0, 1]","[""calling_station"", ""policy_current"", ""calling_station""]","[200.0, -100.0, -100.0]","[100.0, -50.0, -50.0]"
current_vs_2x_calling_station,641,6,"[2, 1, 0]","[""calling_station"", ""calling_station"", ""policy_current""]","[2.0, -2.0, 0.0]","[1.0, -1.0, 0.0]"
current_vs_2x_calling_station,642,7,"[0, 1, 2]","[""policy_current"", ""calling_station"", ""calling_station""]","[-1.0, 3.0, -2.0]","[-0.5, 1.5, -1.0]"
current_vs_2x_calling_station,643,7,"[0, 2, 1]","[""policy_current"", ""calling_station"", ""calling_station""]","[-1.0, 3.0, -2.0]","[-0.5, 1.5, -1.0]"
current_vs_2x_calling_station,644,7,"[1, 0, 2]","[""calling_station"", ""policy_current"", ""calling_station""]","[-100.0, 200.0, -100.0]","[-50.0, 100.0, -50.0]"
current_vs_2x_calling_station,645,7,"[1, 2, 0]","[""calling_station"", ""calling_station"", ""policy_current""]","[-100.0, 200.0, -100.0]","[-50.0, 100.0, -50.0]"
current_vs_2x_calling_station,646,7,"[2, 0, 1]","[""calling_station"", ""policy_current"", ""calling_station""]","[-100.0, 200.0, -100.0]","[-50.0, 100.0, -50.0]"
current_vs_2x_calling_station,647,7,"[2, 1, 0]","[""calling_station"", ""calling_station"", ""policy_current""]","[-100.0, 200.0, -100.0]","[-50.0, 100.0, -50.0]"
current_vs_2x_calling_station,648,8,"[0, 1, 2]","[""policy_current"", ""calling_station"", ""calling_station""]","[-1.0, -14.0, 15.0]","[-0.5, -7.0, 7.5]"
current_vs_2x_calling_station,649,8,"[0, 2, 1]","[""policy_current"", ""calling_station"", ""calling_station""]","[-1.0, -14.0, 15.0]","[-0.5, -7.0, 7.5]"
current_vs_2x_calling_station,650,8,"[1, 0, 2]","[""calling_station"", ""policy_current"", ""calling_station""]","[200.0, -100.0, -100.0]","[100.0, -50.0, -50.0]"
current_vs_2x_calling_station,651,8,"[1, 2, 0]","[""calling_station"", ""calling_station"", ""policy_current""]","[10.0, -8.0, -2.0]","[5.0, -4.0, -1.0]"
current_vs_2x_calling_station,652,8,"[2, 0, 1]","[""calling_station"", ""policy_current"", ""calling_station""]","[200.0, -100.0, -100.0]","[100.0, -50.0, -50.0]"
current_vs_2x_calling_station,653,8,"[2, 1, 0]","[""calling_station"", ""calling_station"", ""policy_current""]","[10.0, -8.0, -2.0]","[5.0, -4.0, -1.0]"
current_vs_2x_calling_station,654,9,"[0, 1, 2]","[""policy_current"", ""calling_station"", ""calling_station""]","[200.0, -100.0, -100.0]","[100.0, -50.0, -50.0]"
current_vs_2x_calling_station,655,9,"[0, 2, 1]","[""policy_current"", ""calling_station"", ""calling_station""]","[200.0, -100.0, -100.0]","[100.0, -50.0, -50.0]"
current_vs_2x_calling_station,656,9,"[1, 0, 2]","[""calling_station"", ""policy_current"", ""calling_station""]","[200.0, -100.0, -100.0]","[100.0, -50.0, -50.0]"
current_vs_2x_calling_station,657,9,"[1, 2, 0]","[""calling_station"", ""calling_station"", ""policy_current""]","[2.0, -2.0, 0.0]","[1.0, -1.0, 0.0]"
current_vs_2x_calling_station,658,9,"[2, 0, 1]","[""calling_station"", ""policy_current"", ""calling_station""]","[200.0, -100.0, -100.0]","[100.0, -50.0, -50.0]"
current_vs_2x_calling_station,659,9,"[2, 1, 0]","[""calling_station"", ""calling_station"", ""policy_current""]","[2.0, -2.0, 0.0]","[1.0, -1.0, 0.0]"
current_vs_2x_calling_station,660,10,"[0, 1, 2]","[""policy_current"", ""calling_station"", ""calling_station""]","[-1.0, 3.0, -2.0]","[-0.5, 1.5, -1.0]"
current_vs_2x_calling_station,661,10,"[0, 2, 1]","[""policy_current"", ""calling_station"", ""calling_station""]","[-1.0, 3.0, -2.0]","[-0.5, 1.5, -1.0]"
current_vs_2x_calling_station,662,10,"[1, 0, 2]","[""calling_station"", ""policy_current"", ""calling_station""]","[-14.0, 28.0, -14.0]","[-7.0, 14.0, -7.0]"
current_vs_2x_calling_station,663,10,"[1, 2, 0]","[""calling_station"", ""calling_station"", ""policy_current""]","[-8.0, 16.0, -8.0]","[-4.0, 8.0, -4.0]"
current_vs_2x_calling_station,664,10,"[2, 0, 1]","[""calling_station"", ""policy_current"", ""calling_station""]","[-14.0, 28.0, -14.0]","[-7.0, 14.0, -7.0]"
current_vs_2x_calling_station,665,10,"[2, 1, 0]","[""calling_station"", ""calling_station"", ""policy_current""]","[-8.0, 16.0, -8.0]","[-4.0, 8.0, -4.0]"
current_vs_2x_calling_station,666,11,"[0, 1, 2]","[""policy_current"", ""calling_station"", ""calling_station""]","[40.0, -20.0, -20.0]","[20.0, -10.0, -10.0]"
current_vs_2x_calling_station,667,11,"[0, 2, 1]","[""policy_current"", ""calling_station"", ""calling_station""]","[40.0, -20.0, -20.0]","[20.0, -10.0, -10.0]"
current_vs_2x_calling_station,668,11,"[1, 0, 2]","[""calling_station"", ""policy_current"", ""calling_station""]","[200.0, -100.0, -100.0]","[100.0, -50.0, -50.0]"
current_vs_2x_calling_station,669,11,"[1, 2, 0]","[""calling_station"", ""calling_station"", ""policy_current""]","[200.0, -100.0, -100.0]","[100.0, -50.0, -50.0]"
current_vs_2x_calling_station,670,11,"[2, 0, 1]","[""calling_station"", ""policy_current"", ""calling_station""]","[200.0, -100.0, -100.0]","[100.0, -50.0, -50.0]"
current_vs_2x_calling_station,671,11,"[2, 1, 0]","[""calling_station"", ""calling_station"", ""policy_current""]","[200.0, -100.0, -100.0]","[100.0, -50.0, -50.0]"
current_vs_2x_calling_station,672,12,"[0, 1, 2]","[""policy_current"", ""calling_station"", ""calling_station""]","[200.0, -100.0, -100.0]","[100.0, -50.0, -50.0]"
current_vs_2x_calling_station,673,12,"[0, 2, 1]","[""policy_current"", ""calling_station"", ""calling_station""]","[200.0, -100.0, -100.0]","[100.0, -50.0, -50.0]"
current_vs_2x_calling_station,674,12,"[1, 0, 2]","[""calling_station"", ""policy_current"", ""calling_station""]","[200.0, -100.0, -100.0]","[100.0, -50.0, -50.0]"
current_vs_2x_calling_station,675,12,"[1, 2, 0]","[""calling_station"", ""calling_station"", ""policy_current""]","[2.0, -2.0, 0.0]","[1.0, -1.0, 0.0]"
current_vs_2x_calling_station,676,12,"[2, 0, 1]","[""calling_station"", ""policy_current"", ""calling_station""]","[200.0, -100.0, -100.0]","[100.0, -50.0, -50.0]"
current_vs_2x_calling_station,677,12,"[2, 1, 0]","[""calling_station"", ""calling_station"", ""policy_current""]","[2.0, -2.0, 0.0]","[1.0, -1.0, 0.0]"
current_vs_2x_calling_station,678,13,"[0, 1, 2]","[""policy_current"", ""calling_station"", ""calling_station""]","[-100.0, 200.0, -100.0]","[-50.0, 100.0, -50.0]"
current_vs_2x_calling_station,679,13,"[0, 2, 1]","[""policy_current"", ""calling_station"", ""calling_station""]","[-100.0, 200.0, -100.0]","[-50.0, 100.0, -50.0]"
current_vs_2x_calling_station,680,13,"[1, 0, 2]","[""calling_station"", ""policy_current"", ""calling_station""]","[-100.0, 200.0, -100.0]","[-50.0, 100.0, -50.0]"
current_vs_2x_calling_station,681,13,"[1, 2, 0]","[""calling_station"", ""calling_station"", ""policy_current""]","[-8.0, 8.0, 0.0]","[-4.0, 4.0, 0.0]"
current_vs_2x_calling_station,682,13,"[2, 0, 1]","[""calling_station"", ""policy_current"", ""calling_station""]","[-100.0, 200.0, -100.0]","[-50.0, 100.0, -50.0]"
current_vs_2x_calling_station,683,13,"[2, 1, 0]","[""calling_station"", ""calling_station"", ""policy_current""]","[-8.0, 8.0, 0.0]","[-4.0, 4.0, 0.0]"
current_vs_2x_calling_station,684,14,"[0, 1, 2]","[""policy_current"", ""calling_station"", ""calling_station""]","[200.0, -100.0, -100.0]","[100.0, -50.0, -50.0]"
current_vs_2x_calling_station,685,14,"[0, 2, 1]","[""policy_current"", ""calling_station"", ""calling_station""]","[200.0, -100.0, -100.0]","[100.0, -50.0, -50.0]"
current_vs_2x_calling_station,686,14,"[1, 0, 2]","[""calling_station"", ""policy_current"", ""calling_station""]","[28.0, -14.0, -14.0]","[14.0, -7.0, -7.0]"
current_vs_2x_calling_station,687,14,"[1, 2, 0]","[""calling_station"", ""calling_station"", ""policy_current""]","[200.0, -100.0, -100.0]","[100.0, -50.0, -50.0]"
current_vs_2x_calling_station,688,14,"[2, 0, 1]","[""calling_station"", ""policy_current"", ""calling_station""]","[28.0, -14.0, -14.0]","[14.0, -7.0, -7.0]"
current_vs_2x_calling_station,689,14,"[2, 1, 0]","[""calling_station"", ""calling_station"", ""policy_current""]","[200.0, -100.0, -100.0]","[100.0, -50.0, -50.0]"
current_vs_2x_calling_station,690,15,"[0, 1, 2]","[""policy_current"", ""calling_station"", ""calling_station""]","[-1.0, 3.0, -2.0]","[-0.5, 1.5, -1.0]"
current_vs_2x_calling_station,691,15,"[0, 2, 1]","[""policy_current"", ""calling_station"", ""calling_station""]","[-1.0, 3.0, -2.0]","[-0.5, 1.5, -1.0]"
current_vs_2x_calling_station,692,15,"[1, 0, 2]","[""calling_station"", ""policy_current"", ""calling_station""]","[-100.0, 200.0, -100.0]","[-50.0, 100.0, -50.0]"
current_vs_2x_calling_station,693,15,"[1, 2, 0]","[""calling_station"", ""calling_station"", ""policy_current""]","[-8.0, 10.0, -2.0]","[-4.0, 5.0, -1.0]"
current_vs_2x_calling_station,694,15,"[2, 0, 1]","[""calling_station"", ""policy_current"", ""calling_station""]","[-100.0, 200.0, -100.0]","[-50.0, 100.0, -50.0]"
current_vs_2x_calling_station,695,15,"[2, 1, 0]","[""calling_station"", ""calling_station"", ""policy_current""]","[-8.0, 10.0, -2.0]","[-4.0, 5.0, -1.0]"
current_vs_2x_calling_station,696,16,"[0, 1, 2]","[""policy_current"", ""calling_station"", ""calling_station""]","[-1.0, 3.0, -2.0]","[-0.5, 1.5, -1.0]"
current_vs_2x_calling_station,697,16,"[0, 2, 1]","[""policy_current"", ""calling_station"", ""calling_station""]","[-1.0, 3.0, -2.0]","[-0.5, 1.5, -1.0]"
current_vs_2x_calling_station,698,16,"[1, 0, 2]","[""calling_station"", ""policy_current"", ""calling_station""]","[200.0, -100.0, -100.0]","[100.0, -50.0, -50.0]"
current_vs_2x_calling_station,699,16,"[1, 2, 0]","[""calling_station"", ""calling_station"", ""policy_current""]","[2.0, -2.0, 0.0]","[1.0, -1.0, 0.0]"
current_vs_2x_calling_station,700,16,"[2, 0, 1]","[""calling_station"", ""policy_current"", ""calling_station""]","[200.0, -100.0, -100.0]","[100.0, -50.0, -50.0]"
current_vs_2x_calling_station,701,16,"[2, 1, 0]","[""calling_station"", ""calling_station"", ""policy_current""]","[2.0, -2.0, 0.0]","[1.0, -1.0, 0.0]"
current_vs_2x_calling_station,702,17,"[0, 1, 2]","[""policy_current"", ""calling_station"", ""calling_station""]","[-1.0, 3.0, -2.0]","[-0.5, 1.5, -1.0]"
current_vs_2x_calling_station,703,17,"[0, 2, 1]","[""policy_current"", ""calling_station"", ""calling_station""]","[-1.0, 3.0, -2.0]","[-0.5, 1.5, -1.0]"
current_vs_2x_calling_station,704,17,"[1, 0, 2]","[""calling_station"", ""policy_current"", ""calling_station""]","[200.0, -100.0, -100.0]","[100.0, -50.0, -50.0]"
current_vs_2x_calling_station,705,17,"[1, 2, 0]","[""calling_station"", ""calling_station"", ""policy_current""]","[2.0, -2.0, 0.0]","[1.0, -1.0, 0.0]"
current_vs_2x_calling_station,706,17,"[2, 0, 1]","[""calling_station"", ""policy_current"", ""calling_station""]","[200.0, -100.0, -100.0]","[100.0, -50.0, -50.0]"
current_vs_2x_calling_station,707,17,"[2, 1, 0]","[""calling_station"", ""calling_station"", ""policy_current""]","[2.0, -2.0, 0.0]","[1.0, -1.0, 0.0]"
current_vs_2x_calling_station,708,18,"[0, 1, 2]","[""policy_current"", ""calling_station"", ""calling_station""]","[-1.0, -2.0, 3.0]","[-0.5, -1.0, 1.5]"
current_vs_2x_calling_station,709,18,"[0, 2, 1]","[""policy_current"", ""calling_station"", ""calling_station""]","[-1.0, -2.0, 3.0]","[-0.5, -1.0, 1.5]"
current_vs_2x_calling_station,710,18,"[1, 0, 2]","[""calling_station"", ""policy_current"", ""calling_station""]","[-100.0, -100.0, 200.0]","[-50.0, -50.0, 100.0]"
current_vs_2x_calling_station,711,18,"[1, 2, 0]","[""calling_station"", ""calling_station"", ""policy_current""]","[-2.0, 2.0, 0.0]","[-1.0, 1.0, 0.0]"
current_vs_2x_calling_station,712,18,"[2, 0, 1]","[""calling_station"", ""policy_current"", ""calling_station""]","[-100.0, -100.0, 200.0]","[-50.0, -50.0, 100.0]"
current_vs_2x_calling_station,713,18,"[2, 1, 0]","[""calling_station"", ""calling_station"", ""policy_current""]","[-2.0, 2.0, 0.0]","[-1.0, 1.0, 0.0]"
current_vs_2x_calling_station,714,19,"[0, 1, 2]","[""policy_current"", ""calling_station"", ""calling_station""]","[-1.0, 3.0, -2.0]","[-0.5, 1.5, -1.0]"
current_vs_2x_calling_station,715,19,"[0, 2, 1]","[""policy_current"", ""calling_station"", ""calling_station""]","[-1.0, 3.0, -2.0]","[-0.5, 1.5, -1.0]"
current_vs_2x_calling_station,716,19,"[1, 0, 2]","[""calling_station"", ""policy_current"", ""calling_station""]","[16.0, -8.0, -8.0]","[8.0, -4.0, -4.0]"
current_vs_2x_calling_station,717,19,"[1, 2, 0]","[""calling_station"", ""calling_station"", ""policy_current""]","[2.0, -2.0, 0.0]","[1.0, -1.0, 0.0]"
current_vs_2x_calling_station,718,19,"[2, 0, 1]","[""calling_station"", ""policy_current"", ""calling_station""]","[16.0, -8.0, -8.0]","[8.0, -4.0, -4.0]"
current_vs_2x_calling_station,719,19,"[2, 1, 0]","[""calling_station"", ""calling_station"", ""policy_current""]","[2.0, -2.0, 0.0]","[1.0, -1.0, 0.0]"
current_vs_2x_calling_station,720,20,"[0, 1, 2]","[""policy_current"", ""calling_station"", ""calling_station""]","[200.0, -100.0, -100.0]","[100.0, -50.0, -50.0]"
current_vs_2x_calling_station,721,20,"[0, 2, 1]","[""policy_current"", ""calling_station"", ""calling_station""]","[200.0, -100.0, -100.0]","[100.0, -50.0, -50.0]"
current_vs_2x_calling_station,722,20,"[1, 0, 2]","[""calling_station"", ""policy_current"", ""calling_station""]","[10.0, -2.0, -8.0]","[5.0, -1.0, -4.0]"
current_vs_2x_calling_station,723,20,"[1, 2, 0]","[""calling_station"", ""calling_station"", ""policy_current""]","[2.0, -2.0, 0.0]","[1.0, -1.0, 0.0]"
current_vs_2x_calling_station,724,20,"[2, 0, 1]","[""calling_station"", ""policy_current"", ""calling_station""]","[10.0, -2.0, -8.0]","[5.0, -1.0, -4.0]"
current_vs_2x_calling_station,725,20,"[2, 1, 0]","[""calling_station"", ""calling_station"", ""policy_current""]","[2.0, -2.0, 0.0]","[1.0, -1.0, 0.0]"
current_vs_2x_calling_station,726,21,"[0, 1, 2]","[""policy_current"", ""calling_station"", ""calling_station""]","[-1.0, -2.0, 3.0]","[-0.5, -1.0, 1.5]"
current_vs_2x_calling_station,727,21,"[0, 2, 1]","[""policy_current"", ""calling_station"", ""calling_station""]","[-1.0, -2.0, 3.0]","[-0.5, -1.0, 1.5]"
current_vs_2x_calling_station,728,21,"[1, 0, 2]","[""calling_station"", ""policy_current"", ""calling_station""]","[-100.0, -100.0, 200.0]","[-50.0, -50.0, 100.0]"
current_vs_2x_calling_station,729,21,"[1, 2, 0]","[""calling_station"", ""calling_station"", ""policy_current""]","[-100.0, -100.0, 200.0]","[-50.0, -50.0, 100.0]"
current_vs_2x_calling_station,730,21,"[2, 0, 1]","[""calling_station"", ""policy_current"", ""calling_station""]","[-100.0, -100.0, 200.0]","[-50.0, -50.0, 100.0]"
current_vs_2x_calling_station,731,21,"[2, 1, 0]","[""calling_station"", ""calling_station"", ""policy_current""]","[-100.0, -100.0, 200.0]","[-50.0, -50.0, 100.0]"
current_vs_2x_calling_station,732,22,"[0, 1, 2]","[""policy_current"", ""calling_station"", ""calling_station""]","[-8.0, 16.0, -8.0]","[-4.0, 8.0, -4.0]"
current_vs_2x_calling_station,733,22,"[0, 2, 1]","[""policy_current"", ""calling_station"", ""calling_station""]","[-8.0, 16.0, -8.0]","[-4.0, 8.0, -4.0]"
current_vs_2x_calling_station,734,22,"[1, 0, 2]","[""calling_station"", ""policy_current"", ""calling_station""]","[-100.0, 200.0, -100.0]","[-50.0, 100.0, -50.0]"
current_vs_2x_calling_station,735,22,"[1, 2, 0]","[""calling_station"", ""calling_station"", ""policy_current""]","[-2.0, 2.0, 0.0]","[-1.0, 1.0, 0.0]"
current_vs_2x_calling_station,736,22,"[2, 0, 1]","[""calling_station"", ""policy_current"", ""calling_station""]","[-100.0, 200.0, -100.0]","[-50.0, 100.0, -50.0]"
current_vs_2x_calling_station,737,22,"[2, 1, 0]","[""calling_station"", ""calling_station"", ""policy_current""]","[-2.0, 2.0, 0.0]","[-1.0, 1.0, 0.0]"
current_vs_2x_calling_station,738,23,"[0, 1, 2]","[""policy_current"", ""calling_station"", ""calling_station""]","[-1.0, 3.0, -2.0]","[-0.5, 1.5, -1.0]"
current_vs_2x_calling_station,739,23,"[0, 2, 1]","[""policy_current"", ""calling_station"", ""calling_station""]","[-1.0, 3.0, -2.0]","[-0.5, 1.5, -1.0]"
current_vs_2x_calling_station,740,23,"[1, 0, 2]","[""calling_station"", ""policy_current"", ""calling_station""]","[-26.0, 52.0, -26.0]","[-13.0, 26.0, -13.0]"
current_vs_2x_calling_station,741,23,"[1, 2, 0]","[""calling_station"", ""calling_station"", ""policy_current""]","[-8.0, 10.0, -2.0]","[-4.0, 5.0, -1.0]"
current_vs_2x_calling_station,742,23,"[2, 0, 1]","[""calling_station"", ""policy_current"", ""calling_station""]","[-26.0, 52.0, -26.0]","[-13.0, 26.0, -13.0]"
current_vs_2x_calling_station,743,23,"[2, 1, 0]","[""calling_station"", ""calling_station"", ""policy_current""]","[-8.0, 10.0, -2.0]","[-4.0, 5.0, -1.0]"
current_vs_2x_calling_station,744,24,"[0, 1, 2]","[""policy_current"", ""calling_station"", ""calling_station""]","[-1.0, 9.0, -8.0]","[-0.5, 4.5, -4.0]"
current_vs_2x_calling_station,745,24,"[0, 2, 1]","[""policy_current"", ""calling_station"", ""calling_station""]","[-1.0, 9.0, -8.0]","[-0.5, 4.5, -4.0]"
current_vs_2x_calling_station,746,24,"[1, 0, 2]","[""calling_station"", ""policy_current"", ""calling_station""]","[-100.0, 200.0, -100.0]","[-50.0, 100.0, -50.0]"
current_vs_2x_calling_station,747,24,"[1, 2, 0]","[""calling_station"", ""calling_station"", ""policy_current""]","[-100.0, 200.0, -100.0]","[-50.0, 100.0, -50.0]"
current_vs_2x_calling_station,748,24,"[2, 0, 1]","[""calling_station"", ""policy_current"", ""calling_station""]","[-100.0, 200.0, -100.0]","[-50.0, 100.0, -50.0]"
current_vs_2x_calling_station,749,24,"[2, 1, 0]","[""calling_station"", ""calling_station"", ""policy_current""]","[-100.0, 200.0, -100.0]","[-50.0, 100.0, -50.0]"
current_vs_2x_calling_station,750,25,"[0, 1, 2]","[""policy_current"", ""calling_station"", ""calling_station""]","[-1.0, -2.0, 3.0]","[-0.5, -1.0, 1.5]"
current_vs_2x_calling_station,751,25,"[0, 2, 1]","[""policy_current"", ""calling_station"", ""calling_station""]","[-1.0, -2.0, 3.0]","[-0.5, -1.0, 1.5]"
current_vs_2x_calling_station,752,25,"[1, 0, 2]","[""calling_station"", ""policy_current"", ""calling_station""]","[-100.0, -100.0, 200.0]","[-50.0, -50.0, 100.0]"
current_vs_2x_calling_station,753,25,"[1, 2, 0]","[""calling_station"", ""calling_station"", ""policy_current""]","[2.0, -2.0, 0.0]","[1.0, -1.0, 0.0]"
current_vs_2x_calling_station,754,25,"[2, 0, 1]","[""calling_station"", ""policy_current"", ""calling_station""]","[-100.0, -100.0, 200.0]","[-50.0, -50.0, 100.0]"
current_vs_2x_calling_station,755,25,"[2, 1, 0]","[""calling_station"", ""calling_station"", ""policy_current""]","[2.0, -2.0, 0.0]","[1.0, -1.0, 0.0]"
current_vs_2x_calling_station,756,26,"[0, 1, 2]","[""policy_current"", ""calling_station"", ""calling_station""]","[-1.0, 3.0, -2.0]","[-0.5, 1.5, -1.0]"
current_vs_2x_calling_station,757,26,"[0, 2, 1]","[""policy_current"", ""calling_station"", ""calling_station""]","[-1.0, 3.0, -2.0]","[-0.5, 1.5, -1.0]"
current_vs_2x_calling_station,758,26,"[1, 0, 2]","[""calling_station"", ""policy_current"", ""calling_station""]","[-100.0, 200.0, -100.0]","[-50.0, 100.0, -50.0]"
current_vs_2x_calling_station,759,26,"[1, 2, 0]","[""calling_station"", ""calling_station"", ""policy_current""]","[-2.0, 2.0, 0.0]","[-1.0, 1.0, 0.0]"
current_vs_2x_calling_station,760,26,"[2, 0, 1]","[""calling_station"", ""policy_current"", ""calling_station""]","[-100.0, 200.0, -100.0]","[-50.0, 100.0, -50.0]"
current_vs_2x_calling_station,761,26,"[2, 1, 0]","[""calling_station"", ""calling_station"", ""policy_current""]","[-2.0, 2.0, 0.0]","[-1.0, 1.0, 0.0]"
current_vs_2x_calling_station,762,27,"[0, 1, 2]","[""policy_current"", ""calling_station"", ""calling_station""]","[-1.0, 3.0, -2.0]","[-0.5, 1.5, -1.0]"
current_vs_2x_calling_station,763,27,"[0, 2, 1]","[""policy_current"", ""calling_station"", ""calling_station""]","[-1.0, 3.0, -2.0]","[-0.5, 1.5, -1.0]"
current_vs_2x_calling_station,764,27,"[1, 0, 2]","[""calling_station"", ""policy_current"", ""calling_station""]","[200.0, -100.0, -100.0]","[100.0, -50.0, -50.0]"
current_vs_2x_calling_station,765,27,"[1, 2, 0]","[""calling_station"", ""calling_station"", ""policy_current""]","[2.0, -2.0, 0.0]","[1.0, -1.0, 0.0]"
current_vs_2x_calling_station,766,27,"[2, 0, 1]","[""calling_station"", ""policy_current"", ""calling_station""]","[200.0, -100.0, -100.0]","[100.0, -50.0, -50.0]"
current_vs_2x_calling_station,767,27,"[2, 1, 0]","[""calling_station"", ""calling_station"", ""policy_current""]","[2.0, -2.0, 0.0]","[1.0, -1.0, 0.0]"
current_vs_2x_calling_station,768,28,"[0, 1, 2]","[""policy_current"", ""calling_station"", ""calling_station""]","[-1.0, -2.0, 3.0]","[-0.5, -1.0, 1.5]"
current_vs_2x_calling_station,769,28,"[0, 2, 1]","[""policy_current"", ""calling_station"", ""calling_station""]","[-1.0, -2.0, 3.0]","[-0.5, -1.0, 1.5]"
current_vs_2x_calling_station,770,28,"[1, 0, 2]","[""calling_station"", ""policy_current"", ""calling_station""]","[-8.0, -2.0, 10.0]","[-4.0, -1.0, 5.0]"
current_vs_2x_calling_station,771,28,"[1, 2, 0]","[""calling_station"", ""calling_station"", ""policy_current""]","[-100.0, -100.0, 200.0]","[-50.0, -50.0, 100.0]"
current_vs_2x_calling_station,772,28,"[2, 0, 1]","[""calling_station"", ""policy_current"", ""calling_station""]","[-8.0, -2.0, 10.0]","[-4.0, -1.0, 5.0]"
current_vs_2x_calling_station,773,28,"[2, 1, 0]","[""calling_station"", ""calling_station"", ""policy_current""]","[-100.0, -100.0, 200.0]","[-50.0, -50.0, 100.0]"
current_vs_2x_calling_station,774,29,"[0, 1, 2]","[""policy_current"", ""calling_station"", ""calling_station""]","[-1.0, -2.0, 3.0]","[-0.5, -1.0, 1.5]"
current_vs_2x_calling_station,775,29,"[0, 2, 1]","[""policy_current"", ""calling_station"", ""calling_station""]","[-1.0, -2.0, 3.0]","[-0.5, -1.0, 1.5]"
current_vs_2x_calling_station,776,29,"[1, 0, 2]","[""calling_station"", ""policy_current"", ""calling_station""]","[-20.0, -20.0, 40.0]","[-10.0, -10.0, 20.0]"
current_vs_2x_calling_station,777,29,"[1, 2, 0]","[""calling_station"", ""calling_station"", ""policy_current""]","[-2.0, 2.0, 0.0]","[-1.0, 1.0, 0.0]"
current_vs_2x_calling_station,778,29,"[2, 0, 1]","[""calling_station"", ""policy_current"", ""calling_station""]","[-20.0, -20.0, 40.0]","[-10.0, -10.0, 20.0]"
current_vs_2x_calling_station,779,29,"[2, 1, 0]","[""calling_station"", ""calling_station"", ""policy_current""]","[-2.0, 2.0, 0.0]","[-1.0, 1.0, 0.0]"
current_vs_2x_calling_station,780,30,"[0, 1, 2]","[""policy_current"", ""calling_station"", ""calling_station""]","[-14.0, -20.0, 34.0]","[-7.0, -10.0, 17.0]"
current_vs_2x_calling_station,781,30,"[0, 2, 1]","[""policy_current"", ""calling_station"", ""calling_station""]","[-14.0, -20.0, 34.0]","[-7.0, -10.0, 17.0]"
current_vs_2x_calling_station,782,30,"[1, 0, 2]","[""calling_station"", ""policy_current"", ""calling_station""]","[64.0, -32.0, -32.0]","[32.0, -16.0, -16.0]"
current_vs_2x_calling_station,783,30,"[1, 2, 0]","[""calling_station"", ""calling_station"", ""policy_current""]","[8.0, -8.0, 0.0]","[4.0, -4.0, 0.0]"
current_vs_2x_calling_station,784,30,"[2, 0, 1]","[""calling_station"", ""policy_current"", ""calling_station""]","[64.0, -32.0, -32.0]","[32.0, -16.0, -16.0]"
current_vs_2x_calling_station,785,30,"[2, 1, 0]","[""calling_station"", ""calling_station"", ""policy_current""]","[8.0, -8.0, 0.0]","[4.0, -4.0, 0.0]"
current_vs_2x_calling_station,786,31,"[0, 1, 2]","[""policy_current"", ""calling_station"", ""calling_station""]","[-100.0, 200.0, -100.0]","[-50.0, 100.0, -50.0]"
current_vs_2x_calling_station,787,31,"[0, 2, 1]","[""policy_current"", ""calling_station"", ""calling_station""]","[-100.0, 200.0, -100.0]","[-50.0, 100.0, -50.0]"
current_vs_2x_calling_station,788,31,"[1, 0, 2]","[""calling_station"", ""policy_current"", ""calling_station""]","[-100.0, 200.0, -100.0]","[-50.0, 100.0, -50.0]"
current_vs_2x_calling_station,789,31,"[1, 2, 0]","[""calling_station"", ""calling_station"", ""policy_current""]","[-20.0, 40.0, -20.0]","[-10.0, 20.0, -10.0]"
current_vs_2x_calling_station,790,31,"[2, 0, 1]","[""calling_station"", ""policy_current"", ""calling_station""]","[-100.0, 200.0, -100.0]","[-50.0, 100.0, -50.0]"
current_vs_2x_calling_station,791,31,"[2, 1, 0]","[""calling_station"", ""calling_station"", ""policy_current""]","[-20.0, 40.0, -20.0]","[-10.0, 20.0, -10.0]"
current_vs_2x_calling_station,792,32,"[0, 1, 2]","[""policy_current"", ""calling_station"", ""calling_station""]","[-1.0, 3.0, -2.0]","[-0.5, 1.5, -1.0]"
current_vs_2x_calling_station,793,32,"[0, 2, 1]","[""policy_current"", ""calling_station"", ""calling_station""]","[-1.0, 3.0, -2.0]","[-0.5, 1.5, -1.0]"
current_vs_2x_calling_station,794,32,"[1, 0, 2]","[""calling_station"", ""policy_current"", ""calling_station""]","[200.0, -100.0, -100.0]","[100.0, -50.0, -50.0]"
current_vs_2x_calling_station,795,32,"[1, 2, 0]","[""calling_station"", ""calling_station"", ""policy_current""]","[200.0, -100.0, -100.0]","[100.0, -50.0, -50.0]"
current_vs_2x_calling_station,796,32,"[2, 0, 1]","[""calling_station"", ""policy_current"", ""calling_station""]","[200.0, -100.0, -100.0]","[100.0, -50.0, -50.0]"
current_vs_2x_calling_station,797,32,"[2, 1, 0]","[""calling_station"", ""calling_station"", ""policy_current""]","[200.0, -100.0, -100.0]","[100.0, -50.0, -50.0]"
current_vs_2x_calling_station,798,33,"[0, 1, 2]","[""policy_current"", ""calling_station"", ""calling_station""]","[-1.0, 3.0, -2.0]","[-0.5, 1.5, -1.0]"
current_vs_2x_calling_station,799,33,"[0, 2, 1]","[""policy_current"", ""calling_station"", ""calling_station""]","[-1.0, 3.0, -2.0]","[-0.5, 1.5, -1.0]"
current_vs_2x_calling_station,800,33,"[1, 0, 2]","[""calling_station"", ""policy_current"", ""calling_station""]","[-100.0, 200.0, -100.0]","[-50.0, 100.0, -50.0]"
current_vs_2x_calling_station,801,33,"[1, 2, 0]","[""calling_station"", ""calling_station"", ""policy_current""]","[-100.0, 200.0, -100.0]","[-50.0, 100.0, -50.0]"
current_vs_2x_calling_station,802,33,"[2, 0, 1]","[""calling_station"", ""policy_current"", ""calling_station""]","[-100.0, 200.0, -100.0]","[-50.0, 100.0, -50.0]"
current_vs_2x_calling_station,803,33,"[2, 1, 0]","[""calling_station"", ""calling_station"", ""policy_current""]","[-100.0, 200.0, -100.0]","[-50.0, 100.0, -50.0]"
current_vs_2x_calling_station,804,34,"[0, 1, 2]","[""policy_current"", ""calling_station"", ""calling_station""]","[-100.0, -100.0, 200.0]","[-50.0, -50.0, 100.0]"
current_vs_2x_calling_station,805,34,"[0, 2, 1]","[""policy_current"", ""calling_station"", ""calling_station""]","[-100.0, -100.0, 200.0]","[-50.0, -50.0, 100.0]"
current_vs_2x_calling_station,806,34,"[1, 0, 2]","[""calling_station"", ""policy_current"", ""calling_station""]","[-100.0, -100.0, 200.0]","[-50.0, -50.0, 100.0]"
current_vs_2x_calling_station,807,34,"[1, 2, 0]","[""calling_station"", ""calling_station"", ""policy_current""]","[0.0, 0.0, 0.0]","[0.0, 0.0, 0.0]"
current_vs_2x_calling_station,808,34,"[2, 0, 1]","[""calling_station"", ""policy_current"", ""calling_station""]","[-100.0, -100.0, 200.0]","[-50.0, -50.0, 100.0]"
current_vs_2x_calling_station,809,34,"[2, 1, 0]","[""calling_station"", ""calling_station"", ""policy_current""]","[0.0, 0.0, 0.0]","[0.0, 0.0, 0.0]"
current_vs_2x_calling_station,810,35,"[0, 1, 2]","[""policy_current"", ""calling_station"", ""calling_station""]","[200.0, -100.0, -100.0]","[100.0, -50.0, -50.0]"
current_vs_2x_calling_station,811,35,"[0, 2, 1]","[""policy_current"", ""calling_station"", ""calling_station""]","[200.0, -100.0, -100.0]","[100.0, -50.0, -50.0]"
current_vs_2x_calling_station,812,35,"[1, 0, 2]","[""calling_station"", ""policy_current"", ""calling_station""]","[28.0, -14.0, -14.0]","[14.0, -7.0, -7.0]"
current_vs_2x_calling_station,813,35,"[1, 2, 0]","[""calling_station"", ""calling_station"", ""policy_current""]","[2.0, -2.0, 0.0]","[1.0, -1.0, 0.0]"
current_vs_2x_calling_station,814,35,"[2, 0, 1]","[""calling_station"", ""policy_current"", ""calling_station""]","[28.0, -14.0, -14.0]","[14.0, -7.0, -7.0]"
current_vs_2x_calling_station,815,35,"[2, 1, 0]","[""calling_station"", ""calling_station"", ""policy_current""]","[2.0, -2.0, 0.0]","[1.0, -1.0, 0.0]"
current_vs_2x_calling_station,816,36,"[0, 1, 2]","[""policy_current"", ""calling_station"", ""calling_station""]","[-1.0, 9.0, -8.0]","[-0.5, 4.5, -4.0]"
current_vs_2x_calling_station,817,36,"[0, 2, 1]","[""policy_current"", ""calling_station"", ""calling_station""]","[-1.0, 9.0, -8.0]","[-0.5, 4.5, -4.0]"
current_vs_2x_calling_station,818,36,"[1, 0, 2]","[""calling_station"", ""policy_current"", ""calling_station""]","[16.0, -2.0, -14.0]","[8.0, -1.0, -7.0]"
current_vs_2x_calling_station,819,36,"[1, 2, 0]","[""calling_station"", ""calling_station"", ""policy_current""]","[-100.0, 200.0, -100.0]","[-50.0, 100.0, -50.0]"
current_vs_2x_calling_station,820,36,"[2, 0, 1]","[""calling_station"", ""policy_current"", ""calling_station""]","[16.0, -2.0, -14.0]","[8.0, -1.0, -7.0]"
current_vs_2x_calling_station,821,36,"[2, 1, 0]","[""calling_station"", ""calling_station"", ""policy_current""]","[-100.0, 200.0, -100.0]","[-50.0, 100.0, -50.0]"
current_vs_2x_calling_station,822,37,"[0, 1, 2]","[""policy_current"", ""calling_station"", ""calling_station""]","[16.0, -8.0, -8.0]","[8.0, -4.0, -4.0]"
current_vs_2x_calling_station,823,37,"[0, 2, 1]","[""policy_current"", ""calling_station"", ""calling_station""]","[16.0, -8.0, -8.0]","[8.0, -4.0, -4.0]"
current_vs_2x_calling_station,824,37,"[1, 0, 2]","[""calling_station"", ""policy_current"", ""calling_station""]","[28.0, -14.0, -14.0]","[14.0, -7.0, -7.0]"
current_vs_2x_calling_station,825,37,"[1, 2, 0]","[""calling_station"", ""calling_station"", ""policy_current""]","[8.0, -8.0, 0.0]","[4.0, -4.0, 0.0]"
current_vs_2x_calling_station,826,37,"[2, 0, 1]","[""calling_station"", ""policy_current"", ""calling_station""]","[28.0, -14.0, -14.0]","[14.0, -7.0, -7.0]"
current_vs_2x_calling_station,827,37,"[2, 1, 0]","[""calling_station"", ""calling_station"", ""policy_current""]","[8.0, -8.0, 0.0]","[4.0, -4.0, 0.0]"
current_vs_2x_calling_station,828,38,"[0, 1, 2]","[""policy_current"", ""calling_station"", ""calling_station""]","[-1.0, 3.0, -2.0]","[-0.5, 1.5, -1.0]"
current_vs_2x_calling_station,829,38,"[0, 2, 1]","[""policy_current"", ""calling_station"", ""calling_station""]","[-1.0, 3.0, -2.0]","[-0.5, 1.5, -1.0]"
current_vs_2x_calling_station,830,38,"[1, 0, 2]","[""calling_station"", ""policy_current"", ""calling_station""]","[-100.0, 200.0, -100.0]","[-50.0, 100.0, -50.0]"
current_vs_2x_calling_station,831,38,"[1, 2, 0]","[""calling_station"", ""calling_station"", ""policy_current""]","[-100.0, 200.0, -100.0]","[-50.0, 100.0, -50.0]"
current_vs_2x_calling_station,832,38,"[2, 0, 1]","[""calling_station"", ""policy_current"", ""calling_station""]","[-100.0, 200.0, -100.0]","[-50.0, 100.0, -50.0]"
current_vs_2x_calling_station,833,38,"[2, 1, 0]","[""calling_station"", ""calling_station"", ""policy_current""]","[-100.0, 200.0, -100.0]","[-50.0, 100.0, -50.0]"
current_vs_2x_calling_station,834,39,"[0, 1, 2]","[""policy_current"", ""calling_station"", ""calling_station""]","[200.0, -100.0, -100.0]","[100.0, -50.0, -50.0]"
current_vs_2x_calling_station,835,39,"[0, 2, 1]","[""policy_current"", ""calling_station"", ""calling_station""]","[200.0, -100.0, -100.0]","[100.0, -50.0, -50.0]"
current_vs_2x_calling_station,836,39,"[1, 0, 2]","[""calling_station"", ""policy_current"", ""calling_station""]","[200.0, -100.0, -100.0]","[100.0, -50.0, -50.0]"
current_vs_2x_calling_station,837,39,"[1, 2, 0]","[""calling_station"", ""calling_station"", ""policy_current""]","[200.0, -100.0, -100.0]","[100.0, -50.0, -50.0]"
current_vs_2x_calling_station,838,39,"[2, 0, 1]","[""calling_station"", ""policy_current"", ""calling_station""]","[200.0, -100.0, -100.0]","[100.0, -50.0, -50.0]"
current_vs_2x_calling_station,839,39,"[2, 1, 0]","[""calling_station"", ""calling_station"", ""policy_current""]","[200.0, -100.0, -100.0]","[100.0, -50.0, -50.0]"
current_vs_2x_calling_station,840,40,"[0, 1, 2]","[""policy_current"", ""calling_station"", ""calling_station""]","[200.0, -100.0, -100.0]","[100.0, -50.0, -50.0]"
current_vs_2x_calling_station,841,40,"[0, 2, 1]","[""policy_current"", ""calling_station"", ""calling_station""]","[200.0, -100.0, -100.0]","[100.0, -50.0, -50.0]"
current_vs_2x_calling_station,842,40,"[1, 0, 2]","[""calling_station"", ""policy_current"", ""calling_station""]","[200.0, -100.0, -100.0]","[100.0, -50.0, -50.0]"
current_vs_2x_calling_station,843,40,"[1, 2, 0]","[""calling_station"", ""calling_station"", ""policy_current""]","[2.0, -2.0, 0.0]","[1.0, -1.0, 0.0]"
current_vs_2x_calling_station,844,40,"[2, 0, 1]","[""calling_station"", ""policy_current"", ""calling_station""]","[200.0, -100.0, -100.0]","[100.0, -50.0, -50.0]"
current_vs_2x_calling_station,845,40,"[2, 1, 0]","[""calling_station"", ""calling_station"", ""policy_current""]","[2.0, -2.0, 0.0]","[1.0, -1.0, 0.0]"
current_vs_2x_calling_station,846,41,"[0, 1, 2]","[""policy_current"", ""calling_station"", ""calling_station""]","[-100.0, 200.0, -100.0]","[-50.0, 100.0, -50.0]"
current_vs_2x_calling_station,847,41,"[0, 2, 1]","[""policy_current"", ""calling_station"", ""calling_station""]","[-100.0, 200.0, -100.0]","[-50.0, 100.0, -50.0]"
current_vs_2x_calling_station,848,41,"[1, 0, 2]","[""calling_station"", ""policy_current"", ""calling_station""]","[-100.0, 200.0, -100.0]","[-50.0, 100.0, -50.0]"
current_vs_2x_calling_station,849,41,"[1, 2, 0]","[""calling_station"", ""calling_station"", ""policy_current""]","[-100.0, 200.0, -100.0]","[-50.0, 100.0, -50.0]"
current_vs_2x_calling_station,850,41,"[2, 0, 1]","[""calling_station"", ""policy_current"", ""calling_station""]","[-100.0, 200.0, -100.0]","[-50.0, 100.0, -50.0]"
current_vs_2x_calling_station,851,41,"[2, 1, 0]","[""calling_station"", ""calling_station"", ""policy_current""]","[-100.0, 200.0, -100.0]","[-50.0, 100.0, -50.0]"
current_vs_2x_calling_station,852,42,"[0, 1, 2]","[""policy_current"", ""calling_station"", ""calling_station""]","[-1.0, 9.0, -8.0]","[-0.5, 4.5, -4.0]"
current_vs_2x_calling_station,853,42,"[0, 2, 1]","[""policy_current"", ""calling_station"", ""calling_station""]","[-1.0, 9.0, -8.0]","[-0.5, 4.5, -4.0]"
current_vs_2x_calling_station,854,42,"[1, 0, 2]","[""calling_station"", ""policy_current"", ""calling_station""]","[-14.0, 28.0, -14.0]","[-7.0, 14.0, -7.0]"
current_vs_2x_calling_station,855,42,"[1, 2, 0]","[""calling_station"", ""calling_station"", ""policy_current""]","[-8.0, 8.0, 0.0]","[-4.0, 4.0, 0.0]"
current_vs_2x_calling_station,856,42,"[2, 0, 1]","[""calling_station"", ""policy_current"", ""calling_station""]","[-14.0, 28.0, -14.0]","[-7.0, 14.0, -7.0]"
current_vs_2x_calling_station,857,42,"[2, 1, 0]","[""calling_station"", ""calling_station"", ""policy_current""]","[-8.0, 8.0, 0.0]","[-4.0, 4.0, 0.0]"
current_vs_2x_calling_station,858,43,"[0, 1, 2]","[""policy_current"", ""calling_station"", ""calling_station""]","[16.0, -8.0, -8.0]","[8.0, -4.0, -4.0]"
current_vs_2x_calling_station,859,43,"[0, 2, 1]","[""policy_current"", ""calling_station"", ""calling_station""]","[16.0, -8.0, -8.0]","[8.0, -4.0, -4.0]"
current_vs_2x_calling_station,860,43,"[1, 0, 2]","[""calling_station"", ""policy_current"", ""calling_station""]","[200.0, -100.0, -100.0]","[100.0, -50.0, -50.0]"
current_vs_2x_calling_station,861,43,"[1, 2, 0]","[""calling_station"", ""calling_station"", ""policy_current""]","[2.0, -2.0, 0.0]","[1.0, -1.0, 0.0]"
current_vs_2x_calling_station,862,43,"[2, 0, 1]","[""calling_station"", ""policy_current"", ""calling_station""]","[200.0, -100.0, -100.0]","[100.0, -50.0, -50.0]"
current_vs_2x_calling_station,863,43,"[2, 1, 0]","[""calling_station"", ""calling_station"", ""policy_current""]","[2.0, -2.0, 0.0]","[1.0, -1.0, 0.0]"
current_vs_2x_calling_station,864,44,"[0, 1, 2]","[""policy_current"", ""calling_station"", ""calling_station""]","[-1.0, -2.0, 3.0]","[-0.5, -1.0, 1.5]"
current_vs_2x_calling_station,865,44,"[0, 2, 1]","[""policy_current"", ""calling_station"", ""calling_station""]","[-1.0, -2.0, 3.0]","[-0.5, -1.0, 1.5]"
current_vs_2x_calling_station,866,44,"[1, 0, 2]","[""calling_station"", ""policy_current"", ""calling_station""]","[-14.0, -14.0, 28.0]","[-7.0, -7.0, 14.0]"
current_vs_2x_calling_station,867,44,"[1, 2, 0]","[""calling_station"", ""calling_station"", ""policy_current""]","[-2.0, 2.0, 0.0]","[-1.0, 1.0, 0.0]"
current_vs_2x_calling_station,868,44,"[2, 0, 1]","[""calling_station"", ""policy_current"", ""calling_station""]","[-14.0, -14.0, 28.0]","[-7.0, -7.0, 14.0]"
current_vs_2x_calling_station,869,44,"[2, 1, 0]","[""calling_station"", ""calling_station"", ""policy_current""]","[-2.0, 2.0, 0.0]","[-1.0, 1.0, 0.0]"
current_vs_2x_calling_station,870,45,"[0, 1, 2]","[""policy_current"", ""calling_station"", ""calling_station""]","[-1.0, -2.0, 3.0]","[-0.5, -1.0, 1.5]"
current_vs_2x_calling_station,871,45,"[0, 2, 1]","[""policy_current"", ""calling_station"", ""calling_station""]","[-1.0, -2.0, 3.0]","[-0.5, -1.0, 1.5]"
current_vs_2x_calling_station,872,45,"[1, 0, 2]","[""calling_station"", ""policy_current"", ""calling_station""]","[200.0, -100.0, -100.0]","[100.0, -50.0, -50.0]"
current_vs_2x_calling_station,873,45,"[1, 2, 0]","[""calling_station"", ""calling_station"", ""policy_current""]","[200.0, -100.0, -100.0]","[100.0, -50.0, -50.0]"
current_vs_2x_calling_station,874,45,"[2, 0, 1]","[""calling_station"", ""policy_current"", ""calling_station""]","[200.0, -100.0, -100.0]","[100.0, -50.0, -50.0]"
current_vs_2x_calling_station,875,45,"[2, 1, 0]","[""calling_station"", ""calling_station"", ""policy_current""]","[200.0, -100.0, -100.0]","[100.0, -50.0, -50.0]"
current_vs_2x_calling_station,876,46,"[0, 1, 2]","[""policy_current"", ""calling_station"", ""calling_station""]","[-1.0, 3.0, -2.0]","[-0.5, 1.5, -1.0]"
current_vs_2x_calling_station,877,46,"[0, 2, 1]","[""policy_current"", ""calling_station"", ""calling_station""]","[-1.0, 3.0, -2.0]","[-0.5, 1.5, -1.0]"
current_vs_2x_calling_station,878,46,"[1, 0, 2]","[""calling_station"", ""policy_current"", ""calling_station""]","[16.0, -8.0, -8.0]","[8.0, -4.0, -4.0]"
current_vs_2x_calling_station,879,46,"[1, 2, 0]","[""calling_station"", ""calling_station"", ""policy_current""]","[200.0, -100.0, -100.0]","[100.0, -50.0, -50.0]"
current_vs_2x_calling_station,880,46,"[2, 0, 1]","[""calling_station"", ""policy_current"", ""calling_station""]","[16.0, -8.0, -8.0]","[8.0, -4.0, -4.0]"
current_vs_2x_calling_station,881,46,"[2, 1, 0]","[""calling_station"", ""calling_station"", ""policy_current""]","[200.0, -100.0, -100.0]","[100.0, -50.0, -50.0]"
current_vs_2x_calling_station,882,47,"[0, 1, 2]","[""policy_current"", ""calling_station"", ""calling_station""]","[-1.0, -2.0, 3.0]","[-0.5, -1.0, 1.5]"
current_vs_2x_calling_station,883,47,"[0, 2, 1]","[""policy_current"", ""calling_station"", ""calling_station""]","[-1.0, -2.0, 3.0]","[-0.5, -1.0, 1.5]"
current_vs_2x_calling_station,884,47,"[1, 0, 2]","[""calling_station"", ""policy_current"", ""calling_station""]","[-20.0, -20.0, 40.0]","[-10.0, -10.0, 20.0]"
current_vs_2x_calling_station,885,47,"[1, 2, 0]","[""calling_station"", ""calling_station"", ""policy_current""]","[-2.0, 2.0, 0.0]","[-1.0, 1.0, 0.0]"
current_vs_2x_calling_station,886,47,"[2, 0, 1]","[""calling_station"", ""policy_current"", ""calling_station""]","[-20.0, -20.0, 40.0]","[-10.0, -10.0, 20.0]"
current_vs_2x_calling_station,887,47,"[2, 1, 0]","[""calling_station"", ""calling_station"", ""policy_current""]","[-2.0, 2.0, 0.0]","[-1.0, 1.0, 0.0]"
current_vs_2x_calling_station,888,48,"[0, 1, 2]","[""policy_current"", ""calling_station"", ""calling_station""]","[-100.0, 200.0, -100.0]","[-50.0, 100.0, -50.0]"
current_vs_2x_calling_station,889,48,"[0, 2, 1]","[""policy_current"", ""calling_station"", ""calling_station""]","[-100.0, 200.0, -100.0]","[-50.0, 100.0, -50.0]"
current_vs_2x_calling_station,890,48,"[1, 0, 2]","[""calling_station"", ""policy_current"", ""calling_station""]","[-100.0, 200.0, -100.0]","[-50.0, 100.0, -50.0]"
current_vs_2x_calling_station,891,48,"[1, 2, 0]","[""calling_station"", ""calling_station"", ""policy_current""]","[-2.0, 2.0, 0.0]","[-1.0, 1.0, 0.0]"
current_vs_2x_calling_station,892,48,"[2, 0, 1]","[""calling_station"", ""policy_current"", ""calling_station""]","[-100.0, 200.0, -100.0]","[-50.0, 100.0, -50.0]"
current_vs_2x_calling_station,893,48,"[2, 1, 0]","[""calling_station"", ""calling_station"", ""policy_current""]","[-2.0, 2.0, 0.0]","[-1.0, 1.0, 0.0]"
current_vs_2x_calling_station,894,49,"[0, 1, 2]","[""policy_current"", ""calling_station"", ""calling_station""]","[-1.0, 0.5, 0.5]","[-0.5, 0.25, 0.25]"
current_vs_2x_calling_station,895,49,"[0, 2, 1]","[""policy_current"", ""calling_station"", ""calling_station""]","[-1.0, 0.5, 0.5]","[-0.5, 0.25, 0.25]"
current_vs_2x_calling_station,896,49,"[1, 0, 2]","[""calling_station"", ""policy_current"", ""calling_station""]","[16.0, -8.0, -8.0]","[8.0, -4.0, -4.0]"
current_vs_2x_calling_station,897,49,"[1, 2, 0]","[""calling_station"", ""calling_station"", ""policy_current""]","[2.0, -2.0, 0.0]","[1.0, -1.0, 0.0]"
current_vs_2x_calling_station,898,49,"[2, 0, 1]","[""calling_station"", ""policy_current"", ""calling_station""]","[16.0, -8.0, -8.0]","[8.0, -4.0, -4.0]"
current_vs_2x_calling_station,899,49,"[2, 1, 0]","[""calling_station"", ""calling_station"", ""policy_current""]","[2.0, -2.0, 0.0]","[1.0, -1.0, 0.0]"
current_vs_2x_calling_station,900,50,"[0, 1, 2]","[""policy_current"", ""calling_station"", ""calling_station""]","[-2.0, 4.0, -2.0]","[-1.0, 2.0, -1.0]"
current_vs_2x_calling_station,901,50,"[0, 2, 1]","[""policy_current"", ""calling_station"", ""calling_station""]","[-2.0, 4.0, -2.0]","[-1.0, 2.0, -1.0]"
current_vs_2x_calling_station,902,50,"[1, 0, 2]","[""calling_station"", ""policy_current"", ""calling_station""]","[-100.0, 200.0, -100.0]","[-50.0, 100.0, -50.0]"
current_vs_2x_calling_station,903,50,"[1, 2, 0]","[""calling_station"", ""calling_station"", ""policy_current""]","[-8.0, 16.0, -8.0]","[-4.0, 8.0, -4.0]"
current_vs_2x_calling_station,904,50,"[2, 0, 1]","[""calling_station"", ""policy_current"", ""calling_station""]","[-100.0, 200.0, -100.0]","[-50.0, 100.0, -50.0]"
current_vs_2x_calling_station,905,50,"[2, 1, 0]","[""calling_station"", ""calling_station"", ""policy_current""]","[-8.0, 16.0, -8.0]","[-4.0, 8.0, -4.0]"
current_vs_2x_calling_station,906,51,"[0, 1, 2]","[""policy_current"", ""calling_station"", ""calling_station""]","[-1.0, 3.0, -2.0]","[-0.5, 1.5, -1.0]"
current_vs_2x_calling_station,907,51,"[0, 2, 1]","[""policy_current"", ""calling_station"", ""calling_station""]","[-1.0, 3.0, -2.0]","[-0.5, 1.5, -1.0]"
current_vs_2x_calling_station,908,51,"[1, 0, 2]","[""calling_station"", ""policy_current"", ""calling_station""]","[-100.0, 200.0, -100.0]","[-50.0, 100.0, -50.0]"
current_vs_2x_calling_station,909,51,"[1, 2, 0]","[""calling_station"", ""calling_station"", ""policy_current""]","[-2.0, 2.0, 0.0]","[-1.0, 1.0, 0.0]"
current_vs_2x_calling_station,910,51,"[2, 0, 1]","[""calling_station"", ""policy_current"", ""calling_station""]","[-100.0, 200.0, -100.0]","[-50.0, 100.0, -50.0]"
current_vs_2x_calling_station,911,51,"[2, 1, 0]","[""calling_station"", ""calling_station"", ""policy_current""]","[-2.0, 2.0, 0.0]","[-1.0, 1.0, 0.0]"
current_vs_2x_calling_station,912,52,"[0, 1, 2]","[""policy_current"", ""calling_station"", ""calling_station""]","[-1.0, -8.0, 9.0]","[-0.5, -4.0, 4.5]"
current_vs_2x_calling_station,913,52,"[0, 2, 1]","[""policy_current"", ""calling_station"", ""calling_station""]","[-1.0, -8.0, 9.0]","[-0.5, -4.0, 4.5]"
current_vs_2x_calling_station,914,52,"[1, 0, 2]","[""calling_station"", ""policy_current"", ""calling_station""]","[-100.0, -100.0, 200.0]","[-50.0, -50.0, 100.0]"
current_vs_2x_calling_station,915,52,"[1, 2, 0]","[""calling_station"", ""calling_station"", ""policy_current""]","[-100.0, -100.0, 200.0]","[-50.0, -50.0, 100.0]"
current_vs_2x_calling_station,916,52,"[2, 0, 1]","[""calling_station"", ""policy_current"", ""calling_station""]","[-100.0, -100.0, 200.0]","[-50.0, -50.0, 100.0]"
current_vs_2x_calling_station,917,52,"[2, 1, 0]","[""calling_station"", ""calling_station"", ""policy_current""]","[-100.0, -100.0, 200.0]","[-50.0, -50.0, 100.0]"
current_vs_2x_calling_station,918,53,"[0, 1, 2]","[""policy_current"", ""calling_station"", ""calling_station""]","[40.0, -20.0, -20.0]","[20.0, -10.0, -10.0]"
current_vs_2x_calling_station,919,53,"[0, 2, 1]","[""policy_current"", ""calling_station"", ""calling_station""]","[40.0, -20.0, -20.0]","[20.0, -10.0, -10.0]"
current_vs_2x_calling_station,920,53,"[1, 0, 2]","[""calling_station"", ""policy_current"", ""calling_station""]","[200.0, -100.0, -100.0]","[100.0, -50.0, -50.0]"
current_vs_2x_calling_station,921,53,"[1, 2, 0]","[""calling_station"", ""calling_station"", ""policy_current""]","[2.0, -2.0, 0.0]","[1.0, -1.0, 0.0]"
current_vs_2x_calling_station,922,53,"[2, 0, 1]","[""calling_station"", ""policy_current"", ""calling_station""]","[200.0, -100.0, -100.0]","[100.0, -50.0, -50.0]"
current_vs_2x_calling_station,923,53,"[2, 1, 0]","[""calling_station"", ""calling_station"", ""policy_current""]","[2.0, -2.0, 0.0]","[1.0, -1.0, 0.0]"
current_vs_2x_calling_station,924,54,"[0, 1, 2]","[""policy_current"", ""calling_station"", ""calling_station""]","[-1.0, 3.0, -2.0]","[-0.5, 1.5, -1.0]"
current_vs_2x_calling_station,925,54,"[0, 2, 1]","[""policy_current"", ""calling_station"", ""calling_station""]","[-1.0, 3.0, -2.0]","[-0.5, 1.5, -1.0]"
current_vs_2x_calling_station,926,54,"[1, 0, 2]","[""calling_station"", ""policy_current"", ""calling_station""]","[-14.0, 28.0, -14.0]","[-7.0, 14.0, -7.0]"
current_vs_2x_calling_station,927,54,"[1, 2, 0]","[""calling_station"", ""calling_station"", ""policy_current""]","[-100.0, 200.0, -100.0]","[-50.0, 100.0, -50.0]"
current_vs_2x_calling_station,928,54,"[2, 0, 1]","[""calling_station"", ""policy_current"", ""calling_station""]","[-14.0, 28.0, -14.0]","[-7.0, 14.0, -7.0]"
current_vs_2x_calling_station,929,54,"[2, 1, 0]","[""calling_station"", ""calling_station"", ""policy_current""]","[-100.0, 200.0, -100.0]","[-50.0, 100.0, -50.0]"
current_vs_2x_calling_station,930,55,"[0, 1, 2]","[""policy_current"", ""calling_station"", ""calling_station""]","[-1.0, -2.0, 3.0]","[-0.5, -1.0, 1.5]"
current_vs_2x_calling_station,931,55,"[0, 2, 1]","[""policy_current"", ""calling_station"", ""calling_station""]","[-1.0, -2.0, 3.0]","[-0.5, -1.0, 1.5]"
current_vs_2x_calling_station,932,55,"[1, 0, 2]","[""calling_station"", ""policy_current"", ""calling_station""]","[200.0, -100.0, -100.0]","[100.0, -50.0, -50.0]"
current_vs_2x_calling_station,933,55,"[1, 2, 0]","[""calling_station"", ""calling_station"", ""policy_current""]","[200.0, -100.0, -100.0]","[100.0, -50.0, -50.0]"
current_vs_2x_calling_station,934,55,"[2, 0, 1]","[""calling_station"", ""policy_current"", ""calling_station""]","[200.0, -100.0, -100.0]","[100.0, -50.0, -50.0]"
current_vs_2x_calling_station,935,55,"[2, 1, 0]","[""calling_station"", ""calling_station"", ""policy_current""]","[200.0, -100.0, -100.0]","[100.0, -50.0, -50.0]"
current_vs_2x_calling_station,936,56,"[0, 1, 2]","[""policy_current"", ""calling_station"", ""calling_station""]","[-2.0, 4.0, -2.0]","[-1.0, 2.0, -1.0]"
current_vs_2x_calling_station,937,56,"[0, 2, 1]","[""policy_current"", ""calling_station"", ""calling_station""]","[-2.0, 4.0, -2.0]","[-1.0, 2.0, -1.0]"
current_vs_2x_calling_station,938,56,"[1, 0, 2]","[""calling_station"", ""policy_current"", ""calling_station""]","[10.0, -2.0, -8.0]","[5.0, -1.0, -4.0]"
current_vs_2x_calling_station,939,56,"[1, 2, 0]","[""calling_station"", ""calling_station"", ""policy_current""]","[-8.0, 8.0, 0.0]","[-4.0, 4.0, 0.0]"
current_vs_2x_calling_station,940,56,"[2, 0, 1]","[""calling_station"", ""policy_current"", ""calling_station""]","[10.0, -2.0, -8.0]","[5.0, -1.0, -4.0]"
current_vs_2x_calling_station,941,56,"[2, 1, 0]","[""calling_station"", ""calling_station"", ""policy_current""]","[-8.0, 8.0, 0.0]","[-4.0, 4.0, 0.0]"
current_vs_2x_calling_station,942,57,"[0, 1, 2]","[""policy_current"", ""calling_station"", ""calling_station""]","[-100.0, 200.0, -100.0]","[-50.0, 100.0, -50.0]"
current_vs_2x_calling_station,943,57,"[0, 2, 1]","[""policy_current"", ""calling_station"", ""calling_station""]","[-100.0, 200.0, -100.0]","[-50.0, 100.0, -50.0]"
current_vs_2x_calling_station,944,57,"[1, 0, 2]","[""calling_station"", ""policy_current"", ""calling_station""]","[-100.0, 200.0, -100.0]","[-50.0, 100.0, -50.0]"
current_vs_2x_calling_station,945,57,"[1, 2, 0]","[""calling_station"", ""calling_station"", ""policy_current""]","[-2.0, 2.0, 0.0]","[-1.0, 1.0, 0.0]"
current_vs_2x_calling_station,946,57,"[2, 0, 1]","[""calling_station"", ""policy_current"", ""calling_station""]","[-100.0, 200.0, -100.0]","[-50.0, 100.0, -50.0]"
current_vs_2x_calling_station,947,57,"[2, 1, 0]","[""calling_station"", ""calling_station"", ""policy_current""]","[-2.0, 2.0, 0.0]","[-1.0, 1.0, 0.0]"
current_vs_2x_calling_station,948,58,"[0, 1, 2]","[""policy_current"", ""calling_station"", ""calling_station""]","[-1.0, 3.0, -2.0]","[-0.5, 1.5, -1.0]"
current_vs_2x_calling_station,949,58,"[0, 2, 1]","[""policy_current"", ""calling_station"", ""calling_station""]","[-1.0, 3.0, -2.0]","[-0.5, 1.5, -1.0]"
current_vs_2x_calling_station,950,58,"[1, 0, 2]","[""calling_station"", ""policy_current"", ""calling_station""]","[-20.0, -14.0, 34.0]","[-10.0, -7.0, 17.0]"
current_vs_2x_calling_station,951,58,"[1, 2, 0]","[""calling_station"", ""calling_station"", ""policy_current""]","[-2.0, 2.0, 0.0]","[-1.0, 1.0, 0.0]"
current_vs_2x_calling_station,952,58,"[2, 0, 1]","[""calling_station"", ""policy_current"", ""calling_station""]","[-20.0, -14.0, 34.0]","[-10.0, -7.0, 17.0]"
current_vs_2x_calling_station,953,58,"[2, 1, 0]","[""calling_station"", ""calling_station"", ""policy_current""]","[-2.0, 2.0, 0.0]","[-1.0, 1.0, 0.0]"
current_vs_2x_calling_station,954,59,"[0, 1, 2]","[""policy_current"", ""calling_station"", ""calling_station""]","[-1.0, -8.0, 9.0]","[-0.5, -4.0, 4.5]"
current_vs_2x_calling_station,955,59,"[0, 2, 1]","[""policy_current"", ""calling_station"", ""calling_station""]","[-1.0, -8.0, 9.0]","[-0.5, -4.0, 4.5]"
current_vs_2x_calling_station,956,59,"[1, 0, 2]","[""calling_station"", ""policy_current"", ""calling_station""]","[-100.0, -100.0, 200.0]","[-50.0, -50.0, 100.0]"
current_vs_2x_calling_station,957,59,"[1, 2, 0]","[""calling_station"", ""calling_station"", ""policy_current""]","[-100.0, -100.0, 200.0]","[-50.0, -50.0, 100.0]"
current_vs_2x_calling_station,958,59,"[2, 0, 1]","[""calling_station"", ""policy_current"", ""calling_station""]","[-100.0, -100.0, 200.0]","[-50.0, -50.0, 100.0]"
current_vs_2x_calling_station,959,59,"[2, 1, 0]","[""calling_station"", ""calling_station"", ""policy_current""]","[-100.0, -100.0, 200.0]","[-50.0, -50.0, 100.0]"
current_vs_2x_calling_station,960,60,"[0, 1, 2]","[""policy_current"", ""calling_station"", ""calling_station""]","[200.0, -100.0, -100.0]","[100.0, -50.0, -50.0]"
current_vs_2x_calling_station,961,60,"[0, 2, 1]","[""policy_current"", ""calling_station"", ""calling_station""]","[200.0, -100.0, -100.0]","[100.0, -50.0, -50.0]"
current_vs_2x_calling_station,962,60,"[1, 0, 2]","[""calling_station"", ""policy_current"", ""calling_station""]","[200.0, -100.0, -100.0]","[100.0, -50.0, -50.0]"
current_vs_2x_calling_station,963,60,"[1, 2, 0]","[""calling_station"", ""calling_station"", ""policy_current""]","[200.0, -100.0, -100.0]","[100.0, -50.0, -50.0]"
current_vs_2x_calling_station,964,60,"[2, 0, 1]","[""calling_station"", ""policy_current"", ""calling_station""]","[200.0, -100.0, -100.0]","[100.0, -50.0, -50.0]"
current_vs_2x_calling_station,965,60,"[2, 1, 0]","[""calling_station"", ""calling_station"", ""policy_current""]","[200.0, -100.0, -100.0]","[100.0, -50.0, -50.0]"
current_vs_2x_calling_station,966,61,"[0, 1, 2]","[""policy_current"", ""calling_station"", ""calling_station""]","[200.0, -100.0, -100.0]","[100.0, -50.0, -50.0]"
current_vs_2x_calling_station,967,61,"[0, 2, 1]","[""policy_current"", ""calling_station"", ""calling_station""]","[200.0, -100.0, -100.0]","[100.0, -50.0, -50.0]"
current_vs_2x_calling_station,968,61,"[1, 0, 2]","[""calling_station"", ""policy_current"", ""calling_station""]","[200.0, -100.0, -100.0]","[100.0, -50.0, -50.0]"
current_vs_2x_calling_station,969,61,"[1, 2, 0]","[""calling_station"", ""calling_station"", ""policy_current""]","[200.0, -100.0, -100.0]","[100.0, -50.0, -50.0]"
current_vs_2x_calling_station,970,61,"[2, 0, 1]","[""calling_station"", ""policy_current"", ""calling_station""]","[200.0, -100.0, -100.0]","[100.0, -50.0, -50.0]"
current_vs_2x_calling_station,971,61,"[2, 1, 0]","[""calling_station"", ""calling_station"", ""policy_current""]","[200.0, -100.0, -100.0]","[100.0, -50.0, -50.0]"
current_vs_2x_calling_station,972,62,"[0, 1, 2]","[""policy_current"", ""calling_station"", ""calling_station""]","[-1.0, 3.0, -2.0]","[-0.5, 1.5, -1.0]"
current_vs_2x_calling_station,973,62,"[0, 2, 1]","[""policy_current"", ""calling_station"", ""calling_station""]","[-1.0, 3.0, -2.0]","[-0.5, 1.5, -1.0]"
current_vs_2x_calling_station,974,62,"[1, 0, 2]","[""calling_station"", ""policy_current"", ""calling_station""]","[-100.0, 200.0, -100.0]","[-50.0, 100.0, -50.0]"
current_vs_2x_calling_station,975,62,"[1, 2, 0]","[""calling_station"", ""calling_station"", ""policy_current""]","[-2.0, 2.0, 0.0]","[-1.0, 1.0, 0.0]"
current_vs_2x_calling_station,976,62,"[2, 0, 1]","[""calling_station"", ""policy_current"", ""calling_station""]","[-100.0, 200.0, -100.0]","[-50.0, 100.0, -50.0]"
current_vs_2x_calling_station,977,62,"[2, 1, 0]","[""calling_station"", ""calling_station"", ""policy_current""]","[-2.0, 2.0, 0.0]","[-1.0, 1.0, 0.0]"
current_vs_2x_calling_station,978,63,"[0, 1, 2]","[""policy_current"", ""calling_station"", ""calling_station""]","[-1.0, -2.0, 3.0]","[-0.5, -1.0, 1.5]"
current_vs_2x_calling_station,979,63,"[0, 2, 1]","[""policy_current"", ""calling_station"", ""calling_station""]","[-1.0, -2.0, 3.0]","[-0.5, -1.0, 1.5]"
current_vs_2x_calling_station,980,63,"[1, 0, 2]","[""calling_station"", ""policy_current"", ""calling_station""]","[-14.0, -14.0, 28.0]","[-7.0, -7.0, 14.0]"
current_vs_2x_calling_station,981,63,"[1, 2, 0]","[""calling_station"", ""calling_station"", ""policy_current""]","[-100.0, -100.0, 200.0]","[-50.0, -50.0, 100.0]"
current_vs_2x_calling_station,982,63,"[2, 0, 1]","[""calling_station"", ""policy_current"", ""calling_station""]","[-14.0, -14.0, 28.0]","[-7.0, -7.0, 14.0]"
current_vs_2x_calling_station,983,63,"[2, 1, 0]","[""calling_station"", ""calling_station"", ""policy_current""]","[-100.0, -100.0, 200.0]","[-50.0, -50.0, 100.0]"
current_vs_2x_calling_station,984,64,"[0, 1, 2]","[""policy_current"", ""calling_station"", ""calling_station""]","[-1.0, 3.0, -2.0]","[-0.5, 1.5, -1.0]"
current_vs_2x_calling_station,985,64,"[0, 2, 1]","[""policy_current"", ""calling_station"", ""calling_station""]","[-1.0, 3.0, -2.0]","[-0.5, 1.5, -1.0]"
current_vs_2x_calling_station,986,64,"[1, 0, 2]","[""calling_station"", ""policy_current"", ""calling_station""]","[200.0, -100.0, -100.0]","[100.0, -50.0, -50.0]"
current_vs_2x_calling_station,987,64,"[1, 2, 0]","[""calling_station"", ""calling_station"", ""policy_current""]","[2.0, -2.0, 0.0]","[1.0, -1.0, 0.0]"
current_vs_2x_calling_station,988,64,"[2, 0, 1]","[""calling_station"", ""policy_current"", ""calling_station""]","[200.0, -100.0, -100.0]","[100.0, -50.0, -50.0]"
current_vs_2x_calling_station,989,64,"[2, 1, 0]","[""calling_station"", ""calling_station"", ""policy_current""]","[2.0, -2.0, 0.0]","[1.0, -1.0, 0.0]"
current_vs_2x_calling_station,990,65,"[0, 1, 2]","[""policy_current"", ""calling_station"", ""calling_station""]","[-1.0, -2.0, 3.0]","[-0.5, -1.0, 1.5]"
current_vs_2x_calling_station,991,65,"[0, 2, 1]","[""policy_current"", ""calling_station"", ""calling_station""]","[-1.0, -2.0, 3.0]","[-0.5, -1.0, 1.5]"
current_vs_2x_calling_station,992,65,"[1, 0, 2]","[""calling_station"", ""policy_current"", ""calling_station""]","[-100.0, -100.0, 200.0]","[-50.0, -50.0, 100.0]"
current_vs_2x_calling_station,993,65,"[1, 2, 0]","[""calling_station"", ""calling_station"", ""policy_current""]","[-2.0, 2.0, 0.0]","[-1.0, 1.0, 0.0]"
current_vs_2x_calling_station,994,65,"[2, 0, 1]","[""calling_station"", ""policy_current"", ""calling_station""]","[-100.0, -100.0, 200.0]","[-50.0, -50.0, 100.0]"
current_vs_2x_calling_station,995,65,"[2, 1, 0]","[""calling_station"", ""calling_station"", ""policy_current""]","[-2.0, 2.0, 0.0]","[-1.0, 1.0, 0.0]"
current_vs_2x_calling_station,996,66,"[0, 1, 2]","[""policy_current"", ""calling_station"", ""calling_station""]","[-100.0, -100.0, 200.0]","[-50.0, -50.0, 100.0]"
current_vs_2x_calling_station,997,66,"[0, 2, 1]","[""policy_current"", ""calling_station"", ""calling_station""]","[-100.0, -100.0, 200.0]","[-50.0, -50.0, 100.0]"
current_vs_2x_calling_station,998,66,"[1, 0, 2]","[""calling_station"", ""policy_current"", ""calling_station""]","[-100.0, -100.0, 200.0]","[-50.0, -50.0, 100.0]"
current_vs_2x_calling_station,999,66,"[1, 2, 0]","[""calling_station"", ""calling_station"", ""policy_current""]","[10.0, -8.0, -2.0]","[5.0, -4.0, -1.0]"
current_vs_2x_calling_station,1000,66,"[2, 0, 1]","[""calling_station"", ""policy_current"", ""calling_station""]","[-100.0, -100.0, 200.0]","[-50.0, -50.0, 100.0]"
current_vs_2x_calling_station,1001,66,"[2, 1, 0]","[""calling_station"", ""calling_station"", ""policy_current""]","[10.0, -8.0, -2.0]","[5.0, -4.0, -1.0]"
current_vs_2x_calling_station,1002,67,"[0, 1, 2]","[""policy_current"", ""calling_station"", ""calling_station""]","[-100.0, 50.0, 50.0]","[-50.0, 25.0, 25.0]"
current_vs_2x_calling_station,1003,67,"[0, 2, 1]","[""policy_current"", ""calling_station"", ""calling_station""]","[-100.0, 50.0, 50.0]","[-50.0, 25.0, 25.0]"
current_vs_2x_calling_station,1004,67,"[1, 0, 2]","[""calling_station"", ""policy_current"", ""calling_station""]","[-100.0, 50.0, 50.0]","[-50.0, 25.0, 25.0]"
current_vs_2x_calling_station,1005,67,"[1, 2, 0]","[""calling_station"", ""calling_station"", ""policy_current""]","[-8.0, 4.0, 4.0]","[-4.0, 2.0, 2.0]"
current_vs_2x_calling_station,1006,67,"[2, 0, 1]","[""calling_station"", ""policy_current"", ""calling_station""]","[-100.0, 50.0, 50.0]","[-50.0, 25.0, 25.0]"
current_vs_2x_calling_station,1007,67,"[2, 1, 0]","[""calling_station"", ""calling_station"", ""policy_current""]","[-8.0, 4.0, 4.0]","[-4.0, 2.0, 2.0]"
current_vs_2x_calling_station,1008,68,"[0, 1, 2]","[""policy_current"", ""calling_station"", ""calling_station""]","[-100.0, -100.0, 200.0]","[-50.0, -50.0, 100.0]"
current_vs_2x_calling_station,1009,68,"[0, 2, 1]","[""policy_current"", ""calling_station"", ""calling_station""]","[-100.0, -100.0, 200.0]","[-50.0, -50.0, 100.0]"
current_vs_2x_calling_station,1010,68,"[1, 0, 2]","[""calling_station"", ""policy_current"", ""calling_station""]","[-100.0, -100.0, 200.0]","[-50.0, -50.0, 100.0]"
current_vs_2x_calling_station,1011,68,"[1, 2, 0]","[""calling_station"", ""calling_station"", ""policy_current""]","[-100.0, -100.0, 200.0]","[-50.0, -50.0, 100.0]"
current_vs_2x_calling_station,1012,68,"[2, 0, 1]","[""calling_station"", ""policy_current"", ""calling_station""]","[-100.0, -100.0, 200.0]","[-50.0, -50.0, 100.0]"
current_vs_2x_calling_station,1013,68,"[2, 1, 0]","[""calling_station"", ""calling_station"", ""policy_current""]","[-100.0, -100.0, 200.0]","[-50.0, -50.0, 100.0]"
current_vs_2x_calling_station,1014,69,"[0, 1, 2]","[""policy_current"", ""calling_station"", ""calling_station""]","[200.0, -100.0, -100.0]","[100.0, -50.0, -50.0]"
current_vs_2x_calling_station,1015,69,"[0, 2, 1]","[""policy_current"", ""calling_station"", ""calling_station""]","[200.0, -100.0, -100.0]","[100.0, -50.0, -50.0]"
current_vs_2x_calling_station,1016,69,"[1, 0, 2]","[""calling_station"", ""policy_current"", ""calling_station""]","[200.0, -100.0, -100.0]","[100.0, -50.0, -50.0]"
current_vs_2x_calling_station,1017,69,"[1, 2, 0]","[""calling_station"", ""calling_station"", ""policy_current""]","[200.0, -100.0, -100.0]","[100.0, -50.0, -50.0]"
current_vs_2x_calling_station,1018,69,"[2, 0, 1]","[""calling_station"", ""policy_current"", ""calling_station""]","[200.0, -100.0, -100.0]","[100.0, -50.0, -50.0]"
current_vs_2x_calling_station,1019,69,"[2, 1, 0]","[""calling_station"", ""calling_station"", ""policy_current""]","[200.0, -100.0, -100.0]","[100.0, -50.0, -50.0]"
current_vs_2x_calling_station,1020,70,"[0, 1, 2]","[""policy_current"", ""calling_station"", ""calling_station""]","[-1.0, -2.0, 3.0]","[-0.5, -1.0, 1.5]"
current_vs_2x_calling_station,1021,70,"[0, 2, 1]","[""policy_current"", ""calling_station"", ""calling_station""]","[-1.0, -2.0, 3.0]","[-0.5, -1.0, 1.5]"
current_vs_2x_calling_station,1022,70,"[1, 0, 2]","[""calling_station"", ""policy_current"", ""calling_station""]","[-14.0, -8.0, 22.0]","[-7.0, -4.0, 11.0]"
current_vs_2x_calling_station,1023,70,"[1, 2, 0]","[""calling_station"", ""calling_station"", ""policy_current""]","[22.0, -14.0, -8.0]","[11.0, -7.0, -4.0]"
current_vs_2x_calling_station,1024,70,"[2, 0, 1]","[""calling_station"", ""policy_current"", ""calling_station""]","[-14.0, -8.0, 22.0]","[-7.0, -4.0, 11.0]"
current_vs_2x_calling_station,1025,70,"[2, 1, 0]","[""calling_station"", ""calling_station"", ""policy_current""]","[22.0, -14.0, -8.0]","[11.0, -7.0, -4.0]"
current_vs_2x_calling_station,1026,71,"[0, 1, 2]","[""policy_current"", ""calling_station"", ""calling_station""]","[-1.0, 3.0, -2.0]","[-0.5, 1.5, -1.0]"
current_vs_2x_calling_station,1027,71,"[0, 2, 1]","[""policy_current"", ""calling_station"", ""calling_station""]","[-1.0, 3.0, -2.0]","[-0.5, 1.5, -1.0]"
current_vs_2x_calling_station,1028,71,"[1, 0, 2]","[""calling_station"", ""policy_current"", ""calling_station""]","[-14.0, 28.0, -14.0]","[-7.0, 14.0, -7.0]"
current_vs_2x_calling_station,1029,71,"[1, 2, 0]","[""calling_station"", ""calling_station"", ""policy_current""]","[-100.0, 200.0, -100.0]","[-50.0, 100.0, -50.0]"
current_vs_2x_calling_station,1030,71,"[2, 0, 1]","[""calling_station"", ""policy_current"", ""calling_station""]","[-14.0, 28.0, -14.0]","[-7.0, 14.0, -7.0]"
current_vs_2x_calling_station,1031,71,"[2, 1, 0]","[""calling_station"", ""calling_station"", ""policy_current""]","[-100.0, 200.0, -100.0]","[-50.0, 100.0, -50.0]"
current_vs_2x_calling_station,1032,72,"[0, 1, 2]","[""policy_current"", ""calling_station"", ""calling_station""]","[-1.0, 3.0, -2.0]","[-0.5, 1.5, -1.0]"
current_vs_2x_calling_station,1033,72,"[0, 2, 1]","[""policy_current"", ""calling_station"", ""calling_station""]","[-1.0, 3.0, -2.0]","[-0.5, 1.5, -1.0]"
current_vs_2x_calling_station,1034,72,"[1, 0, 2]","[""calling_station"", ""policy_current"", ""calling_station""]","[-8.0, 16.0, -8.0]","[-4.0, 8.0, -4.0]"
current_vs_2x_calling_station,1035,72,"[1, 2, 0]","[""calling_station"", ""calling_station"", ""policy_current""]","[-100.0, 200.0, -100.0]","[-50.0, 100.0, -50.0]"
current_vs_2x_calling_station,1036,72,"[2, 0, 1]","[""calling_station"", ""policy_current"", ""calling_station""]","[-8.0, 16.0, -8.0]","[-4.0, 8.0, -4.0]"
current_vs_2x_calling_station,1037,72,"[2, 1, 0]","[""calling_station"", ""calling_station"", ""policy_current""]","[-100.0, 200.0, -100.0]","[-50.0, 100.0, -50.0]"
current_vs_2x_calling_station,1038,73,"[0, 1, 2]","[""policy_current"", ""calling_station"", ""calling_station""]","[200.0, -100.0, -100.0]","[100.0, -50.0, -50.0]"
current_vs_2x_calling_station,1039,73,"[0, 2, 1]","[""policy_current"", ""calling_station"", ""calling_station""]","[200.0, -100.0, -100.0]","[100.0, -50.0, -50.0]"
current_vs_2x_calling_station,1040,73,"[1, 0, 2]","[""calling_station"", ""policy_current"", ""calling_station""]","[200.0, -100.0, -100.0]","[100.0, -50.0, -50.0]"
current_vs_2x_calling_station,1041,73,"[1, 2, 0]","[""calling_station"", ""calling_station"", ""policy_current""]","[200.0, -100.0, -100.0]","[100.0, -50.0, -50.0]"
current_vs_2x_calling_station,1042,73,"[2, 0, 1]","[""calling_station"", ""policy_current"", ""calling_station""]","[200.0, -100.0, -100.0]","[100.0, -50.0, -50.0]"
current_vs_2x_calling_station,1043,73,"[2, 1, 0]","[""calling_station"", ""calling_station"", ""policy_current""]","[200.0, -100.0, -100.0]","[100.0, -50.0, -50.0]"
current_vs_2x_calling_station,1044,74,"[0, 1, 2]","[""policy_current"", ""calling_station"", ""calling_station""]","[-1.0, 3.0, -2.0]","[-0.5, 1.5, -1.0]"
current_vs_2x_calling_station,1045,74,"[0, 2, 1]","[""policy_current"", ""calling_station"", ""calling_station""]","[-1.0, 3.0, -2.0]","[-0.5, 1.5, -1.0]"
current_vs_2x_calling_station,1046,74,"[1, 0, 2]","[""calling_station"", ""policy_current"", ""calling_station""]","[200.0, -100.0, -100.0]","[100.0, -50.0, -50.0]"
current_vs_2x_calling_station,1047,74,"[1, 2, 0]","[""calling_station"", ""calling_station"", ""policy_current""]","[200.0, -100.0, -100.0]","[100.0, -50.0, -50.0]"
current_vs_2x_calling_station,1048,74,"[2, 0, 1]","[""calling_station"", ""policy_current"", ""calling_station""]","[200.0, -100.0, -100.0]","[100.0, -50.0, -50.0]"
current_vs_2x_calling_station,1049,74,"[2, 1, 0]","[""calling_station"", ""calling_station"", ""policy_current""]","[200.0, -100.0, -100.0]","[100.0, -50.0, -50.0]"
current_vs_2x_calling_station,1050,75,"[0, 1, 2]","[""policy_current"", ""calling_station"", ""calling_station""]","[-1.0, 3.0, -2.0]","[-0.5, 1.5, -1.0]"
current_vs_2x_calling_station,1051,75,"[0, 2, 1]","[""policy_current"", ""calling_station"", ""calling_station""]","[-1.0, 3.0, -2.0]","[-0.5, 1.5, -1.0]"
current_vs_2x_calling_station,1052,75,"[1, 0, 2]","[""calling_station"", ""policy_current"", ""calling_station""]","[-100.0, 200.0, -100.0]","[-50.0, 100.0, -50.0]"
current_vs_2x_calling_station,1053,75,"[1, 2, 0]","[""calling_station"", ""calling_station"", ""policy_current""]","[-100.0, 200.0, -100.0]","[-50.0, 100.0, -50.0]"
current_vs_2x_calling_station,1054,75,"[2, 0, 1]","[""calling_station"", ""policy_current"", ""calling_station""]","[-100.0, 200.0, -100.0]","[-50.0, 100.0, -50.0]"
current_vs_2x_calling_station,1055,75,"[2, 1, 0]","[""calling_station"", ""calling_station"", ""policy_current""]","[-100.0, 200.0, -100.0]","[-50.0, 100.0, -50.0]"
current_vs_2x_calling_station,1056,76,"[0, 1, 2]","[""policy_current"", ""calling_station"", ""calling_station""]","[-100.0, 200.0, -100.0]","[-50.0, 100.0, -50.0]"
current_vs_2x_calling_station,1057,76,"[0, 2, 1]","[""policy_current"", ""calling_station"", ""calling_station""]","[-100.0, 200.0, -100.0]","[-50.0, 100.0, -50.0]"
current_vs_2x_calling_station,1058,76,"[1, 0, 2]","[""calling_station"", ""policy_current"", ""calling_station""]","[-100.0, 200.0, -100.0]","[-50.0, 100.0, -50.0]"
current_vs_2x_calling_station,1059,76,"[1, 2, 0]","[""calling_station"", ""calling_station"", ""policy_current""]","[-100.0, 200.0, -100.0]","[-50.0, 100.0, -50.0]"
current_vs_2x_calling_station,1060,76,"[2, 0, 1]","[""calling_station"", ""policy_current"", ""calling_station""]","[-100.0, 200.0, -100.0]","[-50.0, 100.0, -50.0]"
current_vs_2x_calling_station,1061,76,"[2, 1, 0]","[""calling_station"", ""calling_station"", ""policy_current""]","[-100.0, 200.0, -100.0]","[-50.0, 100.0, -50.0]"
current_vs_2x_calling_station,1062,77,"[0, 1, 2]","[""policy_current"", ""calling_station"", ""calling_station""]","[-1.0, -8.0, 9.0]","[-0.5, -4.0, 4.5]"
current_vs_2x_calling_station,1063,77,"[0, 2, 1]","[""policy_current"", ""calling_station"", ""calling_station""]","[-1.0, -8.0, 9.0]","[-0.5, -4.0, 4.5]"
current_vs_2x_calling_station,1064,77,"[1, 0, 2]","[""calling_station"", ""policy_current"", ""calling_station""]","[-14.0, -14.0, 28.0]","[-7.0, -7.0, 14.0]"
current_vs_2x_calling_station,1065,77,"[1, 2, 0]","[""calling_station"", ""calling_station"", ""policy_current""]","[-14.0, -14.0, 28.0]","[-7.0, -7.0, 14.0]"
current_vs_2x_calling_station,1066,77,"[2, 0, 1]","[""calling_station"", ""policy_current"", ""calling_station""]","[-14.0, -14.0, 28.0]","[-7.0, -7.0, 14.0]"
current_vs_2x_calling_station,1067,77,"[2, 1, 0]","[""calling_station"", ""calling_station"", ""policy_current""]","[-14.0, -14.0, 28.0]","[-7.0, -7.0, 14.0]"
current_vs_2x_calling_station,1068,78,"[0, 1, 2]","[""policy_current"", ""calling_station"", ""calling_station""]","[-1.0, -2.0, 3.0]","[-0.5, -1.0, 1.5]"
current_vs_2x_calling_station,1069,78,"[0, 2, 1]","[""policy_current"", ""calling_station"", ""calling_station""]","[-1.0, -2.0, 3.0]","[-0.5, -1.0, 1.5]"
current_vs_2x_calling_station,1070,78,"[1, 0, 2]","[""calling_station"", ""policy_current"", ""calling_station""]","[-100.0, -100.0, 200.0]","[-50.0, -50.0, 100.0]"
current_vs_2x_calling_station,1071,78,"[1, 2, 0]","[""calling_station"", ""calling_station"", ""policy_current""]","[-2.0, 2.0, 0.0]","[-1.0, 1.0, 0.0]"
current_vs_2x_calling_station,1072,78,"[2, 0, 1]","[""calling_station"", ""policy_current"", ""calling_station""]","[-100.0, -100.0, 200.0]","[-50.0, -50.0, 100.0]"
current_vs_2x_calling_station,1073,78,"[2, 1, 0]","[""calling_station"", ""calling_station"", ""policy_current""]","[-2.0, 2.0, 0.0]","[-1.0, 1.0, 0.0]"
current_vs_2x_calling_station,1074,79,"[0, 1, 2]","[""policy_current"", ""calling_station"", ""calling_station""]","[-20.0, 40.0, -20.0]","[-10.0, 20.0, -10.0]"
current_vs_2x_calling_station,1075,79,"[0, 2, 1]","[""policy_current"", ""calling_station"", ""calling_station""]","[-20.0, 40.0, -20.0]","[-10.0, 20.0, -10.0]"
current_vs_2x_calling_station,1076,79,"[1, 0, 2]","[""calling_station"", ""policy_current"", ""calling_station""]","[-100.0, 200.0, -100.0]","[-50.0, 100.0, -50.0]"
current_vs_2x_calling_station,1077,79,"[1, 2, 0]","[""calling_station"", ""calling_station"", ""policy_current""]","[-100.0, 200.0, -100.0]","[-50.0, 100.0, -50.0]"
current_vs_2x_calling_station,1078,79,"[2, 0, 1]","[""calling_station"", ""policy_current"", ""calling_station""]","[-100.0, 200.0, -100.0]","[-50.0, 100.0, -50.0]"
current_vs_2x_calling_station,1079,79,"[2, 1, 0]","[""calling_station"", ""calling_station"", ""policy_current""]","[-100.0, 200.0, -100.0]","[-50.0, 100.0, -50.0]"
current_vs_2x_calling_station,1080,80,"[0, 1, 2]","[""policy_current"", ""calling_station"", ""calling_station""]","[-1.0, -2.0, 3.0]","[-0.5, -1.0, 1.5]"
current_vs_2x_calling_station,1081,80,"[0, 2, 1]","[""policy_current"", ""calling_station"", ""calling_station""]","[-1.0, -2.0, 3.0]","[-0.5, -1.0, 1.5]"
current_vs_2x_calling_station,1082,80,"[1, 0, 2]","[""calling_station"", ""policy_current"", ""calling_station""]","[-100.0, -100.0, 200.0]","[-50.0, -50.0, 100.0]"
current_vs_2x_calling_station,1083,80,"[1, 2, 0]","[""calling_station"", ""calling_station"", ""policy_current""]","[2.0, -2.0, 0.0]","[1.0, -1.0, 0.0]"
current_vs_2x_calling_station,1084,80,"[2, 0, 1]","[""calling_station"", ""policy_current"", ""calling_station""]","[-100.0, -100.0, 200.0]","[-50.0, -50.0, 100.0]"
current_vs_2x_calling_station,1085,80,"[2, 1, 0]","[""calling_station"", ""calling_station"", ""policy_current""]","[2.0, -2.0, 0.0]","[1.0, -1.0, 0.0]"
current_vs_2x_calling_station,1086,81,"[0, 1, 2]","[""policy_current"", ""calling_station"", ""calling_station""]","[-100.0, 200.0, -100.0]","[-50.0, 100.0, -50.0]"
current_vs_2x_calling_station,1087,81,"[0, 2, 1]","[""policy_current"", ""calling_station"", ""calling_station""]","[-100.0, 200.0, -100.0]","[-50.0, 100.0, -50.0]"
current_vs_2x_calling_station,1088,81,"[1, 0, 2]","[""calling_station"", ""policy_current"", ""calling_station""]","[-100.0, 200.0, -100.0]","[-50.0, 100.0, -50.0]"
current_vs_2x_calling_station,1089,81,"[1, 2, 0]","[""calling_station"", ""calling_station"", ""policy_current""]","[-100.0, 200.0, -100.0]","[-50.0, 100.0, -50.0]"
current_vs_2x_calling_station,1090,81,"[2, 0, 1]","[""calling_station"", ""policy_current"", ""calling_station""]","[-100.0, 200.0, -100.0]","[-50.0, 100.0, -50.0]"
current_vs_2x_calling_station,1091,81,"[2, 1, 0]","[""calling_station"", ""calling_station"", ""policy_current""]","[-100.0, 200.0, -100.0]","[-50.0, 100.0, -50.0]"
current_vs_2x_calling_station,1092,82,"[0, 1, 2]","[""policy_current"", ""calling_station"", ""calling_station""]","[-1.0, 3.0, -2.0]","[-0.5, 1.5, -1.0]"
current_vs_2x_calling_station,1093,82,"[0, 2, 1]","[""policy_current"", ""calling_station"", ""calling_station""]","[-1.0, 3.0, -2.0]","[-0.5, 1.5, -1.0]"
current_vs_2x_calling_station,1094,82,"[1, 0, 2]","[""calling_station"", ""policy_current"", ""calling_station""]","[-100.0, 200.0, -100.0]","[-50.0, 100.0, -50.0]"
current_vs_2x_calling_station,1095,82,"[1, 2, 0]","[""calling_station"", ""calling_station"", ""policy_current""]","[-8.0, 8.0, 0.0]","[-4.0, 4.0, 0.0]"
current_vs_2x_calling_station,1096,82,"[2, 0, 1]","[""calling_station"", ""policy_current"", ""calling_station""]","[-100.0, 200.0, -100.0]","[-50.0, 100.0, -50.0]"
current_vs_2x_calling_station,1097,82,"[2, 1, 0]","[""calling_station"", ""calling_station"", ""policy_current""]","[-8.0, 8.0, 0.0]","[-4.0, 4.0, 0.0]"
current_vs_2x_calling_station,1098,83,"[0, 1, 2]","[""policy_current"", ""calling_station"", ""calling_station""]","[-1.0, -8.0, 9.0]","[-0.5, -4.0, 4.5]"
current_vs_2x_calling_station,1099,83,"[0, 2, 1]","[""policy_current"", ""calling_station"", ""calling_station""]","[-1.0, -8.0, 9.0]","[-0.5, -4.0, 4.5]"
current_vs_2x_calling_station,1100,83,"[1, 0, 2]","[""calling_station"", ""policy_current"", ""calling_station""]","[200.0, -100.0, -100.0]","[100.0, -50.0, -50.0]"
current_vs_2x_calling_station,1101,83,"[1, 2, 0]","[""calling_station"", ""calling_station"", ""policy_current""]","[200.0, -100.0, -100.0]","[100.0, -50.0, -50.0]"
current_vs_2x_calling_station,1102,83,"[2, 0, 1]","[""calling_station"", ""policy_current"", ""calling_station""]","[200.0, -100.0, -100.0]","[100.0, -50.0, -50.0]"
current_vs_2x_calling_station,1103,83,"[2, 1, 0]","[""calling_station"", ""calling_station"", ""policy_current""]","[200.0, -100.0, -100.0]","[100.0, -50.0, -50.0]"
current_vs_2x_calling_station,1104,84,"[0, 1, 2]","[""policy_current"", ""calling_station"", ""calling_station""]","[-1.0, -8.0, 9.0]","[-0.5, -4.0, 4.5]"
current_vs_2x_calling_station,1105,84,"[0, 2, 1]","[""policy_current"", ""calling_station"", ""calling_station""]","[-1.0, -8.0, 9.0]","[-0.5, -4.0, 4.5]"
current_vs_2x_calling_station,1106,84,"[1, 0, 2]","[""calling_station"", ""policy_current"", ""calling_station""]","[200.0, -100.0, -100.0]","[100.0, -50.0, -50.0]"
current_vs_2x_calling_station,1107,84,"[1, 2, 0]","[""calling_station"", ""calling_station"", ""policy_current""]","[200.0, -100.0, -100.0]","[100.0, -50.0, -50.0]"
current_vs_2x_calling_station,1108,84,"[2, 0, 1]","[""calling_station"", ""policy_current"", ""calling_station""]","[200.0, -100.0, -100.0]","[100.0, -50.0, -50.0]"
current_vs_2x_calling_station,1109,84,"[2, 1, 0]","[""calling_station"", ""calling_station"", ""policy_current""]","[200.0, -100.0, -100.0]","[100.0, -50.0, -50.0]"
current_vs_2x_calling_station,1110,85,"[0, 1, 2]","[""policy_current"", ""calling_station"", ""calling_station""]","[-100.0, 200.0, -100.0]","[-50.0, 100.0, -50.0]"
current_vs_2x_calling_station,1111,85,"[0, 2, 1]","[""policy_current"", ""calling_station"", ""calling_station""]","[-100.0, 200.0, -100.0]","[-50.0, 100.0, -50.0]"
current_vs_2x_calling_station,1112,85,"[1, 0, 2]","[""calling_station"", ""policy_current"", ""calling_station""]","[-100.0, 200.0, -100.0]","[-50.0, 100.0, -50.0]"
current_vs_2x_calling_station,1113,85,"[1, 2, 0]","[""calling_station"", ""calling_station"", ""policy_current""]","[-2.0, 2.0, 0.0]","[-1.0, 1.0, 0.0]"
current_vs_2x_calling_station,1114,85,"[2, 0, 1]","[""calling_station"", ""policy_current"", ""calling_station""]","[-100.0, 200.0, -100.0]","[-50.0, 100.0, -50.0]"
current_vs_2x_calling_station,1115,85,"[2, 1, 0]","[""calling_station"", ""calling_station"", ""policy_current""]","[-2.0, 2.0, 0.0]","[-1.0, 1.0, 0.0]"
current_vs_2x_calling_station,1116,86,"[0, 1, 2]","[""policy_current"", ""calling_station"", ""calling_station""]","[16.0, -8.0, -8.0]","[8.0, -4.0, -4.0]"
current_vs_2x_calling_station,1117,86,"[0, 2, 1]","[""policy_current"", ""calling_station"", ""calling_station""]","[16.0, -8.0, -8.0]","[8.0, -4.0, -4.0]"
current_vs_2x_calling_station,1118,86,"[1, 0, 2]","[""calling_station"", ""policy_current"", ""calling_station""]","[10.0, -2.0, -8.0]","[5.0, -1.0, -4.0]"
current_vs_2x_calling_station,1119,86,"[1, 2, 0]","[""calling_station"", ""calling_station"", ""policy_current""]","[2.0, -2.0, 0.0]","[1.0, -1.0, 0.0]"
current_vs_2x_calling_station,1120,86,"[2, 0, 1]","[""calling_station"", ""policy_current"", ""calling_station""]","[10.0, -2.0, -8.0]","[5.0, -1.0, -4.0]"
current_vs_2x_calling_station,1121,86,"[2, 1, 0]","[""calling_station"", ""calling_station"", ""policy_current""]","[2.0, -2.0, 0.0]","[1.0, -1.0, 0.0]"
current_vs_2x_calling_station,1122,87,"[0, 1, 2]","[""policy_current"", ""calling_station"", ""calling_station""]","[-14.0, 28.0, -14.0]","[-7.0, 14.0, -7.0]"
current_vs_2x_calling_station,1123,87,"[0, 2, 1]","[""policy_current"", ""calling_station"", ""calling_station""]","[-14.0, 28.0, -14.0]","[-7.0, 14.0, -7.0]"
current_vs_2x_calling_station,1124,87,"[1, 0, 2]","[""calling_station"", ""policy_current"", ""calling_station""]","[-8.0, 16.0, -8.0]","[-4.0, 8.0, -4.0]"
current_vs_2x_calling_station,1125,87,"[1, 2, 0]","[""calling_station"", ""calling_station"", ""policy_current""]","[-100.0, 200.0, -100.0]","[-50.0, 100.0, -50.0]"
current_vs_2x_calling_station,1126,87,"[2, 0, 1]","[""calling_station"", ""policy_current"", ""calling_station""]","[-8.0, 16.0, -8.0]","[-4.0, 8.0, -4.0]"
current_vs_2x_calling_station,1127,87,"[2, 1, 0]","[""calling_station"", ""calling_station"", ""policy_current""]","[-100.0, 200.0, -100.0]","[-50.0, 100.0, -50.0]"
current_vs_2x_calling_station,1128,88,"[0, 1, 2]","[""policy_current"", ""calling_station"", ""calling_station""]","[-2.0, -14.0, 16.0]","[-1.0, -7.0, 8.0]"
current_vs_2x_calling_station,1129,88,"[0, 2, 1]","[""policy_current"", ""calling_station"", ""calling_station""]","[-2.0, -14.0, 16.0]","[-1.0, -7.0, 8.0]"
current_vs_2x_calling_station,1130,88,"[1, 0, 2]","[""calling_station"", ""policy_current"", ""calling_station""]","[4.0, -2.0, -2.0]","[2.0, -1.0, -1.0]"
current_vs_2x_calling_station,1131,88,"[1, 2, 0]","[""calling_station"", ""calling_station"", ""policy_current""]","[200.0, -100.0, -100.0]","[100.0, -50.0, -50.0]"
current_vs_2x_calling_station,1132,88,"[2, 0, 1]","[""calling_station"", ""policy_current"", ""calling_station""]","[4.0, -2.0, -2.0]","[2.0, -1.0, -1.0]"
current_vs_2x_calling_station,1133,88,"[2, 1, 0]","[""calling_station"", ""calling_station"", ""policy_current""]","[200.0, -100.0, -100.0]","[100.0, -50.0, -50.0]"
current_vs_2x_calling_station,1134,89,"[0, 1, 2]","[""policy_current"", ""calling_station"", ""calling_station""]","[-1.0, 3.0, -2.0]","[-0.5, 1.5, -1.0]"
current_vs_2x_calling_station,1135,89,"[0, 2, 1]","[""policy_current"", ""calling_station"", ""calling_station""]","[-1.0, 3.0, -2.0]","[-0.5, 1.5, -1.0]"
current_vs_2x_calling_station,1136,89,"[1, 0, 2]","[""calling_station"", ""policy_current"", ""calling_station""]","[-8.0, 16.0, -8.0]","[-4.0, 8.0, -4.0]"
current_vs_2x_calling_station,1137,89,"[1, 2, 0]","[""calling_station"", ""calling_station"", ""policy_current""]","[-2.0, 2.0, 0.0]","[-1.0, 1.0, 0.0]"
current_vs_2x_calling_station,1138,89,"[2, 0, 1]","[""calling_station"", ""policy_current"", ""calling_station""]","[-8.0, 16.0, -8.0]","[-4.0, 8.0, -4.0]"
current_vs_2x_calling_station,1139,89,"[2, 1, 0]","[""calling_station"", ""calling_station"", ""policy_current""]","[-2.0, 2.0, 0.0]","[-1.0, 1.0, 0.0]"
current_vs_2x_calling_station,1140,90,"[0, 1, 2]","[""policy_current"", ""calling_station"", ""calling_station""]","[-1.0, 3.0, -2.0]","[-0.5, 1.5, -1.0]"
current_vs_2x_calling_station,1141,90,"[0, 2, 1]","[""policy_current"", ""calling_station"", ""calling_station""]","[-1.0, 3.0, -2.0]","[-0.5, 1.5, -1.0]"
current_vs_2x_calling_station,1142,90,"[1, 0, 2]","[""calling_station"", ""policy_current"", ""calling_station""]","[-100.0, 200.0, -100.0]","[-50.0, 100.0, -50.0]"
current_vs_2x_calling_station,1143,90,"[1, 2, 0]","[""calling_station"", ""calling_station"", ""policy_current""]","[-2.0, 2.0, 0.0]","[-1.0, 1.0, 0.0]"
current_vs_2x_calling_station,1144,90,"[2, 0, 1]","[""calling_station"", ""policy_current"", ""calling_station""]","[-100.0, 200.0, -100.0]","[-50.0, 100.0, -50.0]"
current_vs_2x_calling_station,1145,90,"[2, 1, 0]","[""calling_station"", ""calling_station"", ""policy_current""]","[-2.0, 2.0, 0.0]","[-1.0, 1.0, 0.0]"
current_vs_2x_calling_station,1146,91,"[0, 1, 2]","[""policy_current"", ""calling_station"", ""calling_station""]","[-1.0, 3.0, -2.0]","[-0.5, 1.5, -1.0]"
current_vs_2x_calling_station,1147,91,"[0, 2, 1]","[""policy_current"", ""calling_station"", ""calling_station""]","[-1.0, 3.0, -2.0]","[-0.5, 1.5, -1.0]"
current_vs_2x_calling_station,1148,91,"[1, 0, 2]","[""calling_station"", ""policy_current"", ""calling_station""]","[200.0, -100.0, -100.0]","[100.0, -50.0, -50.0]"
current_vs_2x_calling_station,1149,91,"[1, 2, 0]","[""calling_station"", ""calling_station"", ""policy_current""]","[2.0, -2.0, 0.0]","[1.0, -1.0, 0.0]"
current_vs_2x_calling_station,1150,91,"[2, 0, 1]","[""calling_station"", ""policy_current"", ""calling_station""]","[200.0, -100.0, -100.0]","[100.0, -50.0, -50.0]"
current_vs_2x_calling_station,1151,91,"[2, 1, 0]","[""calling_station"", ""calling_station"", ""policy_current""]","[2.0, -2.0, 0.0]","[1.0, -1.0, 0.0]"
current_vs_2x_calling_station,1152,92,"[0, 1, 2]","[""policy_current"", ""calling_station"", ""calling_station""]","[-8.0, -14.0, 22.0]","[-4.0, -7.0, 11.0]"
current_vs_2x_calling_station,1153,92,"[0, 2, 1]","[""policy_current"", ""calling_station"", ""calling_station""]","[-8.0, -14.0, 22.0]","[-4.0, -7.0, 11.0]"
current_vs_2x_calling_station,1154,92,"[1, 0, 2]","[""calling_station"", ""policy_current"", ""calling_station""]","[200.0, -100.0, -100.0]","[100.0, -50.0, -50.0]"
current_vs_2x_calling_station,1155,92,"[1, 2, 0]","[""calling_station"", ""calling_station"", ""policy_current""]","[8.0, -8.0, 0.0]","[4.0, -4.0, 0.0]"
current_vs_2x_calling_station,1156,92,"[2, 0, 1]","[""calling_station"", ""policy_current"", ""calling_station""]","[200.0, -100.0, -100.0]","[100.0, -50.0, -50.0]"
current_vs_2x_calling_station,1157,92,"[2, 1, 0]","[""calling_station"", ""calling_station"", ""policy_current""]","[8.0, -8.0, 0.0]","[4.0, -4.0, 0.0]"
current_vs_2x_calling_station,1158,93,"[0, 1, 2]","[""policy_current"", ""calling_station"", ""calling_station""]","[-1.0, -2.0, 3.0]","[-0.5, -1.0, 1.5]"
current_vs_2x_calling_station,1159,93,"[0, 2, 1]","[""policy_current"", ""calling_station"", ""calling_station""]","[-1.0, -2.0, 3.0]","[-0.5, -1.0, 1.5]"
current_vs_2x_calling_station,1160,93,"[1, 0, 2]","[""calling_station"", ""policy_current"", ""calling_station""]","[-100.0, -100.0, 200.0]","[-50.0, -50.0, 100.0]"
current_vs_2x_calling_station,1161,93,"[1, 2, 0]","[""calling_station"", ""calling_station"", ""policy_current""]","[-2.0, 2.0, 0.0]","[-1.0, 1.0, 0.0]"
current_vs_2x_calling_station,1162,93,"[2, 0, 1]","[""calling_station"", ""policy_current"", ""calling_station""]","[-100.0, -100.0, 200.0]","[-50.0, -50.0, 100.0]"
current_vs_2x_calling_station,1163,93,"[2, 1, 0]","[""calling_station"", ""calling_station"", ""policy_current""]","[-2.0, 2.0, 0.0]","[-1.0, 1.0, 0.0]"
current_vs_2x_calling_station,1164,94,"[0, 1, 2]","[""policy_current"", ""calling_station"", ""calling_station""]","[-1.0, 3.0, -2.0]","[-0.5, 1.5, -1.0]"
current_vs_2x_calling_station,1165,94,"[0, 2, 1]","[""policy_current"", ""calling_station"", ""calling_station""]","[-1.0, 3.0, -2.0]","[-0.5, 1.5, -1.0]"
current_vs_2x_calling_station,1166,94,"[1, 0, 2]","[""calling_station"", ""policy_current"", ""calling_station""]","[-100.0, 200.0, -100.0]","[-50.0, 100.0, -50.0]"
current_vs_2x_calling_station,1167,94,"[1, 2, 0]","[""calling_station"", ""calling_station"", ""policy_current""]","[-100.0, 200.0, -100.0]","[-50.0, 100.0, -50.0]"
current_vs_2x_calling_station,1168,94,"[2, 0, 1]","[""calling_station"", ""policy_current"", ""calling_station""]","[-100.0, 200.0, -100.0]","[-50.0, 100.0, -50.0]"
current_vs_2x_calling_station,1169,94,"[2, 1, 0]","[""calling_station"", ""calling_station"", ""policy_current""]","[-100.0, 200.0, -100.0]","[-50.0, 100.0, -50.0]"
current_vs_2x_calling_station,1170,95,"[0, 1, 2]","[""policy_current"", ""calling_station"", ""calling_station""]","[-1.0, 3.0, -2.0]","[-0.5, 1.5, -1.0]"
current_vs_2x_calling_station,1171,95,"[0, 2, 1]","[""policy_current"", ""calling_station"", ""calling_station""]","[-1.0, 3.0, -2.0]","[-0.5, 1.5, -1.0]"
current_vs_2x_calling_station,1172,95,"[1, 0, 2]","[""calling_station"", ""policy_current"", ""calling_station""]","[-100.0, 200.0, -100.0]","[-50.0, 100.0, -50.0]"
current_vs_2x_calling_station,1173,95,"[1, 2, 0]","[""calling_station"", ""calling_station"", ""policy_current""]","[-100.0, 200.0, -100.0]","[-50.0, 100.0, -50.0]"
current_vs_2x_calling_station,1174,95,"[2, 0, 1]","[""calling_station"", ""policy_current"", ""calling_station""]","[-100.0, 200.0, -100.0]","[-50.0, 100.0, -50.0]"
current_vs_2x_calling_station,1175,95,"[2, 1, 0]","[""calling_station"", ""calling_station"", ""policy_current""]","[-100.0, 200.0, -100.0]","[-50.0, 100.0, -50.0]"
current_vs_2x_calling_station,1176,96,"[0, 1, 2]","[""policy_current"", ""calling_station"", ""calling_station""]","[200.0, -100.0, -100.0]","[100.0, -50.0, -50.0]"
current_vs_2x_calling_station,1177,96,"[0, 2, 1]","[""policy_current"", ""calling_station"", ""calling_station""]","[200.0, -100.0, -100.0]","[100.0, -50.0, -50.0]"
current_vs_2x_calling_station,1178,96,"[1, 0, 2]","[""calling_station"", ""policy_current"", ""calling_station""]","[16.0, -8.0, -8.0]","[8.0, -4.0, -4.0]"
current_vs_2x_calling_station,1179,96,"[1, 2, 0]","[""calling_station"", ""calling_station"", ""policy_current""]","[8.0, -8.0, 0.0]","[4.0, -4.0, 0.0]"
current_vs_2x_calling_station,1180,96,"[2, 0, 1]","[""calling_station"", ""policy_current"", ""calling_station""]","[16.0, -8.0, -8.0]","[8.0, -4.0, -4.0]"
current_vs_2x_calling_station,1181,96,"[2, 1, 0]","[""calling_station"", ""calling_station"", ""policy_current""]","[8.0, -8.0, 0.0]","[4.0, -4.0, 0.0]"
current_vs_2x_calling_station,1182,97,"[0, 1, 2]","[""policy_current"", ""calling_station"", ""calling_station""]","[-1.0, -8.0, 9.0]","[-0.5, -4.0, 4.5]"
current_vs_2x_calling_station,1183,97,"[0, 2, 1]","[""policy_current"", ""calling_station"", ""calling_station""]","[-1.0, -8.0, 9.0]","[-0.5, -4.0, 4.5]"
current_vs_2x_calling_station,1184,97,"[1, 0, 2]","[""calling_station"", ""policy_current"", ""calling_station""]","[-100.0, -100.0, 200.0]","[-50.0, -50.0, 100.0]"
current_vs_2x_calling_station,1185,97,"[1, 2, 0]","[""calling_station"", ""calling_station"", ""policy_current""]","[-8.0, 8.0, 0.0]","[-4.0, 4.0, 0.0]"
current_vs_2x_calling_station,1186,97,"[2, 0, 1]","[""calling_station"", ""policy_current"", ""calling_station""]","[-100.0, -100.0, 200.0]","[-50.0, -50.0, 100.0]"
current_vs_2x_calling_station,1187,97,"[2, 1, 0]","[""calling_station"", ""calling_station"", ""policy_current""]","[-8.0, 8.0, 0.0]","[-4.0, 4.0, 0.0]"
current_vs_2x_calling_station,1188,98,"[0, 1, 2]","[""policy_current"", ""calling_station"", ""calling_station""]","[-1.0, 3.0, -2.0]","[-0.5, 1.5, -1.0]"
current_vs_2x_calling_station,1189,98,"[0, 2, 1]","[""policy_current"", ""calling_station"", ""calling_station""]","[-1.0, 3.0, -2.0]","[-0.5, 1.5, -1.0]"
current_vs_2x_calling_station,1190,98,"[1, 0, 2]","[""calling_station"", ""policy_current"", ""calling_station""]","[-100.0, 200.0, -100.0]","[-50.0, 100.0, -50.0]"
current_vs_2x_calling_station,1191,98,"[1, 2, 0]","[""calling_station"", ""calling_station"", ""policy_current""]","[-2.0, 2.0, 0.0]","[-1.0, 1.0, 0.0]"
current_vs_2x_calling_station,1192,98,"[2, 0, 1]","[""calling_station"", ""policy_current"", ""calling_station""]","[-100.0, 200.0, -100.0]","[-50.0, 100.0, -50.0]"
current_vs_2x_calling_station,1193,98,"[2, 1, 0]","[""calling_station"", ""calling_station"", ""policy_current""]","[-2.0, 2.0, 0.0]","[-1.0, 1.0, 0.0]"
current_vs_2x_calling_station,1194,99,"[0, 1, 2]","[""policy_current"", ""calling_station"", ""calling_station""]","[-1.0, -2.0, 3.0]","[-0.5, -1.0, 1.5]"
current_vs_2x_calling_station,1195,99,"[0, 2, 1]","[""policy_current"", ""calling_station"", ""calling_station""]","[-1.0, -2.0, 3.0]","[-0.5, -1.0, 1.5]"
current_vs_2x_calling_station,1196,99,"[1, 0, 2]","[""calling_station"", ""policy_current"", ""calling_station""]","[200.0, -100.0, -100.0]","[100.0, -50.0, -50.0]"
current_vs_2x_calling_station,1197,99,"[1, 2, 0]","[""calling_station"", ""calling_station"", ""policy_current""]","[2.0, -2.0, 0.0]","[1.0, -1.0, 0.0]"
current_vs_2x_calling_station,1198,99,"[2, 0, 1]","[""calling_station"", ""policy_current"", ""calling_station""]","[200.0, -100.0, -100.0]","[100.0, -50.0, -50.0]"
current_vs_2x_calling_station,1199,99,"[2, 1, 0]","[""calling_station"", ""calling_station"", ""policy_current""]","[2.0, -2.0, 0.0]","[1.0, -1.0, 0.0]"
current_vs_2x_nit,1200,0,"[0, 1, 2]","[""policy_current"", ""nit"", ""nit""]","[-1.0, 1.0, 0.0]","[-0.5, 0.5, 0.0]"
current_vs_2x_nit,1201,0,"[0, 2, 1]","[""policy_current"", ""nit"", ""nit""]","[-1.0, 1.0, 0.0]","[-0.5, 0.5, 0.0]"
current_vs_2x_nit,1202,0,"[1, 0, 2]","[""nit"", ""policy_current"", ""nit""]","[-2.0, 2.0, 0.0]","[-1.0, 1.0, 0.0]"
current_vs_2x_nit,1203,0,"[1, 2, 0]","[""nit"", ""nit"", ""policy_current""]","[2.0, -2.0, 0.0]","[1.0, -1.0, 0.0]"
current_vs_2x_nit,1204,0,"[2, 0, 1]","[""nit"", ""policy_current"", ""nit""]","[-2.0, 2.0, 0.0]","[-1.0, 1.0, 0.0]"
current_vs_2x_nit,1205,0,"[2, 1, 0]","[""nit"", ""nit"", ""policy_current""]","[2.0, -2.0, 0.0]","[1.0, -1.0, 0.0]"
current_vs_2x_nit,1206,1,"[0, 1, 2]","[""policy_current"", ""nit"", ""nit""]","[-1.0, 1.0, 0.0]","[-0.5, 0.5, 0.0]"
current_vs_2x_nit,1207,1,"[0, 2, 1]","[""policy_current"", ""nit"", ""nit""]","[-1.0, 1.0, 0.0]","[-0.5, 0.5, 0.0]"
current_vs_2x_nit,1208,1,"[1, 0, 2]","[""nit"", ""policy_current"", ""nit""]","[-1.0, 1.0, 0.0]","[-0.5, 0.5, 0.0]"
current_vs_2x_nit,1209,1,"[1, 2, 0]","[""nit"", ""nit"", ""policy_current""]","[-1.0, 1.0, 0.0]","[-0.5, 0.5, 0.0]"
current_vs_2x_nit,1210,1,"[2, 0, 1]","[""nit"", ""policy_current"", ""nit""]","[-1.0, 1.0, 0.0]","[-0.5, 0.5, 0.0]"
current_vs_2x_nit,1211,1,"[2, 1, 0]","[""nit"", ""nit"", ""policy_current""]","[-1.0, 1.0, 0.0]","[-0.5, 0.5, 0.0]"
current_vs_2x_nit,1212,2,"[0, 1, 2]","[""policy_current"", ""nit"", ""nit""]","[-14.0, 40.0, -26.0]","[-7.0, 20.0, -13.0]"
current_vs_2x_nit,1213,2,"[0, 2, 1]","[""policy_current"", ""nit"", ""nit""]","[-14.0, 40.0, -26.0]","[-7.0, 20.0, -13.0]"
current_vs_2x_nit,1214,2,"[1, 0, 2]","[""nit"", ""policy_current"", ""nit""]","[-20.0, -14.0, 34.0]","[-10.0, -7.0, 17.0]"
current_vs_2x_nit,1215,2,"[1, 2, 0]","[""nit"", ""nit"", ""policy_current""]","[-8.0, -8.0, 16.0]","[-4.0, -4.0, 8.0]"
current_vs_2x_nit,1216,2,"[2, 0, 1]","[""nit"", ""policy_current"", ""nit""]","[-20.0, -14.0, 34.0]","[-10.0, -7.0, 17.0]"
current_vs_2x_nit,1217,2,"[2, 1, 0]","[""nit"", ""nit"", ""policy_current""]","[-8.0, -8.0, 16.0]","[-4.0, -4.0, 8.0]"
current_vs_2x_nit,1218,3,"[0, 1, 2]","[""policy_current"", ""nit"", ""nit""]","[2.0, -2.0, 0.0]","[1.0, -1.0, 0.0]"
current_vs_2x_nit,1219,3,"[0, 2, 1]","[""policy_current"", ""nit"", ""nit""]","[2.0, -2.0, 0.0]","[1.0, -1.0, 0.0]"
current_vs_2x_nit,1220,3,"[1, 0, 2]","[""nit"", ""policy_current"", ""nit""]","[-1.0, 1.0, 0.0]","[-0.5, 0.5, 0.0]"
current_vs_2x_nit,1221,3,"[1, 2, 0]","[""nit"", ""nit"", ""policy_current""]","[-1.0, 1.0, 0.0]","[-0.5, 0.5, 0.0]"
current_vs_2x_nit,1222,3,"[2, 0, 1]","[""nit"", ""policy_current"", ""nit""]","[-1.0, 1.0, 0.0]","[-0.5, 0.5, 0.0]"
current_vs_2x_nit,1223,3,"[2, 1, 0]","[""nit"", ""nit"", ""policy_current""]","[-1.0, 1.0, 0.0]","[-0.5, 0.5, 0.0]"
current_vs_2x_nit,1224,4,"[0, 1, 2]","[""policy_current"", ""nit"", ""nit""]","[-14.0, 34.0, -20.0]","[-7.0, 17.0, -10.0]"
current_vs_2x_nit,1225,4,"[0, 2, 1]","[""policy_current"", ""nit"", ""nit""]","[-14.0, 34.0, -20.0]","[-7.0, 17.0, -10.0]"
current_vs_2x_nit,1226,4,"[1, 0, 2]","[""nit"", ""policy_current"", ""nit""]","[-8.0, 10.0, -2.0]","[-4.0, 5.0, -1.0]"
current_vs_2x_nit,1227,4,"[1, 2, 0]","[""nit"", ""nit"", ""policy_current""]","[-26.0, -20.0, 46.0]","[-13.0, -10.0, 23.0]"
current_vs_2x_nit,1228,4,"[2, 0, 1]","[""nit"", ""policy_current"", ""nit""]","[-8.0, 10.0, -2.0]","[-4.0, 5.0, -1.0]"
current_vs_2x_nit,1229,4,"[2, 1, 0]","[""nit"", ""nit"", ""policy_current""]","[-26.0, -20.0, 46.0]","[-13.0, -10.0, 23.0]"
current_vs_2x_nit,1230,5,"[0, 1, 2]","[""policy_current"", ""nit"", ""nit""]","[22.0, -2.0, -20.0]","[11.0, -1.0, -10.0]"
current_vs_2x_nit,1231,5,"[0, 2, 1]","[""policy_current"", ""nit"", ""nit""]","[22.0, -2.0, -20.0]","[11.0, -1.0, -10.0]"
current_vs_2x_nit,1232,5,"[1, 0, 2]","[""nit"", ""policy_current"", ""nit""]","[-8.0, -100.0, 108.0]","[-4.0, -50.0, 54.0]"
current_vs_2x_nit,1233,5,"[1, 2, 0]","[""nit"", ""nit"", ""policy_current""]","[-8.0, -2.0, 10.0]","[-4.0, -1.0, 5.0]"
current_vs_2x_nit,1234,5,"[2, 0, 1]","[""nit"", ""policy_current"", ""nit""]","[-8.0, -100.0, 108.0]","[-4.0, -50.0, 54.0]"
current_vs_2x_nit,1235,5,"[2, 1, 0]","[""nit"", ""nit"", ""policy_current""]","[-8.0, -2.0, 10.0]","[-4.0, -1.0, 5.0]"
current_vs_2x_nit,1236,6,"[0, 1, 2]","[""policy_current"", ""nit"", ""nit""]","[-1.0, 1.0, 0.0]","[-0.5, 0.5, 0.0]"
current_vs_2x_nit,1237,6,"[0, 2, 1]","[""policy_current"", ""nit"", ""nit""]","[-1.0, 1.0, 0.0]","[-0.5, 0.5, 0.0]"
current_vs_2x_nit,1238,6,"[1, 0, 2]","[""nit"", ""policy_current"", ""nit""]","[-1.0, 1.0, 0.0]","[-0.5, 0.5, 0.0]"
current_vs_2x_nit,1239,6,"[1, 2, 0]","[""nit"", ""nit"", ""policy_current""]","[-1.0, -2.0, 3.0]","[-0.5, -1.0, 1.5]"
current_vs_2x_nit,1240,6,"[2, 0, 1]","[""nit"", ""policy_current"", ""nit""]","[-1.0, 1.0, 0.0]","[-0.5, 0.5, 0.0]"
current_vs_2x_nit,1241,6,"[2, 1, 0]","[""nit"", ""nit"", ""policy_current""]","[-1.0, -2.0, 3.0]","[-0.5, -1.0, 1.5]"
current_vs_2x_nit,1242,7,"[0, 1, 2]","[""policy_current"", ""nit"", ""nit""]","[2.0, -2.0, 0.0]","[1.0, -1.0, 0.0]"
current_vs_2x_nit,1243,7,"[0, 2, 1]","[""policy_current"", ""nit"", ""nit""]","[2.0, -2.0, 0.0]","[1.0, -1.0, 0.0]"
current_vs_2x_nit,1244,7,"[1, 0, 2]","[""nit"", ""policy_current"", ""nit""]","[100.0, -100.0, 0.0]","[50.0, -50.0, 0.0]"
current_vs_2x_nit,1245,7,"[1, 2, 0]","[""nit"", ""nit"", ""policy_current""]","[40.0, -14.0, -26.0]","[20.0, -7.0, -13.0]"
current_vs_2x_nit,1246,7,"[2, 0, 1]","[""nit"", ""policy_current"", ""nit""]","[100.0, -100.0, 0.0]","[50.0, -50.0, 0.0]"
current_vs_2x_nit,1247,7,"[2, 1, 0]","[""nit"", ""nit"", ""policy_current""]","[40.0, -14.0, -26.0]","[20.0, -7.0, -13.0]"
current_vs_2x_nit,1248,8,"[0, 1, 2]","[""policy_current"", ""nit"", ""nit""]","[-1.0, 3.0, -2.0]","[-0.5, 1.5, -1.0]"
current_vs_2x_nit,1249,8,"[0, 2, 1]","[""policy_current"", ""nit"", ""nit""]","[-1.0, 3.0, -2.0]","[-0.5, 1.5, -1.0]"
current_vs_2x_nit,1250,8,"[1, 0, 2]","[""nit"", ""policy_current"", ""nit""]","[-2.0, 4.0, -2.0]","[-1.0, 2.0, -1.0]"
current_vs_2x_nit,1251,8,"[1, 2, 0]","[""nit"", ""nit"", ""policy_current""]","[-2.0, 2.0, 0.0]","[-1.0, 1.0, 0.0]"
current_vs_2x_nit,1252,8,"[2, 0, 1]","[""nit"", ""policy_current"", ""nit""]","[-2.0, 4.0, -2.0]","[-1.0, 2.0, -1.0]"
current_vs_2x_nit,1253,8,"[2, 1, 0]","[""nit"", ""nit"", ""policy_current""]","[-2.0, 2.0, 0.0]","[-1.0, 1.0, 0.0]"
current_vs_2x_nit,1254,9,"[0, 1, 2]","[""policy_current"", ""nit"", ""nit""]","[102.0, -2.0, -100.0]","[51.0, -1.0, -50.0]"
current_vs_2x_nit,1255,9,"[0, 2, 1]","[""policy_current"", ""nit"", ""nit""]","[102.0, -2.0, -100.0]","[51.0, -1.0, -50.0]"
current_vs_2x_nit,1256,9,"[1, 0, 2]","[""nit"", ""policy_current"", ""nit""]","[-1.0, -14.0, 15.0]","[-0.5, -7.0, 7.5]"
current_vs_2x_nit,1257,9,"[1, 2, 0]","[""nit"", ""nit"", ""policy_current""]","[-1.0, -2.0, 3.0]","[-0.5, -1.0, 1.5]"
current_vs_2x_nit,1258,9,"[2, 0, 1]","[""nit"", ""policy_current"", ""nit""]","[-1.0, -14.0, 15.0]","[-0.5, -7.0, 7.5]"
current_vs_2x_nit,1259,9,"[2, 1, 0]","[""nit"", ""nit"", ""policy_current""]","[-1.0, -2.0, 3.0]","[-0.5, -1.0, 1.5]"
current_vs_2x_nit,1260,10,"[0, 1, 2]","[""policy_current"", ""nit"", ""nit""]","[-2.0, 2.0, 0.0]","[-1.0, 1.0, 0.0]"
current_vs_2x_nit,1261,10,"[0, 2, 1]","[""policy_current"", ""nit"", ""nit""]","[-2.0, 2.0, 0.0]","[-1.0, 1.0, 0.0]"
current_vs_2x_nit,1262,10,"[1, 0, 2]","[""nit"", ""policy_current"", ""nit""]","[-1.0, 1.0, 0.0]","[-0.5, 0.5, 0.0]"
current_vs_2x_nit,1263,10,"[1, 2, 0]","[""nit"", ""nit"", ""policy_current""]","[-1.0, 1.0, 0.0]","[-0.5, 0.5, 0.0]"
current_vs_2x_nit,1264,10,"[2, 0, 1]","[""nit"", ""policy_current"", ""nit""]","[-1.0, 1.0, 0.0]","[-0.5, 0.5, 0.0]"
current_vs_2x_nit,1265,10,"[2, 1, 0]","[""nit"", ""nit"", ""policy_current""]","[-1.0, 1.0, 0.0]","[-0.5, 0.5, 0.0]"
current_vs_2x_nit,1266,11,"[0, 1, 2]","[""policy_current"", ""nit"", ""nit""]","[200.0, -100.0, -100.0]","[100.0, -50.0, -50.0]"
current_vs_2x_nit,1267,11,"[0, 2, 1]","[""policy_current"", ""nit"", ""nit""]","[200.0, -100.0, -100.0]","[100.0, -50.0, -50.0]"
current_vs_2x_nit,1268,11,"[1, 0, 2]","[""nit"", ""policy_current"", ""nit""]","[-20.0, 120.0, -100.0]","[-10.0, 60.0, -50.0]"
current_vs_2x_nit,1269,11,"[1, 2, 0]","[""nit"", ""nit"", ""policy_current""]","[-8.0, 108.0, -100.0]","[-4.0, 54.0, -50.0]"
current_vs_2x_nit,1270,11,"[2, 0, 1]","[""nit"", ""policy_current"", ""nit""]","[-20.0, 120.0, -100.0]","[-10.0, 60.0, -50.0]"
current_vs_2x_nit,1271,11,"[2, 1, 0]","[""nit"", ""nit"", ""policy_current""]","[-8.0, 108.0, -100.0]","[-4.0, 54.0, -50.0]"
current_vs_2x_nit,1272,12,"[0, 1, 2]","[""policy_current"", ""nit"", ""nit""]","[-1.0, -38.0, 39.0]","[-0.5, -19.0, 19.5]"
current_vs_2x_nit,1273,12,"[0, 2, 1]","[""policy_current"", ""nit"", ""nit""]","[-1.0, -38.0, 39.0]","[-0.5, -19.0, 19.5]"
current_vs_2x_nit,1274,12,"[1, 0, 2]","[""nit"", ""policy_current"", ""nit""]","[-38.0, -14.0, 52.0]","[-19.0, -7.0, 26.0]"
current_vs_2x_nit,1275,12,"[1, 2, 0]","[""nit"", ""nit"", ""policy_current""]","[-26.0, 40.0, -14.0]","[-13.0, 20.0, -7.0]"
current_vs_2x_nit,1276,12,"[2, 0, 1]","[""nit"", ""policy_current"", ""nit""]","[-38.0, -14.0, 52.0]","[-19.0, -7.0, 26.0]"
current_vs_2x_nit,1277,12,"[2, 1, 0]","[""nit"", ""nit"", ""policy_current""]","[-26.0, 40.0, -14.0]","[-13.0, 20.0, -7.0]"
current_vs_2x_nit,1278,13,"[0, 1, 2]","[""policy_current"", ""nit"", ""nit""]","[-1.0, -2.0, 3.0]","[-0.5, -1.0, 1.5]"
current_vs_2x_nit,1279,13,"[0, 2, 1]","[""policy_current"", ""nit"", ""nit""]","[-1.0, -2.0, 3.0]","[-0.5, -1.0, 1.5]"
current_vs_2x_nit,1280,13,"[1, 0, 2]","[""nit"", ""policy_current"", ""nit""]","[-1.0, 3.0, -2.0]","[-0.5, 1.5, -1.0]"
current_vs_2x_nit,1281,13,"[1, 2, 0]","[""nit"", ""nit"", ""policy_current""]","[-1.0, 1.0, 0.0]","[-0.5, 0.5, 0.0]"
current_vs_2x_nit,1282,13,"[2, 0, 1]","[""nit"", ""policy_current"", ""nit""]","[-1.0, 3.0, -2.0]","[-0.5, 1.5, -1.0]"
current_vs_2x_nit,1283,13,"[2, 1, 0]","[""nit"", ""nit"", ""policy_current""]","[-1.0, 1.0, 0.0]","[-0.5, 0.5, 0.0]"
current_vs_2x_nit,1284,14,"[0, 1, 2]","[""policy_current"", ""nit"", ""nit""]","[-1.0, 1.0, 0.0]","[-0.5, 0.5, 0.0]"
current_vs_2x_nit,1285,14,"[0, 2, 1]","[""policy_current"", ""nit"", ""nit""]","[-1.0, 1.0, 0.0]","[-0.5, 0.5, 0.0]"
current_vs_2x_nit,1286,14,"[1, 0, 2]","[""nit"", ""policy_current"", ""nit""]","[-2.0, 2.0, 0.0]","[-1.0, 1.0, 0.0]"
current_vs_2x_nit,1287,14,"[1, 2, 0]","[""nit"", ""nit"", ""policy_current""]","[-2.0, 2.0, 0.0]","[-1.0, 1.0, 0.0]"
current_vs_2x_nit,1288,14,"[2, 0, 1]","[""nit"", ""policy_current"", ""nit""]","[-2.0, 2.0, 0.0]","[-1.0, 1.0, 0.0]"
current_vs_2x_nit,1289,14,"[2, 1, 0]","[""nit"", ""nit"", ""policy_current""]","[-2.0, 2.0, 0.0]","[-1.0, 1.0, 0.0]"
current_vs_2x_nit,1290,15,"[0, 1, 2]","[""policy_current"", ""nit"", ""nit""]","[16.0, -14.0, -2.0]","[8.0, -7.0, -1.0]"
current_vs_2x_nit,1291,15,"[0, 2, 1]","[""policy_current"", ""nit"", ""nit""]","[16.0, -14.0, -2.0]","[8.0, -7.0, -1.0]"
current_vs_2x_nit,1292,15,"[1, 0, 2]","[""nit"", ""policy_current"", ""nit""]","[-1.0, 9.0, -8.0]","[-0.5, 4.5, -4.0]"
current_vs_2x_nit,1293,15,"[1, 2, 0]","[""nit"", ""nit"", ""policy_current""]","[-1.0, -2.0, 3.0]","[-0.5, -1.0, 1.5]"
current_vs_2x_nit,1294,15,"[2, 0, 1]","[""nit"", ""policy_current"", ""nit""]","[-1.0, 9.0, -8.0]","[-0.5, 4.5, -4.0]"
current_vs_2x_nit,1295,15,"[2, 1, 0]","[""nit"", ""nit"", ""policy_current""]","[-1.0, -2.0, 3.0]","[-0.5, -1.0, 1.5]"
current_vs_2x_nit,1296,16,"[0, 1, 2]","[""policy_current"", ""nit"", ""nit""]","[-1.0, 1.0, 0.0]","[-0.5, 0.5, 0.0]"
current_vs_2x_nit,1297,16,"[0, 2, 1]","[""policy_current"", ""nit"", ""nit""]","[-1.0, 1.0, 0.0]","[-0.5, 0.5, 0.0]"
current_vs_2x_nit,1298,16,"[1, 0, 2]","[""nit"", ""policy_current"", ""nit""]","[-2.0, 2.0, 0.0]","[-1.0, 1.0, 0.0]"
current_vs_2x_nit,1299,16,"[1, 2, 0]","[""nit"", ""nit"", ""policy_current""]","[2.0, -2.0, 0.0]","[1.0, -1.0, 0.0]"
current_vs_2x_nit,1300,16,"[2, 0, 1]","[""nit"", ""policy_current"", ""nit""]","[-2.0, 2.0, 0.0]","[-1.0, 1.0, 0.0]"
current_vs_2x_nit,1301,16,"[2, 1, 0]","[""nit"", ""nit"", ""policy_current""]","[2.0, -2.0, 0.0]","[1.0, -1.0, 0.0]"
current_vs_2x_nit,1302,17,"[0, 1, 2]","[""policy_current"", ""nit"", ""nit""]","[16.0, -8.0, -8.0]","[8.0, -4.0, -4.0]"
current_vs_2x_nit,1303,17,"[0, 2, 1]","[""policy_current"", ""nit"", ""nit""]","[16.0, -8.0, -8.0]","[8.0, -4.0, -4.0]"
current_vs_2x_nit,1304,17,"[1, 0, 2]","[""nit"", ""policy_current"", ""nit""]","[-8.0, -2.0, 10.0]","[-4.0, -1.0, 5.0]"
current_vs_2x_nit,1305,17,"[1, 2, 0]","[""nit"", ""nit"", ""policy_current""]","[-2.0, -2.0, 4.0]","[-1.0, -1.0, 2.0]"
current_vs_2x_nit,1306,17,"[2, 0, 1]","[""nit"", ""policy_current"", ""nit""]","[-8.0, -2.0, 10.0]","[-4.0, -1.0, 5.0]"
current_vs_2x_nit,1307,17,"[2, 1, 0]","[""nit"", ""nit"", ""policy_current""]","[-2.0, -2.0, 4.0]","[-1.0, -1.0, 2.0]"
current_vs_2x_nit,1308,18,"[0, 1, 2]","[""policy_current"", ""nit"", ""nit""]","[4.0, -2.0, -2.0]","[2.0, -1.0, -1.0]"
current_vs_2x_nit,1309,18,"[0, 2, 1]","[""policy_current"", ""nit"", ""nit""]","[4.0, -2.0, -2.0]","[2.0, -1.0, -1.0]"
current_vs_2x_nit,1310,18,"[1, 0, 2]","[""nit"", ""policy_current"", ""nit""]","[-1.0, 3.0, -2.0]","[-0.5, 1.5, -1.0]"
current_vs_2x_nit,1311,18,"[1, 2, 0]","[""nit"", ""nit"", ""policy_current""]","[-1.0, -2.0, 3.0]","[-0.5, -1.0, 1.5]"
current_vs_2x_nit,1312,18,"[2, 0, 1]","[""nit"", ""policy_current"", ""nit""]","[-1.0, 3.0, -2.0]","[-0.5, 1.5, -1.0]"
current_vs_2x_nit,1313,18,"[2, 1, 0]","[""nit"", ""nit"", ""policy_current""]","[-1.0, -2.0, 3.0]","[-0.5, -1.0, 1.5]"
current_vs_2x_nit,1314,19,"[0, 1, 2]","[""policy_current"", ""nit"", ""nit""]","[2.0, -2.0, 0.0]","[1.0, -1.0, 0.0]"
current_vs_2x_nit,1315,19,"[0, 2, 1]","[""policy_current"", ""nit"", ""nit""]","[2.0, -2.0, 0.0]","[1.0, -1.0, 0.0]"
current_vs_2x_nit,1316,19,"[1, 0, 2]","[""nit"", ""policy_current"", ""nit""]","[-8.0, 8.0, 0.0]","[-4.0, 4.0, 0.0]"
current_vs_2x_nit,1317,19,"[1, 2, 0]","[""nit"", ""nit"", ""policy_current""]","[-2.0, 2.0, 0.0]","[-1.0, 1.0, 0.0]"
current_vs_2x_nit,1318,19,"[2, 0, 1]","[""nit"", ""policy_current"", ""nit""]","[-8.0, 8.0, 0.0]","[-4.0, 4.0, 0.0]"
current_vs_2x_nit,1319,19,"[2, 1, 0]","[""nit"", ""nit"", ""policy_current""]","[-2.0, 2.0, 0.0]","[-1.0, 1.0, 0.0]"
current_vs_2x_nit,1320,20,"[0, 1, 2]","[""policy_current"", ""nit"", ""nit""]","[-8.0, 8.0, 0.0]","[-4.0, 4.0, 0.0]"
current_vs_2x_nit,1321,20,"[0, 2, 1]","[""policy_current"", ""nit"", ""nit""]","[-8.0, 8.0, 0.0]","[-4.0, 4.0, 0.0]"
current_vs_2x_nit,1322,20,"[1, 0, 2]","[""nit"", ""policy_current"", ""nit""]","[-1.0, 1.0, 0.0]","[-0.5, 0.5, 0.0]"
current_vs_2x_nit,1323,20,"[1, 2, 0]","[""nit"", ""nit"", ""policy_current""]","[-1.0, 1.0, 0.0]","[-0.5, 0.5, 0.0]"
current_vs_2x_nit,1324,20,"[2, 0, 1]","[""nit"", ""policy_current"", ""nit""]","[-1.0, 1.0, 0.0]","[-0.5, 0.5, 0.0]"
current_vs_2x_nit,1325,20,"[2, 1, 0]","[""nit"", ""nit"", ""policy_current""]","[-1.0, 1.0, 0.0]","[-0.5, 0.5, 0.0]"
current_vs_2x_nit,1326,21,"[0, 1, 2]","[""policy_current"", ""nit"", ""nit""]","[-1.0, 3.0, -2.0]","[-0.5, 1.5, -1.0]"
current_vs_2x_nit,1327,21,"[0, 2, 1]","[""policy_current"", ""nit"", ""nit""]","[-1.0, 3.0, -2.0]","[-0.5, 1.5, -1.0]"
current_vs_2x_nit,1328,21,"[1, 0, 2]","[""nit"", ""policy_current"", ""nit""]","[-1.0, 3.0, -2.0]","[-0.5, 1.5, -1.0]"
current_vs_2x_nit,1329,21,"[1, 2, 0]","[""nit"", ""nit"", ""policy_current""]","[-1.0, -2.0, 3.0]","[-0.5, -1.0, 1.5]"
current_vs_2x_nit,1330,21,"[2, 0, 1]","[""nit"", ""policy_current"", ""nit""]","[-1.0, 3.0, -2.0]","[-0.5, 1.5, -1.0]"
current_vs_2x_nit,1331,21,"[2, 1, 0]","[""nit"", ""nit"", ""policy_current""]","[-1.0, -2.0, 3.0]","[-0.5, -1.0, 1.5]"
current_vs_2x_nit,1332,22,"[0, 1, 2]","[""policy_current"", ""nit"", ""nit""]","[102.0, -2.0, -100.0]","[51.0, -1.0, -50.0]"
current_vs_2x_nit,1333,22,"[0, 2, 1]","[""policy_current"", ""nit"", ""nit""]","[102.0, -2.0, -100.0]","[51.0, -1.0, -50.0]"
current_vs_2x_nit,1334,22,"[1, 0, 2]","[""nit"", ""policy_current"", ""nit""]","[-1.0, -100.0, 101.0]","[-0.5, -50.0, 50.5]"
current_vs_2x_nit,1335,22,"[1, 2, 0]","[""nit"", ""nit"", ""policy_current""]","[-1.0, -2.0, 3.0]","[-0.5, -1.0, 1.5]"
current_vs_2x_nit,1336,22,"[2, 0, 1]","[""nit"", ""policy_current"", ""nit""]","[-1.0, -100.0, 101.0]","[-0.5, -50.0, 50.5]"
current_vs_2x_nit,1337,22,"[2, 1, 0]","[""nit"", ""nit"", ""policy_current""]","[-1.0, -2.0, 3.0]","[-0.5, -1.0, 1.5]"
current_vs_2x_nit,1338,23,"[0, 1, 2]","[""policy_current"", ""nit"", ""nit""]","[28.0, -14.0, -14.0]","[14.0, -7.0, -7.0]"
current_vs_2x_nit,1339,23,"[0, 2, 1]","[""policy_current"", ""nit"", ""nit""]","[28.0, -14.0, -14.0]","[14.0, -7.0, -7.0]"
current_vs_2x_nit,1340,23,"[1, 0, 2]","[""nit"", ""policy_current"", ""nit""]","[-2.0, 4.0, -2.0]","[-1.0, 2.0, -1.0]"
current_vs_2x_nit,1341,23,"[1, 2, 0]","[""nit"", ""nit"", ""policy_current""]","[40.0, -20.0, -20.0]","[20.0, -10.0, -10.0]"
current_vs_2x_nit,1342,23,"[2, 0, 1]","[""nit"", ""policy_current"", ""nit""]","[-2.0, 4.0, -2.0]","[-1.0, 2.0, -1.0]"
current_vs_2x_nit,1343,23,"[2, 1, 0]","[""nit"", ""nit"", ""policy_current""]","[40.0, -20.0, -20.0]","[20.0, -10.0, -10.0]"
current_vs_2x_nit,1344,24,"[0, 1, 2]","[""policy_current"", ""nit"", ""nit""]","[2.0, -2.0, 0.0]","[1.0, -1.0, 0.0]"
current_vs_2x_nit,1345,24,"[0, 2, 1]","[""policy_current"", ""nit"", ""nit""]","[2.0, -2.0, 0.0]","[1.0, -1.0, 0.0]"
current_vs_2x_nit,1346,24,"[1, 0, 2]","[""nit"", ""policy_current"", ""nit""]","[-8.0, 8.0, 0.0]","[-4.0, 4.0, 0.0]"
current_vs_2x_nit,1347,24,"[1, 2, 0]","[""nit"", ""nit"", ""policy_current""]","[2.0, -2.0, 0.0]","[1.0, -1.0, 0.0]"
current_vs_2x_nit,1348,24,"[2, 0, 1]","[""nit"", ""policy_current"", ""nit""]","[-8.0, 8.0, 0.0]","[-4.0, 4.0, 0.0]"
current_vs_2x_nit,1349,24,"[2, 1, 0]","[""nit"", ""nit"", ""policy_current""]","[2.0, -2.0, 0.0]","[1.0, -1.0, 0.0]"
current_vs_2x_nit,1350,25,"[0, 1, 2]","[""policy_current"", ""nit"", ""nit""]","[2.0, -2.0, 0.0]","[1.0, -1.0, 0.0]"
current_vs_2x_nit,1351,25,"[0, 2, 1]","[""policy_current"", ""nit"", ""nit""]","[2.0, -2.0, 0.0]","[1.0, -1.0, 0.0]"
current_vs_2x_nit,1352,25,"[1, 0, 2]","[""nit"", ""policy_current"", ""nit""]","[-1.0, 1.0, 0.0]","[-0.5, 0.5, 0.0]"
current_vs_2x_nit,1353,25,"[1, 2, 0]","[""nit"", ""nit"", ""policy_current""]","[-1.0, -2.0, 3.0]","[-0.5, -1.0, 1.5]"
current_vs_2x_nit,1354,25,"[2, 0, 1]","[""nit"", ""policy_current"", ""nit""]","[-1.0, 1.0, 0.0]","[-0.5, 0.5, 0.0]"
current_vs_2x_nit,1355,25,"[2, 1, 0]","[""nit"", ""nit"", ""policy_current""]","[-1.0, -2.0, 3.0]","[-0.5, -1.0, 1.5]"
current_vs_2x_nit,1356,26,"[0, 1, 2]","[""policy_current"", ""nit"", ""nit""]","[-1.0, 1.0, 0.0]","[-0.5, 0.5, 0.0]"
current_vs_2x_nit,1357,26,"[0, 2, 1]","[""policy_current"", ""nit"", ""nit""]","[-1.0, 1.0, 0.0]","[-0.5, 0.5, 0.0]"
current_vs_2x_nit,1358,26,"[1, 0, 2]","[""nit"", ""policy_current"", ""nit""]","[-1.0, 1.0, 0.0]","[-0.5, 0.5, 0.0]"
current_vs_2x_nit,1359,26,"[1, 2, 0]","[""nit"", ""nit"", ""policy_current""]","[-1.0, 1.0, 0.0]","[-0.5, 0.5, 0.0]"
current_vs_2x_nit,1360,26,"[2, 0, 1]","[""nit"", ""policy_current"", ""nit""]","[-1.0, 1.0, 0.0]","[-0.5, 0.5, 0.0]"
current_vs_2x_nit,1361,26,"[2, 1, 0]","[""nit"", ""nit"", ""policy_current""]","[-1.0, 1.0, 0.0]","[-0.5, 0.5, 0.0]"
current_vs_2x_nit,1362,27,"[0, 1, 2]","[""policy_current"", ""nit"", ""nit""]","[2.0, -2.0, 0.0]","[1.0, -1.0, 0.0]"
current_vs_2x_nit,1363,27,"[0, 2, 1]","[""policy_current"", ""nit"", ""nit""]","[2.0, -2.0, 0.0]","[1.0, -1.0, 0.0]"
current_vs_2x_nit,1364,27,"[1, 0, 2]","[""nit"", ""policy_current"", ""nit""]","[-1.0, 1.0, 0.0]","[-0.5, 0.5, 0.0]"
current_vs_2x_nit,1365,27,"[1, 2, 0]","[""nit"", ""nit"", ""policy_current""]","[-1.0, -2.0, 3.0]","[-0.5, -1.0, 1.5]"
current_vs_2x_nit,1366,27,"[2, 0, 1]","[""nit"", ""policy_current"", ""nit""]","[-1.0, 1.0, 0.0]","[-0.5, 0.5, 0.0]"
current_vs_2x_nit,1367,27,"[2, 1, 0]","[""nit"", ""nit"", ""policy_current""]","[-1.0, -2.0, 3.0]","[-0.5, -1.0, 1.5]"
current_vs_2x_nit,1368,28,"[0, 1, 2]","[""policy_current"", ""nit"", ""nit""]","[-1.0, 9.0, -8.0]","[-0.5, 4.5, -4.0]"
current_vs_2x_nit,1369,28,"[0, 2, 1]","[""policy_current"", ""nit"", ""nit""]","[-1.0, 9.0, -8.0]","[-0.5, 4.5, -4.0]"
current_vs_2x_nit,1370,28,"[1, 0, 2]","[""nit"", ""policy_current"", ""nit""]","[-1.0, -2.0, 3.0]","[-0.5, -1.0, 1.5]"
current_vs_2x_nit,1371,28,"[1, 2, 0]","[""nit"", ""nit"", ""policy_current""]","[-1.0, -2.0, 3.0]","[-0.5, -1.0, 1.5]"
current_vs_2x_nit,1372,28,"[2, 0, 1]","[""nit"", ""policy_current"", ""nit""]","[-1.0, -2.0, 3.0]","[-0.5, -1.0, 1.5]"
current_vs_2x_nit,1373,28,"[2, 1, 0]","[""nit"", ""nit"", ""policy_current""]","[-1.0, -2.0, 3.0]","[-0.5, -1.0, 1.5]"
current_vs_2x_nit,1374,29,"[0, 1, 2]","[""policy_current"", ""nit"", ""nit""]","[2.0, -2.0, 0.0]","[1.0, -1.0, 0.0]"
current_vs_2x_nit,1375,29,"[0, 2, 1]","[""policy_current"", ""nit"", ""nit""]","[2.0, -2.0, 0.0]","[1.0, -1.0, 0.0]"
current_vs_2x_nit,1376,29,"[1, 0, 2]","[""nit"", ""policy_current"", ""nit""]","[-8.0, 8.0, 0.0]","[-4.0, 4.0, 0.0]"
current_vs_2x_nit,1377,29,"[1, 2, 0]","[""nit"", ""nit"", ""policy_current""]","[2.0, -2.0, 0.0]","[1.0, -1.0, 0.0]"
current_vs_2x_nit,1378,29,"[2, 0, 1]","[""nit"", ""policy_current"", ""nit""]","[-8.0, 8.0, 0.0]","[-4.0, 4.0, 0.0]"
current_vs_2x_nit,1379,29,"[2, 1, 0]","[""nit"", ""nit"", ""policy_current""]","[2.0, -2.0, 0.0]","[1.0, -1.0, 0.0]"
current_vs_2x_nit,1380,30,"[0, 1, 2]","[""policy_current"", ""nit"", ""nit""]","[4.0, -2.0, -2.0]","[2.0, -1.0, -1.0]"
current_vs_2x_nit,1381,30,"[0, 2, 1]","[""policy_current"", ""nit"", ""nit""]","[4.0, -2.0, -2.0]","[2.0, -1.0, -1.0]"
current_vs_2x_nit,1382,30,"[1, 0, 2]","[""nit"", ""policy_current"", ""nit""]","[-1.0, 9.0, -8.0]","[-0.5, 4.5, -4.0]"
current_vs_2x_nit,1383,30,"[1, 2, 0]","[""nit"", ""nit"", ""policy_current""]","[-1.0, -2.0, 3.0]","[-0.5, -1.0, 1.5]"
current_vs_2x_nit,1384,30,"[2, 0, 1]","[""nit"", ""policy_current"", ""nit""]","[-1.0, 9.0, -8.0]","[-0.5, 4.5, -4.0]"
current_vs_2x_nit,1385,30,"[2, 1, 0]","[""nit"", ""nit"", ""policy_current""]","[-1.0, -2.0, 3.0]","[-0.5, -1.0, 1.5]"
current_vs_2x_nit,1386,31,"[0, 1, 2]","[""policy_current"", ""nit"", ""nit""]","[-1.0, -2.0, 3.0]","[-0.5, -1.0, 1.5]"
current_vs_2x_nit,1387,31,"[0, 2, 1]","[""policy_current"", ""nit"", ""nit""]","[-1.0, -2.0, 3.0]","[-0.5, -1.0, 1.5]"
current_vs_2x_nit,1388,31,"[1, 0, 2]","[""nit"", ""policy_current"", ""nit""]","[-1.0, -2.0, 3.0]","[-0.5, -1.0, 1.5]"
current_vs_2x_nit,1389,31,"[1, 2, 0]","[""nit"", ""nit"", ""policy_current""]","[-1.0, -2.0, 3.0]","[-0.5, -1.0, 1.5]"
current_vs_2x_nit,1390,31,"[2, 0, 1]","[""nit"", ""policy_current"", ""nit""]","[-1.0, -2.0, 3.0]","[-0.5, -1.0, 1.5]"
current_vs_2x_nit,1391,31,"[2, 1, 0]","[""nit"", ""nit"", ""policy_current""]","[-1.0, -2.0, 3.0]","[-0.5, -1.0, 1.5]"
current_vs_2x_nit,1392,32,"[0, 1, 2]","[""policy_current"", ""nit"", ""nit""]","[-1.0, 3.0, -2.0]","[-0.5, 1.5, -1.0]"
current_vs_2x_nit,1393,32,"[0, 2, 1]","[""policy_current"", ""nit"", ""nit""]","[-1.0, 3.0, -2.0]","[-0.5, 1.5, -1.0]"
current_vs_2x_nit,1394,32,"[1, 0, 2]","[""nit"", ""policy_current"", ""nit""]","[-1.0, 9.0, -8.0]","[-0.5, 4.5, -4.0]"
current_vs_2x_nit,1395,32,"[1, 2, 0]","[""nit"", ""nit"", ""policy_current""]","[-1.0, 9.0, -8.0]","[-0.5, 4.5, -4.0]"
current_vs_2x_nit,1396,32,"[2, 0, 1]","[""nit"", ""policy_current"", ""nit""]","[-1.0, 9.0, -8.0]","[-0.5, 4.5, -4.0]"
current_vs_2x_nit,1397,32,"[2, 1, 0]","[""nit"", ""nit"", ""policy_current""]","[-1.0, 9.0, -8.0]","[-0.5, 4.5, -4.0]"
current_vs_2x_nit,1398,33,"[0, 1, 2]","[""policy_current"", ""nit"", ""nit""]","[-1.0, 1.0, 0.0]","[-0.5, 0.5, 0.0]"
current_vs_2x_nit,1399,33,"[0, 2, 1]","[""policy_current"", ""nit"", ""nit""]","[-1.0, 1.0, 0.0]","[-0.5, 0.5, 0.0]"
current_vs_2x_nit,1400,33,"[1, 0, 2]","[""nit"", ""policy_current"", ""nit""]","[32.0, -32.0, 0.0]","[16.0, -16.0, 0.0]"
current_vs_2x_nit,1401,33,"[1, 2, 0]","[""nit"", ""nit"", ""policy_current""]","[8.0, -8.0, 0.0]","[4.0, -4.0, 0.0]"
current_vs_2x_nit,1402,33,"[2, 0, 1]","[""nit"", ""policy_current"", ""nit""]","[32.0, -32.0, 0.0]","[16.0, -16.0, 0.0]"
current_vs_2x_nit,1403,33,"[2, 1, 0]","[""nit"", ""nit"", ""policy_current""]","[8.0, -8.0, 0.0]","[4.0, -4.0, 0.0]"
current_vs_2x_nit,1404,34,"[0, 1, 2]","[""policy_current"", ""nit"", ""nit""]","[2.0, -2.0, 0.0]","[1.0, -1.0, 0.0]"
current_vs_2x_nit,1405,34,"[0, 2, 1]","[""policy_current"", ""nit"", ""nit""]","[2.0, -2.0, 0.0]","[1.0, -1.0, 0.0]"
current_vs_2x_nit,1406,34,"[1, 0, 2]","[""nit"", ""policy_current"", ""nit""]","[2.0, -2.0, 0.0]","[1.0, -1.0, 0.0]"
current_vs_2x_nit,1407,34,"[1, 2, 0]","[""nit"", ""nit"", ""policy_current""]","[2.0, -2.0, 0.0]","[1.0, -1.0, 0.0]"
current_vs_2x_nit,1408,34,"[2, 0, 1]","[""nit"", ""policy_current"", ""nit""]","[2.0, -2.0, 0.0]","[1.0, -1.0, 0.0]"
current_vs_2x_nit,1409,34,"[2, 1, 0]","[""nit"", ""nit"", ""policy_current""]","[2.0, -2.0, 0.0]","[1.0, -1.0, 0.0]"
current_vs_2x_nit,1410,35,"[0, 1, 2]","[""policy_current"", ""nit"", ""nit""]","[2.0, -2.0, 0.0]","[1.0, -1.0, 0.0]"
current_vs_2x_nit,1411,35,"[0, 2, 1]","[""policy_current"", ""nit"", ""nit""]","[2.0, -2.0, 0.0]","[1.0, -1.0, 0.0]"
current_vs_2x_nit,1412,35,"[1, 0, 2]","[""nit"", ""policy_current"", ""nit""]","[2.0, -2.0, 0.0]","[1.0, -1.0, 0.0]"
current_vs_2x_nit,1413,35,"[1, 2, 0]","[""nit"", ""nit"", ""policy_current""]","[2.0, -2.0, 0.0]","[1.0, -1.0, 0.0]"
current_vs_2x_nit,1414,35,"[2, 0, 1]","[""nit"", ""policy_current"", ""nit""]","[2.0, -2.0, 0.0]","[1.0, -1.0, 0.0]"
current_vs_2x_nit,1415,35,"[2, 1, 0]","[""nit"", ""nit"", ""policy_current""]","[2.0, -2.0, 0.0]","[1.0, -1.0, 0.0]"
current_vs_2x_nit,1416,36,"[0, 1, 2]","[""policy_current"", ""nit"", ""nit""]","[-1.0, 1.0, 0.0]","[-0.5, 0.5, 0.0]"
current_vs_2x_nit,1417,36,"[0, 2, 1]","[""policy_current"", ""nit"", ""nit""]","[-1.0, 1.0, 0.0]","[-0.5, 0.5, 0.0]"
current_vs_2x_nit,1418,36,"[1, 0, 2]","[""nit"", ""policy_current"", ""nit""]","[-1.0, 1.0, 0.0]","[-0.5, 0.5, 0.0]"
current_vs_2x_nit,1419,36,"[1, 2, 0]","[""nit"", ""nit"", ""policy_current""]","[-1.0, 1.0, 0.0]","[-0.5, 0.5, 0.0]"
current_vs_2x_nit,1420,36,"[2, 0, 1]","[""nit"", ""policy_current"", ""nit""]","[-1.0, 1.0, 0.0]","[-0.5, 0.5, 0.0]"
current_vs_2x_nit,1421,36,"[2, 1, 0]","[""nit"", ""nit"", ""policy_current""]","[-1.0, 1.0, 0.0]","[-0.5, 0.5, 0.0]"
current_vs_2x_nit,1422,37,"[0, 1, 2]","[""policy_current"", ""nit"", ""nit""]","[-100.0, -2.0, 102.0]","[-50.0, -1.0, 51.0]"
current_vs_2x_nit,1423,37,"[0, 2, 1]","[""policy_current"", ""nit"", ""nit""]","[-100.0, -2.0, 102.0]","[-50.0, -1.0, 51.0]"
current_vs_2x_nit,1424,37,"[1, 0, 2]","[""nit"", ""policy_current"", ""nit""]","[-8.0, -100.0, 108.0]","[-4.0, -50.0, 54.0]"
current_vs_2x_nit,1425,37,"[1, 2, 0]","[""nit"", ""nit"", ""policy_current""]","[-1.0, -2.0, 3.0]","[-0.5, -1.0, 1.5]"
current_vs_2x_nit,1426,37,"[2, 0, 1]","[""nit"", ""policy_current"", ""nit""]","[-8.0, -100.0, 108.0]","[-4.0, -50.0, 54.0]"
current_vs_2x_nit,1427,37,"[2, 1, 0]","[""nit"", ""nit"", ""policy_current""]","[-1.0, -2.0, 3.0]","[-0.5, -1.0, 1.5]"
current_vs_2x_nit,1428,38,"[0, 1, 2]","[""policy_current"", ""nit"", ""nit""]","[-1.0, 1.0, 0.0]","[-0.5, 0.5, 0.0]"
current_vs_2x_nit,1429,38,"[0, 2, 1]","[""policy_current"", ""nit"", ""nit""]","[-1.0, 1.0, 0.0]","[-0.5, 0.5, 0.0]"
current_vs_2x_nit,1430,38,"[1, 0, 2]","[""nit"", ""policy_current"", ""nit""]","[-14.0, 14.0, 0.0]","[-7.0, 7.0, 0.0]"
current_vs_2x_nit,1431,38,"[1, 2, 0]","[""nit"", ""nit"", ""policy_current""]","[-8.0, 8.0, 0.0]","[-4.0, 4.0, 0.0]"
current_vs_2x_nit,1432,38,"[2, 0, 1]","[""nit"", ""policy_current"", ""nit""]","[-14.0, 14.0, 0.0]","[-7.0, 7.0, 0.0]"
current_vs_2x_nit,1433,38,"[2, 1, 0]","[""nit"", ""nit"", ""policy_current""]","[-8.0, 8.0, 0.0]","[-4.0, 4.0, 0.0]"
current_vs_2x_nit,1434,39,"[0, 1, 2]","[""policy_current"", ""nit"", ""nit""]","[-1.0, -2.0, 3.0]","[-0.5, -1.0, 1.5]"
current_vs_2x_nit,1435,39,"[0, 2, 1]","[""policy_current"", ""nit"", ""nit""]","[-1.0, -2.0, 3.0]","[-0.5, -1.0, 1.5]"
current_vs_2x_nit,1436,39,"[1, 0, 2]","[""nit"", ""policy_current"", ""nit""]","[-2.0, 4.0, -2.0]","[-1.0, 2.0, -1.0]"
current_vs_2x_nit,1437,39,"[1, 2, 0]","[""nit"", ""nit"", ""policy_current""]","[-2.0, -2.0, 4.0]","[-1.0, -1.0, 2.0]"
current_vs_2x_nit,1438,39,"[2, 0, 1]","[""nit"", ""policy_current"", ""nit""]","[-2.0, 4.0, -2.0]","[-1.0, 2.0, -1.0]"
current_vs_2x_nit,1439,39,"[2, 1, 0]","[""nit"", ""nit"", ""policy_current""]","[-2.0, -2.0, 4.0]","[-1.0, -1.0, 2.0]"
current_vs_2x_nit,1440,40,"[0, 1, 2]","[""policy_current"", ""nit"", ""nit""]","[2.0, -2.0, 0.0]","[1.0, -1.0, 0.0]"
current_vs_2x_nit,1441,40,"[0, 2, 1]","[""policy_current"", ""nit"", ""nit""]","[2.0, -2.0, 0.0]","[1.0, -1.0, 0.0]"
current_vs_2x_nit,1442,40,"[1, 0, 2]","[""nit"", ""policy_current"", ""nit""]","[-1.0, 1.0, 0.0]","[-0.5, 0.5, 0.0]"
current_vs_2x_nit,1443,40,"[1, 2, 0]","[""nit"", ""nit"", ""policy_current""]","[-1.0, -2.0, 3.0]","[-0.5, -1.0, 1.5]"
current_vs_2x_nit,1444,40,"[2, 0, 1]","[""nit"", ""policy_current"", ""nit""]","[-1.0, 1.0, 0.0]","[-0.5, 0.5, 0.0]"
current_vs_2x_nit,1445,40,"[2, 1, 0]","[""nit"", ""nit"", ""policy_current""]","[-1.0, -2.0, 3.0]","[-0.5, -1.0, 1.5]"
current_vs_2x_nit,1446,41,"[0, 1, 2]","[""policy_current"", ""nit"", ""nit""]","[-1.0, 1.0, 0.0]","[-0.5, 0.5, 0.0]"
current_vs_2x_nit,1447,41,"[0, 2, 1]","[""policy_current"", ""nit"", ""nit""]","[-1.0, 1.0, 0.0]","[-0.5, 0.5, 0.0]"
current_vs_2x_nit,1448,41,"[1, 0, 2]","[""nit"", ""policy_current"", ""nit""]","[-1.0, 1.0, 0.0]","[-0.5, 0.5, 0.0]"
current_vs_2x_nit,1449,41,"[1, 2, 0]","[""nit"", ""nit"", ""policy_current""]","[-1.0, 1.0, 0.0]","[-0.5, 0.5, 0.0]"
current_vs_2x_nit,1450,41,"[2, 0, 1]","[""nit"", ""policy_current"", ""nit""]","[-1.0, 1.0, 0.0]","[-0.5, 0.5, 0.0]"
current_vs_2x_nit,1451,41,"[2, 1, 0]","[""nit"", ""nit"", ""policy_current""]","[-1.0, 1.0, 0.0]","[-0.5, 0.5, 0.0]"
current_vs_2x_nit,1452,42,"[0, 1, 2]","[""policy_current"", ""nit"", ""nit""]","[0.0, 0.0, 0.0]","[0.0, 0.0, 0.0]"
current_vs_2x_nit,1453,42,"[0, 2, 1]","[""policy_current"", ""nit"", ""nit""]","[0.0, 0.0, 0.0]","[0.0, 0.0, 0.0]"
current_vs_2x_nit,1454,42,"[1, 0, 2]","[""nit"", ""policy_current"", ""nit""]","[0.0, 0.0, 0.0]","[0.0, 0.0, 0.0]"
current_vs_2x_nit,1455,42,"[1, 2, 0]","[""nit"", ""nit"", ""policy_current""]","[0.0, 0.0, 0.0]","[0.0, 0.0, 0.0]"
current_vs_2x_nit,1456,42,"[2, 0, 1]","[""nit"", ""policy_current"", ""nit""]","[0.0, 0.0, 0.0]","[0.0, 0.0, 0.0]"
current_vs_2x_nit,1457,42,"[2, 1, 0]","[""nit"", ""nit"", ""policy_current""]","[0.0, 0.0, 0.0]","[0.0, 0.0, 0.0]"
current_vs_2x_nit,1458,43,"[0, 1, 2]","[""policy_current"", ""nit"", ""nit""]","[2.0, -2.0, 0.0]","[1.0, -1.0, 0.0]"
current_vs_2x_nit,1459,43,"[0, 2, 1]","[""policy_current"", ""nit"", ""nit""]","[2.0, -2.0, 0.0]","[1.0, -1.0, 0.0]"
current_vs_2x_nit,1460,43,"[1, 0, 2]","[""nit"", ""policy_current"", ""nit""]","[-2.0, 2.0, 0.0]","[-1.0, 1.0, 0.0]"
current_vs_2x_nit,1461,43,"[1, 2, 0]","[""nit"", ""nit"", ""policy_current""]","[2.0, -2.0, 0.0]","[1.0, -1.0, 0.0]"
current_vs_2x_nit,1462,43,"[2, 0, 1]","[""nit"", ""policy_current"", ""nit""]","[-2.0, 2.0, 0.0]","[-1.0, 1.0, 0.0]"
current_vs_2x_nit,1463,43,"[2, 1, 0]","[""nit"", ""nit"", ""policy_current""]","[2.0, -2.0, 0.0]","[1.0, -1.0, 0.0]"
current_vs_2x_nit,1464,44,"[0, 1, 2]","[""policy_current"", ""nit"", ""nit""]","[-1.0, 1.0, 0.0]","[-0.5, 0.5, 0.0]"
current_vs_2x_nit,1465,44,"[0, 2, 1]","[""policy_current"", ""nit"", ""nit""]","[-1.0, 1.0, 0.0]","[-0.5, 0.5, 0.0]"
current_vs_2x_nit,1466,44,"[1, 0, 2]","[""nit"", ""policy_current"", ""nit""]","[-1.0, 1.0, 0.0]","[-0.5, 0.5, 0.0]"
current_vs_2x_nit,1467,44,"[1, 2, 0]","[""nit"", ""nit"", ""policy_current""]","[-1.0, 1.0, 0.0]","[-0.5, 0.5, 0.0]"
current_vs_2x_nit,1468,44,"[2, 0, 1]","[""nit"", ""policy_current"", ""nit""]","[-1.0, 1.0, 0.0]","[-0.5, 0.5, 0.0]"
current_vs_2x_nit,1469,44,"[2, 1, 0]","[""nit"", ""nit"", ""policy_current""]","[-1.0, 1.0, 0.0]","[-0.5, 0.5, 0.0]"
current_vs_2x_nit,1470,45,"[0, 1, 2]","[""policy_current"", ""nit"", ""nit""]","[-1.0, -2.0, 3.0]","[-0.5, -1.0, 1.5]"
current_vs_2x_nit,1471,45,"[0, 2, 1]","[""policy_current"", ""nit"", ""nit""]","[-1.0, -2.0, 3.0]","[-0.5, -1.0, 1.5]"
current_vs_2x_nit,1472,45,"[1, 0, 2]","[""nit"", ""policy_current"", ""nit""]","[-1.0, -20.0, 21.0]","[-0.5, -10.0, 10.5]"
current_vs_2x_nit,1473,45,"[1, 2, 0]","[""nit"", ""nit"", ""policy_current""]","[-1.0, -20.0, 21.0]","[-0.5, -10.0, 10.5]"
current_vs_2x_nit,1474,45,"[2, 0, 1]","[""nit"", ""policy_current"", ""nit""]","[-1.0, -20.0, 21.0]","[-0.5, -10.0, 10.5]"
current_vs_2x_nit,1475,45,"[2, 1, 0]","[""nit"", ""nit"", ""policy_current""]","[-1.0, -20.0, 21.0]","[-0.5, -10.0, 10.5]"
current_vs_2x_nit,1476,46,"[0, 1, 2]","[""policy_current"", ""nit"", ""nit""]","[2.0, -2.0, 0.0]","[1.0, -1.0, 0.0]"
current_vs_2x_nit,1477,46,"[0, 2, 1]","[""policy_current"", ""nit"", ""nit""]","[2.0, -2.0, 0.0]","[1.0, -1.0, 0.0]"
current_vs_2x_nit,1478,46,"[1, 0, 2]","[""nit"", ""policy_current"", ""nit""]","[-2.0, 2.0, 0.0]","[-1.0, 1.0, 0.0]"
current_vs_2x_nit,1479,46,"[1, 2, 0]","[""nit"", ""nit"", ""policy_current""]","[-1.0, -2.0, 3.0]","[-0.5, -1.0, 1.5]"
current_vs_2x_nit,1480,46,"[2, 0, 1]","[""nit"", ""policy_current"", ""nit""]","[-2.0, 2.0, 0.0]","[-1.0, 1.0, 0.0]"
current_vs_2x_nit,1481,46,"[2, 1, 0]","[""nit"", ""nit"", ""policy_current""]","[-1.0, -2.0, 3.0]","[-0.5, -1.0, 1.5]"
current_vs_2x_nit,1482,47,"[0, 1, 2]","[""policy_current"", ""nit"", ""nit""]","[-1.0, 1.0, 0.0]","[-0.5, 0.5, 0.0]"
current_vs_2x_nit,1483,47,"[0, 2, 1]","[""policy_current"", ""nit"", ""nit""]","[-1.0, 1.0, 0.0]","[-0.5, 0.5, 0.0]"
current_vs_2x_nit,1484,47,"[1, 0, 2]","[""nit"", ""policy_current"", ""nit""]","[-1.0, 1.0, 0.0]","[-0.5, 0.5, 0.0]"
current_vs_2x_nit,1485,47,"[1, 2, 0]","[""nit"", ""nit"", ""policy_current""]","[-1.0, 1.0, 0.0]","[-0.5, 0.5, 0.0]"
current_vs_2x_nit,1486,47,"[2, 0, 1]","[""nit"", ""policy_current"", ""nit""]","[-1.0, 1.0, 0.0]","[-0.5, 0.5, 0.0]"
current_vs_2x_nit,1487,47,"[2, 1, 0]","[""nit"", ""nit"", ""policy_current""]","[-1.0, 1.0, 0.0]","[-0.5, 0.5, 0.0]"
current_vs_2x_nit,1488,48,"[0, 1, 2]","[""policy_current"", ""nit"", ""nit""]","[2.0, -2.0, 0.0]","[1.0, -1.0, 0.0]"
current_vs_2x_nit,1489,48,"[0, 2, 1]","[""policy_current"", ""nit"", ""nit""]","[2.0, -2.0, 0.0]","[1.0, -1.0, 0.0]"
current_vs_2x_nit,1490,48,"[1, 0, 2]","[""nit"", ""policy_current"", ""nit""]","[-2.0, 2.0, 0.0]","[-1.0, 1.0, 0.0]"
current_vs_2x_nit,1491,48,"[1, 2, 0]","[""nit"", ""nit"", ""policy_current""]","[-8.0, -2.0, 10.0]","[-4.0, -1.0, 5.0]"
current_vs_2x_nit,1492,48,"[2, 0, 1]","[""nit"", ""policy_current"", ""nit""]","[-2.0, 2.0, 0.0]","[-1.0, 1.0, 0.0]"
current_vs_2x_nit,1493,48,"[2, 1, 0]","[""nit"", ""nit"", ""policy_current""]","[-8.0, -2.0, 10.0]","[-4.0, -1.0, 5.0]"
current_vs_2x_nit,1494,49,"[0, 1, 2]","[""policy_current"", ""nit"", ""nit""]","[-100.0, 100.0, 0.0]","[-50.0, 50.0, 0.0]"
current_vs_2x_nit,1495,49,"[0, 2, 1]","[""policy_current"", ""nit"", ""nit""]","[-100.0, 100.0, 0.0]","[-50.0, 50.0, 0.0]"
current_vs_2x_nit,1496,49,"[1, 0, 2]","[""nit"", ""policy_current"", ""nit""]","[-1.0, 1.0, 0.0]","[-0.5, 0.5, 0.0]"
current_vs_2x_nit,1497,49,"[1, 2, 0]","[""nit"", ""nit"", ""policy_current""]","[-1.0, 9.0, -8.0]","[-0.5, 4.5, -4.0]"
current_vs_2x_nit,1498,49,"[2, 0, 1]","[""nit"", ""policy_current"", ""nit""]","[-1.0, 1.0, 0.0]","[-0.5, 0.5, 0.0]"
current_vs_2x_nit,1499,49,"[2, 1, 0]","[""nit"", ""nit"", ""policy_current""]","[-1.0, 9.0, -8.0]","[-0.5, 4.5, -4.0]"
current_vs_2x_nit,1500,50,"[0, 1, 2]","[""policy_current"", ""nit"", ""nit""]","[2.0, -2.0, 0.0]","[1.0, -1.0, 0.0]"
current_vs_2x_nit,1501,50,"[0, 2, 1]","[""policy_current"", ""nit"", ""nit""]","[2.0, -2.0, 0.0]","[1.0, -1.0, 0.0]"
current_vs_2x_nit,1502,50,"[1, 0, 2]","[""nit"", ""policy_current"", ""nit""]","[-8.0, 8.0, 0.0]","[-4.0, 4.0, 0.0]"
current_vs_2x_nit,1503,50,"[1, 2, 0]","[""nit"", ""nit"", ""policy_current""]","[-2.0, 2.0, 0.0]","[-1.0, 1.0, 0.0]"
current_vs_2x_nit,1504,50,"[2, 0, 1]","[""nit"", ""policy_current"", ""nit""]","[-8.0, 8.0, 0.0]","[-4.0, 4.0, 0.0]"
current_vs_2x_nit,1505,50,"[2, 1, 0]","[""nit"", ""nit"", ""policy_current""]","[-2.0, 2.0, 0.0]","[-1.0, 1.0, 0.0]"
current_vs_2x_nit,1506,51,"[0, 1, 2]","[""policy_current"", ""nit"", ""nit""]","[-14.0, 14.0, 0.0]","[-7.0, 7.0, 0.0]"
current_vs_2x_nit,1507,51,"[0, 2, 1]","[""policy_current"", ""nit"", ""nit""]","[-14.0, 14.0, 0.0]","[-7.0, 7.0, 0.0]"
current_vs_2x_nit,1508,51,"[1, 0, 2]","[""nit"", ""policy_current"", ""nit""]","[-1.0, 1.0, 0.0]","[-0.5, 0.5, 0.0]"
current_vs_2x_nit,1509,51,"[1, 2, 0]","[""nit"", ""nit"", ""policy_current""]","[-1.0, 15.0, -14.0]","[-0.5, 7.5, -7.0]"
current_vs_2x_nit,1510,51,"[2, 0, 1]","[""nit"", ""policy_current"", ""nit""]","[-1.0, 1.0, 0.0]","[-0.5, 0.5, 0.0]"
current_vs_2x_nit,1511,51,"[2, 1, 0]","[""nit"", ""nit"", ""policy_current""]","[-1.0, 15.0, -14.0]","[-0.5, 7.5, -7.0]"
current_vs_2x_nit,1512,52,"[0, 1, 2]","[""policy_current"", ""nit"", ""nit""]","[8.0, -8.0, 0.0]","[4.0, -4.0, 0.0]"
current_vs_2x_nit,1513,52,"[0, 2, 1]","[""policy_current"", ""nit"", ""nit""]","[8.0, -8.0, 0.0]","[4.0, -4.0, 0.0]"
current_vs_2x_nit,1514,52,"[1, 0, 2]","[""nit"", ""policy_current"", ""nit""]","[-1.0, 1.0, 0.0]","[-0.5, 0.5, 0.0]"
current_vs_2x_nit,1515,52,"[1, 2, 0]","[""nit"", ""nit"", ""policy_current""]","[-1.0, -2.0, 3.0]","[-0.5, -1.0, 1.5]"
current_vs_2x_nit,1516,52,"[2, 0, 1]","[""nit"", ""policy_current"", ""nit""]","[-1.0, 1.0, 0.0]","[-0.5, 0.5, 0.0]"
current_vs_2x_nit,1517,52,"[2, 1, 0]","[""nit"", ""nit"", ""policy_current""]","[-1.0, -2.0, 3.0]","[-0.5, -1.0, 1.5]"
current_vs_2x_nit,1518,53,"[0, 1, 2]","[""policy_current"", ""nit"", ""nit""]","[4.0, -2.0, -2.0]","[2.0, -1.0, -1.0]"
current_vs_2x_nit,1519,53,"[0, 2, 1]","[""policy_current"", ""nit"", ""nit""]","[4.0, -2.0, -2.0]","[2.0, -1.0, -1.0]"
current_vs_2x_nit,1520,53,"[1, 0, 2]","[""nit"", ""policy_current"", ""nit""]","[-20.0, -14.0, 34.0]","[-10.0, -7.0, 17.0]"
current_vs_2x_nit,1521,53,"[1, 2, 0]","[""nit"", ""nit"", ""policy_current""]","[-100.0, -20.0, 120.0]","[-50.0, -10.0, 60.0]"
current_vs_2x_nit,1522,53,"[2, 0, 1]","[""nit"", ""policy_current"", ""nit""]","[-20.0, -14.0, 34.0]","[-10.0, -7.0, 17.0]"
current_vs_2x_nit,1523,53,"[2, 1, 0]","[""nit"", ""nit"", ""policy_current""]","[-100.0, -20.0, 120.0]","[-50.0, -10.0, 60.0]"
current_vs_2x_nit,1524,54,"[0, 1, 2]","[""policy_current"", ""nit"", ""nit""]","[2.0, -2.0, 0.0]","[1.0, -1.0, 0.0]"
current_vs_2x_nit,1525,54,"[0, 2, 1]","[""policy_current"", ""nit"", ""nit""]","[2.0, -2.0, 0.0]","[1.0, -1.0, 0.0]"
current_vs_2x_nit,1526,54,"[1, 0, 2]","[""nit"", ""policy_current"", ""nit""]","[-2.0, 2.0, 0.0]","[-1.0, 1.0, 0.0]"
current_vs_2x_nit,1527,54,"[1, 2, 0]","[""nit"", ""nit"", ""policy_current""]","[-8.0, -8.0, 16.0]","[-4.0, -4.0, 8.0]"
current_vs_2x_nit,1528,54,"[2, 0, 1]","[""nit"", ""policy_current"", ""nit""]","[-2.0, 2.0, 0.0]","[-1.0, 1.0, 0.0]"
current_vs_2x_nit,1529,54,"[2, 1, 0]","[""nit"", ""nit"", ""policy_current""]","[-8.0, -8.0, 16.0]","[-4.0, -4.0, 8.0]"
current_vs_2x_nit,1530,55,"[0, 1, 2]","[""policy_current"", ""nit"", ""nit""]","[-1.0, 1.0, 0.0]","[-0.5, 0.5, 0.0]"
current_vs_2x_nit,1531,55,"[0, 2, 1]","[""policy_current"", ""nit"", ""nit""]","[-1.0, 1.0, 0.0]","[-0.5, 0.5, 0.0]"
current_vs_2x_nit,1532,55,"[1, 0, 2]","[""nit"", ""policy_current"", ""nit""]","[2.0, -2.0, 0.0]","[1.0, -1.0, 0.0]"
current_vs_2x_nit,1533,55,"[1, 2, 0]","[""nit"", ""nit"", ""policy_current""]","[2.0, -2.0, 0.0]","[1.0, -1.0, 0.0]"
current_vs_2x_nit,1534,55,"[2, 0, 1]","[""nit"", ""policy_current"", ""nit""]","[2.0, -2.0, 0.0]","[1.0, -1.0, 0.0]"
current_vs_2x_nit,1535,55,"[2, 1, 0]","[""nit"", ""nit"", ""policy_current""]","[2.0, -2.0, 0.0]","[1.0, -1.0, 0.0]"
current_vs_2x_nit,1536,56,"[0, 1, 2]","[""policy_current"", ""nit"", ""nit""]","[-1.0, 1.0, 0.0]","[-0.5, 0.5, 0.0]"
current_vs_2x_nit,1537,56,"[0, 2, 1]","[""policy_current"", ""nit"", ""nit""]","[-1.0, 1.0, 0.0]","[-0.5, 0.5, 0.0]"
current_vs_2x_nit,1538,56,"[1, 0, 2]","[""nit"", ""policy_current"", ""nit""]","[-1.0, 1.0, 0.0]","[-0.5, 0.5, 0.0]"
current_vs_2x_nit,1539,56,"[1, 2, 0]","[""nit"", ""nit"", ""policy_current""]","[-1.0, 1.0, 0.0]","[-0.5, 0.5, 0.0]"
current_vs_2x_nit,1540,56,"[2, 0, 1]","[""nit"", ""policy_current"", ""nit""]","[-1.0, 1.0, 0.0]","[-0.5, 0.5, 0.0]"
current_vs_2x_nit,1541,56,"[2, 1, 0]","[""nit"", ""nit"", ""policy_current""]","[-1.0, 1.0, 0.0]","[-0.5, 0.5, 0.0]"
current_vs_2x_nit,1542,57,"[0, 1, 2]","[""policy_current"", ""nit"", ""nit""]","[-1.0, 3.0, -2.0]","[-0.5, 1.5, -1.0]"
current_vs_2x_nit,1543,57,"[0, 2, 1]","[""policy_current"", ""nit"", ""nit""]","[-1.0, 3.0, -2.0]","[-0.5, 1.5, -1.0]"
current_vs_2x_nit,1544,57,"[1, 0, 2]","[""nit"", ""policy_current"", ""nit""]","[-1.0, 3.0, -2.0]","[-0.5, 1.5, -1.0]"
current_vs_2x_nit,1545,57,"[1, 2, 0]","[""nit"", ""nit"", ""policy_current""]","[-1.0, -2.0, 3.0]","[-0.5, -1.0, 1.5]"
current_vs_2x_nit,1546,57,"[2, 0, 1]","[""nit"", ""policy_current"", ""nit""]","[-1.0, 3.0, -2.0]","[-0.5, 1.5, -1.0]"
current_vs_2x_nit,1547,57,"[2, 1, 0]","[""nit"", ""nit"", ""policy_current""]","[-1.0, -2.0, 3.0]","[-0.5, -1.0, 1.5]"
current_vs_2x_nit,1548,58,"[0, 1, 2]","[""policy_current"", ""nit"", ""nit""]","[-1.0, 3.0, -2.0]","[-0.5, 1.5, -1.0]"
current_vs_2x_nit,1549,58,"[0, 2, 1]","[""policy_current"", ""nit"", ""nit""]","[-1.0, 3.0, -2.0]","[-0.5, 1.5, -1.0]"
current_vs_2x_nit,1550,58,"[1, 0, 2]","[""nit"", ""policy_current"", ""nit""]","[-1.0, 9.0, -8.0]","[-0.5, 4.5, -4.0]"
current_vs_2x_nit,1551,58,"[1, 2, 0]","[""nit"", ""nit"", ""policy_current""]","[-1.0, -14.0, 15.0]","[-0.5, -7.0, 7.5]"
current_vs_2x_nit,1552,58,"[2, 0, 1]","[""nit"", ""policy_current"", ""nit""]","[-1.0, 9.0, -8.0]","[-0.5, 4.5, -4.0]"
current_vs_2x_nit,1553,58,"[2, 1, 0]","[""nit"", ""nit"", ""policy_current""]","[-1.0, -14.0, 15.0]","[-0.5, -7.0, 7.5]"
current_vs_2x_nit,1554,59,"[0, 1, 2]","[""policy_current"", ""nit"", ""nit""]","[-1.0, 1.0, 0.0]","[-0.5, 0.5, 0.0]"
current_vs_2x_nit,1555,59,"[0, 2, 1]","[""policy_current"", ""nit"", ""nit""]","[-1.0, 1.0, 0.0]","[-0.5, 0.5, 0.0]"
current_vs_2x_nit,1556,59,"[1, 0, 2]","[""nit"", ""policy_current"", ""nit""]","[-1.0, 1.0, 0.0]","[-0.5, 0.5, 0.0]"
current_vs_2x_nit,1557,59,"[1, 2, 0]","[""nit"", ""nit"", ""policy_current""]","[-1.0, 1.0, 0.0]","[-0.5, 0.5, 0.0]"
current_vs_2x_nit,1558,59,"[2, 0, 1]","[""nit"", ""policy_current"", ""nit""]","[-1.0, 1.0, 0.0]","[-0.5, 0.5, 0.0]"
current_vs_2x_nit,1559,59,"[2, 1, 0]","[""nit"", ""nit"", ""policy_current""]","[-1.0, 1.0, 0.0]","[-0.5, 0.5, 0.0]"
current_vs_2x_nit,1560,60,"[0, 1, 2]","[""policy_current"", ""nit"", ""nit""]","[2.0, -2.0, 0.0]","[1.0, -1.0, 0.0]"
current_vs_2x_nit,1561,60,"[0, 2, 1]","[""policy_current"", ""nit"", ""nit""]","[2.0, -2.0, 0.0]","[1.0, -1.0, 0.0]"
current_vs_2x_nit,1562,60,"[1, 0, 2]","[""nit"", ""policy_current"", ""nit""]","[-14.0, 14.0, 0.0]","[-7.0, 7.0, 0.0]"
current_vs_2x_nit,1563,60,"[1, 2, 0]","[""nit"", ""nit"", ""policy_current""]","[2.0, -2.0, 0.0]","[1.0, -1.0, 0.0]"
current_vs_2x_nit,1564,60,"[2, 0, 1]","[""nit"", ""policy_current"", ""nit""]","[-14.0, 14.0, 0.0]","[-7.0, 7.0, 0.0]"
current_vs_2x_nit,1565,60,"[2, 1, 0]","[""nit"", ""nit"", ""policy_current""]","[2.0, -2.0, 0.0]","[1.0, -1.0, 0.0]"
current_vs_2x_nit,1566,61,"[0, 1, 2]","[""policy_current"", ""nit"", ""nit""]","[4.0, -2.0, -2.0]","[2.0, -1.0, -1.0]"
current_vs_2x_nit,1567,61,"[0, 2, 1]","[""policy_current"", ""nit"", ""nit""]","[4.0, -2.0, -2.0]","[2.0, -1.0, -1.0]"
current_vs_2x_nit,1568,61,"[1, 0, 2]","[""nit"", ""policy_current"", ""nit""]","[-100.0, 102.0, -2.0]","[-50.0, 51.0, -1.0]"
current_vs_2x_nit,1569,61,"[1, 2, 0]","[""nit"", ""nit"", ""policy_current""]","[-8.0, 10.0, -2.0]","[-4.0, 5.0, -1.0]"
current_vs_2x_nit,1570,61,"[2, 0, 1]","[""nit"", ""policy_current"", ""nit""]","[-100.0, 102.0, -2.0]","[-50.0, 51.0, -1.0]"
current_vs_2x_nit,1571,61,"[2, 1, 0]","[""nit"", ""nit"", ""policy_current""]","[-8.0, 10.0, -2.0]","[-4.0, 5.0, -1.0]"
current_vs_2x_nit,1572,62,"[0, 1, 2]","[""policy_current"", ""nit"", ""nit""]","[-1.0, 1.0, 0.0]","[-0.5, 0.5, 0.0]"
current_vs_2x_nit,1573,62,"[0, 2, 1]","[""policy_current"", ""nit"", ""nit""]","[-1.0, 1.0, 0.0]","[-0.5, 0.5, 0.0]"
current_vs_2x_nit,1574,62,"[1, 0, 2]","[""nit"", ""policy_current"", ""nit""]","[-1.0, 1.0, 0.0]","[-0.5, 0.5, 0.0]"
current_vs_2x_nit,1575,62,"[1, 2, 0]","[""nit"", ""nit"", ""policy_current""]","[-1.0, -8.0, 9.0]","[-0.5, -4.0, 4.5]"
current_vs_2x_nit,1576,62,"[2, 0, 1]","[""nit"", ""policy_current"", ""nit""]","[-1.0, 1.0, 0.0]","[-0.5, 0.5, 0.0]"
current_vs_2x_nit,1577,62,"[2, 1, 0]","[""nit"", ""nit"", ""policy_current""]","[-1.0, -8.0, 9.0]","[-0.5, -4.0, 4.5]"
current_vs_2x_nit,1578,63,"[0, 1, 2]","[""policy_current"", ""nit"", ""nit""]","[10.0, -2.0, -8.0]","[5.0, -1.0, -4.0]"
current_vs_2x_nit,1579,63,"[0, 2, 1]","[""policy_current"", ""nit"", ""nit""]","[10.0, -2.0, -8.0]","[5.0, -1.0, -4.0]"
current_vs_2x_nit,1580,63,"[1, 0, 2]","[""nit"", ""policy_current"", ""nit""]","[-1.0, 3.0, -2.0]","[-0.5, 1.5, -1.0]"
current_vs_2x_nit,1581,63,"[1, 2, 0]","[""nit"", ""nit"", ""policy_current""]","[-1.0, -2.0, 3.0]","[-0.5, -1.0, 1.5]"
current_vs_2x_nit,1582,63,"[2, 0, 1]","[""nit"", ""policy_current"", ""nit""]","[-1.0, 3.0, -2.0]","[-0.5, 1.5, -1.0]"
current_vs_2x_nit,1583,63,"[2, 1, 0]","[""nit"", ""nit"", ""policy_current""]","[-1.0, -2.0, 3.0]","[-0.5, -1.0, 1.5]"
current_vs_2x_nit,1584,64,"[0, 1, 2]","[""policy_current"", ""nit"", ""nit""]","[4.0, -2.0, -2.0]","[2.0, -1.0, -1.0]"
current_vs_2x_nit,1585,64,"[0, 2, 1]","[""policy_current"", ""nit"", ""nit""]","[4.0, -2.0, -2.0]","[2.0, -1.0, -1.0]"
current_vs_2x_nit,1586,64,"[1, 0, 2]","[""nit"", ""policy_current"", ""nit""]","[-2.0, 4.0, -2.0]","[-1.0, 2.0, -1.0]"
current_vs_2x_nit,1587,64,"[1, 2, 0]","[""nit"", ""nit"", ""policy_current""]","[-8.0, -2.0, 10.0]","[-4.0, -1.0, 5.0]"
current_vs_2x_nit,1588,64,"[2, 0, 1]","[""nit"", ""policy_current"", ""nit""]","[-2.0, 4.0, -2.0]","[-1.0, 2.0, -1.0]"
current_vs_2x_nit,1589,64,"[2, 1, 0]","[""nit"", ""nit"", ""policy_current""]","[-8.0, -2.0, 10.0]","[-4.0, -1.0, 5.0]"
current_vs_2x_nit,1590,65,"[0, 1, 2]","[""policy_current"", ""nit"", ""nit""]","[-1.0, 1.0, 0.0]","[-0.5, 0.5, 0.0]"
current_vs_2x_nit,1591,65,"[0, 2, 1]","[""policy_current"", ""nit"", ""nit""]","[-1.0, 1.0, 0.0]","[-0.5, 0.5, 0.0]"
current_vs_2x_nit,1592,65,"[1, 0, 2]","[""nit"", ""policy_current"", ""nit""]","[-2.0, 2.0, 0.0]","[-1.0, 1.0, 0.0]"
current_vs_2x_nit,1593,65,"[1, 2, 0]","[""nit"", ""nit"", ""policy_current""]","[2.0, -2.0, 0.0]","[1.0, -1.0, 0.0]"
current_vs_2x_nit,1594,65,"[2, 0, 1]","[""nit"", ""policy_current"", ""nit""]","[-2.0, 2.0, 0.0]","[-1.0, 1.0, 0.0]"
current_vs_2x_nit,1595,65,"[2, 1, 0]","[""nit"", ""nit"", ""policy_current""]","[2.0, -2.0, 0.0]","[1.0, -1.0, 0.0]"
current_vs_2x_nit,1596,66,"[0, 1, 2]","[""policy_current"", ""nit"", ""nit""]","[-1.0, 1.0, 0.0]","[-0.5, 0.5, 0.0]"
current_vs_2x_nit,1597,66,"[0, 2, 1]","[""policy_current"", ""nit"", ""nit""]","[-1.0, 1.0, 0.0]","[-0.5, 0.5, 0.0]"
current_vs_2x_nit,1598,66,"[1, 0, 2]","[""nit"", ""policy_current"", ""nit""]","[-8.0, 8.0, 0.0]","[-4.0, 4.0, 0.0]"
current_vs_2x_nit,1599,66,"[1, 2, 0]","[""nit"", ""nit"", ""policy_current""]","[-2.0, 2.0, 0.0]","[-1.0, 1.0, 0.0]"
current_vs_2x_nit,1600,66,"[2, 0, 1]","[""nit"", ""policy_current"", ""nit""]","[-8.0, 8.0, 0.0]","[-4.0, 4.0, 0.0]"
current_vs_2x_nit,1601,66,"[2, 1, 0]","[""nit"", ""nit"", ""policy_current""]","[-2.0, 2.0, 0.0]","[-1.0, 1.0, 0.0]"
current_vs_2x_nit,1602,67,"[0, 1, 2]","[""policy_current"", ""nit"", ""nit""]","[-1.0, 1.0, 0.0]","[-0.5, 0.5, 0.0]"
current_vs_2x_nit,1603,67,"[0, 2, 1]","[""policy_current"", ""nit"", ""nit""]","[-1.0, 1.0, 0.0]","[-0.5, 0.5, 0.0]"
current_vs_2x_nit,1604,67,"[1, 0, 2]","[""nit"", ""policy_current"", ""nit""]","[2.0, -2.0, 0.0]","[1.0, -1.0, 0.0]"
current_vs_2x_nit,1605,67,"[1, 2, 0]","[""nit"", ""nit"", ""policy_current""]","[2.0, -2.0, 0.0]","[1.0, -1.0, 0.0]"
current_vs_2x_nit,1606,67,"[2, 0, 1]","[""nit"", ""policy_current"", ""nit""]","[2.0, -2.0, 0.0]","[1.0, -1.0, 0.0]"
current_vs_2x_nit,1607,67,"[2, 1, 0]","[""nit"", ""nit"", ""policy_current""]","[2.0, -2.0, 0.0]","[1.0, -1.0, 0.0]"
current_vs_2x_nit,1608,68,"[0, 1, 2]","[""policy_current"", ""nit"", ""nit""]","[100.0, -100.0, 0.0]","[50.0, -50.0, 0.0]"
current_vs_2x_nit,1609,68,"[0, 2, 1]","[""policy_current"", ""nit"", ""nit""]","[100.0, -100.0, 0.0]","[50.0, -50.0, 0.0]"
current_vs_2x_nit,1610,68,"[1, 0, 2]","[""nit"", ""policy_current"", ""nit""]","[-1.0, 1.0, 0.0]","[-0.5, 0.5, 0.0]"
current_vs_2x_nit,1611,68,"[1, 2, 0]","[""nit"", ""nit"", ""policy_current""]","[-1.0, 1.0, 0.0]","[-0.5, 0.5, 0.0]"
current_vs_2x_nit,1612,68,"[2, 0, 1]","[""nit"", ""policy_current"", ""nit""]","[-1.0, 1.0, 0.0]","[-0.5, 0.5, 0.0]"
current_vs_2x_nit,1613,68,"[2, 1, 0]","[""nit"", ""nit"", ""policy_current""]","[-1.0, 1.0, 0.0]","[-0.5, 0.5, 0.0]"
current_vs_2x_nit,1614,69,"[0, 1, 2]","[""policy_current"", ""nit"", ""nit""]","[-1.0, 0.5, 0.5]","[-0.5, 0.25, 0.25]"
current_vs_2x_nit,1615,69,"[0, 2, 1]","[""policy_current"", ""nit"", ""nit""]","[-1.0, 0.5, 0.5]","[-0.5, 0.25, 0.25]"
current_vs_2x_nit,1616,69,"[1, 0, 2]","[""nit"", ""policy_current"", ""nit""]","[-1.0, 3.0, -2.0]","[-0.5, 1.5, -1.0]"
current_vs_2x_nit,1617,69,"[1, 2, 0]","[""nit"", ""nit"", ""policy_current""]","[-1.0, -2.0, 3.0]","[-0.5, -1.0, 1.5]"
current_vs_2x_nit,1618,69,"[2, 0, 1]","[""nit"", ""policy_current"", ""nit""]","[-1.0, 3.0, -2.0]","[-0.5, 1.5, -1.0]"
current_vs_2x_nit,1619,69,"[2, 1, 0]","[""nit"", ""nit"", ""policy_current""]","[-1.0, -2.0, 3.0]","[-0.5, -1.0, 1.5]"
current_vs_2x_nit,1620,70,"[0, 1, 2]","[""policy_current"", ""nit"", ""nit""]","[2.0, -2.0, 0.0]","[1.0, -1.0, 0.0]"
current_vs_2x_nit,1621,70,"[0, 2, 1]","[""policy_current"", ""nit"", ""nit""]","[2.0, -2.0, 0.0]","[1.0, -1.0, 0.0]"
current_vs_2x_nit,1622,70,"[1, 0, 2]","[""nit"", ""policy_current"", ""nit""]","[-8.0, 8.0, 0.0]","[-4.0, 4.0, 0.0]"
current_vs_2x_nit,1623,70,"[1, 2, 0]","[""nit"", ""nit"", ""policy_current""]","[-2.0, -2.0, 4.0]","[-1.0, -1.0, 2.0]"
current_vs_2x_nit,1624,70,"[2, 0, 1]","[""nit"", ""policy_current"", ""nit""]","[-8.0, 8.0, 0.0]","[-4.0, 4.0, 0.0]"
current_vs_2x_nit,1625,70,"[2, 1, 0]","[""nit"", ""nit"", ""policy_current""]","[-2.0, -2.0, 4.0]","[-1.0, -1.0, 2.0]"
current_vs_2x_nit,1626,71,"[0, 1, 2]","[""policy_current"", ""nit"", ""nit""]","[-1.0, 1.0, 0.0]","[-0.5, 0.5, 0.0]"
current_vs_2x_nit,1627,71,"[0, 2, 1]","[""policy_current"", ""nit"", ""nit""]","[-1.0, 1.0, 0.0]","[-0.5, 0.5, 0.0]"
current_vs_2x_nit,1628,71,"[1, 0, 2]","[""nit"", ""policy_current"", ""nit""]","[-1.0, 1.0, 0.0]","[-0.5, 0.5, 0.0]"
current_vs_2x_nit,1629,71,"[1, 2, 0]","[""nit"", ""nit"", ""policy_current""]","[-1.0, 1.0, 0.0]","[-0.5, 0.5, 0.0]"
current_vs_2x_nit,1630,71,"[2, 0, 1]","[""nit"", ""policy_current"", ""nit""]","[-1.0, 1.0, 0.0]","[-0.5, 0.5, 0.0]"
current_vs_2x_nit,1631,71,"[2, 1, 0]","[""nit"", ""nit"", ""policy_current""]","[-1.0, 1.0, 0.0]","[-0.5, 0.5, 0.0]"
current_vs_2x_nit,1632,72,"[0, 1, 2]","[""policy_current"", ""nit"", ""nit""]","[-1.0, 1.0, 0.0]","[-0.5, 0.5, 0.0]"
current_vs_2x_nit,1633,72,"[0, 2, 1]","[""policy_current"", ""nit"", ""nit""]","[-1.0, 1.0, 0.0]","[-0.5, 0.5, 0.0]"
current_vs_2x_nit,1634,72,"[1, 0, 2]","[""nit"", ""policy_current"", ""nit""]","[-1.0, 1.0, 0.0]","[-0.5, 0.5, 0.0]"
current_vs_2x_nit,1635,72,"[1, 2, 0]","[""nit"", ""nit"", ""policy_current""]","[-1.0, 1.0, 0.0]","[-0.5, 0.5, 0.0]"
current_vs_2x_nit,1636,72,"[2, 0, 1]","[""nit"", ""policy_current"", ""nit""]","[-1.0, 1.0, 0.0]","[-0.5, 0.5, 0.0]"
current_vs_2x_nit,1637,72,"[2, 1, 0]","[""nit"", ""nit"", ""policy_current""]","[-1.0, 1.0, 0.0]","[-0.5, 0.5, 0.0]"
current_vs_2x_nit,1638,73,"[0, 1, 2]","[""policy_current"", ""nit"", ""nit""]","[-1.0, 3.0, -2.0]","[-0.5, 1.5, -1.0]"
current_vs_2x_nit,1639,73,"[0, 2, 1]","[""policy_current"", ""nit"", ""nit""]","[-1.0, 3.0, -2.0]","[-0.5, 1.5, -1.0]"
current_vs_2x_nit,1640,73,"[1, 0, 2]","[""nit"", ""policy_current"", ""nit""]","[-2.0, 4.0, -2.0]","[-1.0, 2.0, -1.0]"
current_vs_2x_nit,1641,73,"[1, 2, 0]","[""nit"", ""nit"", ""policy_current""]","[-2.0, 2.0, 0.0]","[-1.0, 1.0, 0.0]"
current_vs_2x_nit,1642,73,"[2, 0, 1]","[""nit"", ""policy_current"", ""nit""]","[-2.0, 4.0, -2.0]","[-1.0, 2.0, -1.0]"
current_vs_2x_nit,1643,73,"[2, 1, 0]","[""nit"", ""nit"", ""policy_current""]","[-2.0, 2.0, 0.0]","[-1.0, 1.0, 0.0]"
current_vs_2x_nit,1644,74,"[0, 1, 2]","[""policy_current"", ""nit"", ""nit""]","[-1.0, 1.0, 0.0]","[-0.5, 0.5, 0.0]"
current_vs_2x_nit,1645,74,"[0, 2, 1]","[""policy_current"", ""nit"", ""nit""]","[-1.0, 1.0, 0.0]","[-0.5, 0.5, 0.0]"
current_vs_2x_nit,1646,74,"[1, 0, 2]","[""nit"", ""policy_current"", ""nit""]","[-1.0, 1.0, 0.0]","[-0.5, 0.5, 0.0]"
current_vs_2x_nit,1647,74,"[1, 2, 0]","[""nit"", ""nit"", ""policy_current""]","[-1.0, 1.0, 0.0]","[-0.5, 0.5, 0.0]"
current_vs_2x_nit,1648,74,"[2, 0, 1]","[""nit"", ""policy_current"", ""nit""]","[-1.0, 1.0, 0.0]","[-0.5, 0.5, 0.0]"
current_vs_2x_nit,1649,74,"[2, 1, 0]","[""nit"", ""nit"", ""policy_current""]","[-1.0, 1.0, 0.0]","[-0.5, 0.5, 0.0]"
current_vs_2x_nit,1650,75,"[0, 1, 2]","[""policy_current"", ""nit"", ""nit""]","[2.0, -2.0, 0.0]","[1.0, -1.0, 0.0]"
current_vs_2x_nit,1651,75,"[0, 2, 1]","[""policy_current"", ""nit"", ""nit""]","[2.0, -2.0, 0.0]","[1.0, -1.0, 0.0]"
current_vs_2x_nit,1652,75,"[1, 0, 2]","[""nit"", ""policy_current"", ""nit""]","[2.0, -2.0, 0.0]","[1.0, -1.0, 0.0]"
current_vs_2x_nit,1653,75,"[1, 2, 0]","[""nit"", ""nit"", ""policy_current""]","[2.0, -2.0, 0.0]","[1.0, -1.0, 0.0]"
current_vs_2x_nit,1654,75,"[2, 0, 1]","[""nit"", ""policy_current"", ""nit""]","[2.0, -2.0, 0.0]","[1.0, -1.0, 0.0]"
current_vs_2x_nit,1655,75,"[2, 1, 0]","[""nit"", ""nit"", ""policy_current""]","[2.0, -2.0, 0.0]","[1.0, -1.0, 0.0]"
current_vs_2x_nit,1656,76,"[0, 1, 2]","[""policy_current"", ""nit"", ""nit""]","[2.0, -2.0, 0.0]","[1.0, -1.0, 0.0]"
current_vs_2x_nit,1657,76,"[0, 2, 1]","[""policy_current"", ""nit"", ""nit""]","[2.0, -2.0, 0.0]","[1.0, -1.0, 0.0]"
current_vs_2x_nit,1658,76,"[1, 0, 2]","[""nit"", ""policy_current"", ""nit""]","[-2.0, 2.0, 0.0]","[-1.0, 1.0, 0.0]"
current_vs_2x_nit,1659,76,"[1, 2, 0]","[""nit"", ""nit"", ""policy_current""]","[-1.0, -2.0, 3.0]","[-0.5, -1.0, 1.5]"
current_vs_2x_nit,1660,76,"[2, 0, 1]","[""nit"", ""policy_current"", ""nit""]","[-2.0, 2.0, 0.0]","[-1.0, 1.0, 0.0]"
current_vs_2x_nit,1661,76,"[2, 1, 0]","[""nit"", ""nit"", ""policy_current""]","[-1.0, -2.0, 3.0]","[-0.5, -1.0, 1.5]"
current_vs_2x_nit,1662,77,"[0, 1, 2]","[""policy_current"", ""nit"", ""nit""]","[2.0, -2.0, 0.0]","[1.0, -1.0, 0.0]"
current_vs_2x_nit,1663,77,"[0, 2, 1]","[""policy_current"", ""nit"", ""nit""]","[2.0, -2.0, 0.0]","[1.0, -1.0, 0.0]"
current_vs_2x_nit,1664,77,"[1, 0, 2]","[""nit"", ""policy_current"", ""nit""]","[-1.0, 1.0, 0.0]","[-0.5, 0.5, 0.0]"
current_vs_2x_nit,1665,77,"[1, 2, 0]","[""nit"", ""nit"", ""policy_current""]","[-1.0, -2.0, 3.0]","[-0.5, -1.0, 1.5]"
current_vs_2x_nit,1666,77,"[2, 0, 1]","[""nit"", ""policy_current"", ""nit""]","[-1.0, 1.0, 0.0]","[-0.5, 0.5, 0.0]"
current_vs_2x_nit,1667,77,"[2, 1, 0]","[""nit"", ""nit"", ""policy_current""]","[-1.0, -2.0, 3.0]","[-0.5, -1.0, 1.5]"
current_vs_2x_nit,1668,78,"[0, 1, 2]","[""policy_current"", ""nit"", ""nit""]","[-1.0, 3.0, -2.0]","[-0.5, 1.5, -1.0]"
current_vs_2x_nit,1669,78,"[0, 2, 1]","[""policy_current"", ""nit"", ""nit""]","[-1.0, 3.0, -2.0]","[-0.5, 1.5, -1.0]"
current_vs_2x_nit,1670,78,"[1, 0, 2]","[""nit"", ""policy_current"", ""nit""]","[-1.0, 9.0, -8.0]","[-0.5, 4.5, -4.0]"
current_vs_2x_nit,1671,78,"[1, 2, 0]","[""nit"", ""nit"", ""policy_current""]","[-1.0, -8.0, 9.0]","[-0.5, -4.0, 4.5]"
current_vs_2x_nit,1672,78,"[2, 0, 1]","[""nit"", ""policy_current"", ""nit""]","[-1.0, 9.0, -8.0]","[-0.5, 4.5, -4.0]"
current_vs_2x_nit,1673,78,"[2, 1, 0]","[""nit"", ""nit"", ""policy_current""]","[-1.0, -8.0, 9.0]","[-0.5, -4.0, 4.5]"
current_vs_2x_nit,1674,79,"[0, 1, 2]","[""policy_current"", ""nit"", ""nit""]","[-1.0, 1.0, 0.0]","[-0.5, 0.5, 0.0]"
current_vs_2x_nit,1675,79,"[0, 2, 1]","[""policy_current"", ""nit"", ""nit""]","[-1.0, 1.0, 0.0]","[-0.5, 0.5, 0.0]"
current_vs_2x_nit,1676,79,"[1, 0, 2]","[""nit"", ""policy_current"", ""nit""]","[-1.0, 1.0, 0.0]","[-0.5, 0.5, 0.0]"
current_vs_2x_nit,1677,79,"[1, 2, 0]","[""nit"", ""nit"", ""policy_current""]","[-1.0, 1.0, 0.0]","[-0.5, 0.5, 0.0]"
current_vs_2x_nit,1678,79,"[2, 0, 1]","[""nit"", ""policy_current"", ""nit""]","[-1.0, 1.0, 0.0]","[-0.5, 0.5, 0.0]"
current_vs_2x_nit,1679,79,"[2, 1, 0]","[""nit"", ""nit"", ""policy_current""]","[-1.0, 1.0, 0.0]","[-0.5, 0.5, 0.0]"
current_vs_2x_nit,1680,80,"[0, 1, 2]","[""policy_current"", ""nit"", ""nit""]","[-1.0, 1.0, 0.0]","[-0.5, 0.5, 0.0]"
current_vs_2x_nit,1681,80,"[0, 2, 1]","[""policy_current"", ""nit"", ""nit""]","[-1.0, 1.0, 0.0]","[-0.5, 0.5, 0.0]"
current_vs_2x_nit,1682,80,"[1, 0, 2]","[""nit"", ""policy_current"", ""nit""]","[-1.0, 1.0, 0.0]","[-0.5, 0.5, 0.0]"
current_vs_2x_nit,1683,80,"[1, 2, 0]","[""nit"", ""nit"", ""policy_current""]","[-1.0, -2.0, 3.0]","[-0.5, -1.0, 1.5]"
current_vs_2x_nit,1684,80,"[2, 0, 1]","[""nit"", ""policy_current"", ""nit""]","[-1.0, 1.0, 0.0]","[-0.5, 0.5, 0.0]"
current_vs_2x_nit,1685,80,"[2, 1, 0]","[""nit"", ""nit"", ""policy_current""]","[-1.0, -2.0, 3.0]","[-0.5, -1.0, 1.5]"
current_vs_2x_nit,1686,81,"[0, 1, 2]","[""policy_current"", ""nit"", ""nit""]","[8.0, -8.0, 0.0]","[4.0, -4.0, 0.0]"
current_vs_2x_nit,1687,81,"[0, 2, 1]","[""policy_current"", ""nit"", ""nit""]","[8.0, -8.0, 0.0]","[4.0, -4.0, 0.0]"
current_vs_2x_nit,1688,81,"[1, 0, 2]","[""nit"", ""policy_current"", ""nit""]","[-2.0, 2.0, 0.0]","[-1.0, 1.0, 0.0]"
current_vs_2x_nit,1689,81,"[1, 2, 0]","[""nit"", ""nit"", ""policy_current""]","[-1.0, -2.0, 3.0]","[-0.5, -1.0, 1.5]"
current_vs_2x_nit,1690,81,"[2, 0, 1]","[""nit"", ""policy_current"", ""nit""]","[-2.0, 2.0, 0.0]","[-1.0, 1.0, 0.0]"
current_vs_2x_nit,1691,81,"[2, 1, 0]","[""nit"", ""nit"", ""policy_current""]","[-1.0, -2.0, 3.0]","[-0.5, -1.0, 1.5]"
current_vs_2x_nit,1692,82,"[0, 1, 2]","[""policy_current"", ""nit"", ""nit""]","[2.0, -2.0, 0.0]","[1.0, -1.0, 0.0]"
current_vs_2x_nit,1693,82,"[0, 2, 1]","[""policy_current"", ""nit"", ""nit""]","[2.0, -2.0, 0.0]","[1.0, -1.0, 0.0]"
current_vs_2x_nit,1694,82,"[1, 0, 2]","[""nit"", ""policy_current"", ""nit""]","[26.0, -26.0, 0.0]","[13.0, -13.0, 0.0]"
current_vs_2x_nit,1695,82,"[1, 2, 0]","[""nit"", ""nit"", ""policy_current""]","[2.0, -2.0, 0.0]","[1.0, -1.0, 0.0]"
current_vs_2x_nit,1696,82,"[2, 0, 1]","[""nit"", ""policy_current"", ""nit""]","[26.0, -26.0, 0.0]","[13.0, -13.0, 0.0]"
current_vs_2x_nit,1697,82,"[2, 1, 0]","[""nit"", ""nit"", ""policy_current""]","[2.0, -2.0, 0.0]","[1.0, -1.0, 0.0]"
current_vs_2x_nit,1698,83,"[0, 1, 2]","[""policy_current"", ""nit"", ""nit""]","[-1.0, 3.0, -2.0]","[-0.5, 1.5, -1.0]"
current_vs_2x_nit,1699,83,"[0, 2, 1]","[""policy_current"", ""nit"", ""nit""]","[-1.0, 3.0, -2.0]","[-0.5, 1.5, -1.0]"
current_vs_2x_nit,1700,83,"[1, 0, 2]","[""nit"", ""policy_current"", ""nit""]","[-1.0, 3.0, -2.0]","[-0.5, 1.5, -1.0]"
current_vs_2x_nit,1701,83,"[1, 2, 0]","[""nit"", ""nit"", ""policy_current""]","[-1.0, -2.0, 3.0]","[-0.5, -1.0, 1.5]"
current_vs_2x_nit,1702,83,"[2, 0, 1]","[""nit"", ""policy_current"", ""nit""]","[-1.0, 3.0, -2.0]","[-0.5, 1.5, -1.0]"
current_vs_2x_nit,1703,83,"[2, 1, 0]","[""nit"", ""nit"", ""policy_current""]","[-1.0, -2.0, 3.0]","[-0.5, -1.0, 1.5]"
current_vs_2x_nit,1704,84,"[0, 1, 2]","[""policy_current"", ""nit"", ""nit""]","[2.0, -2.0, 0.0]","[1.0, -1.0, 0.0]"
current_vs_2x_nit,1705,84,"[0, 2, 1]","[""policy_current"", ""nit"", ""nit""]","[2.0, -2.0, 0.0]","[1.0, -1.0, 0.0]"
current_vs_2x_nit,1706,84,"[1, 0, 2]","[""nit"", ""policy_current"", ""nit""]","[8.0, -8.0, 0.0]","[4.0, -4.0, 0.0]"
current_vs_2x_nit,1707,84,"[1, 2, 0]","[""nit"", ""nit"", ""policy_current""]","[2.0, -2.0, 0.0]","[1.0, -1.0, 0.0]"
current_vs_2x_nit,1708,84,"[2, 0, 1]","[""nit"", ""policy_current"", ""nit""]","[8.0, -8.0, 0.0]","[4.0, -4.0, 0.0]"
current_vs_2x_nit,1709,84,"[2, 1, 0]","[""nit"", ""nit"", ""policy_current""]","[2.0, -2.0, 0.0]","[1.0, -1.0, 0.0]"
current_vs_2x_nit,1710,85,"[0, 1, 2]","[""policy_current"", ""nit"", ""nit""]","[8.0, -8.0, 0.0]","[4.0, -4.0, 0.0]"
current_vs_2x_nit,1711,85,"[0, 2, 1]","[""policy_current"", ""nit"", ""nit""]","[8.0, -8.0, 0.0]","[4.0, -4.0, 0.0]"
current_vs_2x_nit,1712,85,"[1, 0, 2]","[""nit"", ""policy_current"", ""nit""]","[-1.0, 1.0, 0.0]","[-0.5, 0.5, 0.0]"
current_vs_2x_nit,1713,85,"[1, 2, 0]","[""nit"", ""nit"", ""policy_current""]","[-1.0, 1.0, 0.0]","[-0.5, 0.5, 0.0]"
current_vs_2x_nit,1714,85,"[2, 0, 1]","[""nit"", ""policy_current"", ""nit""]","[-1.0, 1.0, 0.0]","[-0.5, 0.5, 0.0]"
current_vs_2x_nit,1715,85,"[2, 1, 0]","[""nit"", ""nit"", ""policy_current""]","[-1.0, 1.0, 0.0]","[-0.5, 0.5, 0.0]"
current_vs_2x_nit,1716,86,"[0, 1, 2]","[""policy_current"", ""nit"", ""nit""]","[2.0, -2.0, 0.0]","[1.0, -1.0, 0.0]"
current_vs_2x_nit,1717,86,"[0, 2, 1]","[""policy_current"", ""nit"", ""nit""]","[2.0, -2.0, 0.0]","[1.0, -1.0, 0.0]"
current_vs_2x_nit,1718,86,"[1, 0, 2]","[""nit"", ""policy_current"", ""nit""]","[-1.0, 1.0, 0.0]","[-0.5, 0.5, 0.0]"
current_vs_2x_nit,1719,86,"[1, 2, 0]","[""nit"", ""nit"", ""policy_current""]","[-1.0, -2.0, 3.0]","[-0.5, -1.0, 1.5]"
current_vs_2x_nit,1720,86,"[2, 0, 1]","[""nit"", ""policy_current"", ""nit""]","[-1.0, 1.0, 0.0]","[-0.5, 0.5, 0.0]"
current_vs_2x_nit,1721,86,"[2, 1, 0]","[""nit"", ""nit"", ""policy_current""]","[-1.0, -2.0, 3.0]","[-0.5, -1.0, 1.5]"
current_vs_2x_nit,1722,87,"[0, 1, 2]","[""policy_current"", ""nit"", ""nit""]","[-1.0, -2.0, 3.0]","[-0.5, -1.0, 1.5]"
current_vs_2x_nit,1723,87,"[0, 2, 1]","[""policy_current"", ""nit"", ""nit""]","[-1.0, -2.0, 3.0]","[-0.5, -1.0, 1.5]"
current_vs_2x_nit,1724,87,"[1, 0, 2]","[""nit"", ""policy_current"", ""nit""]","[-2.0, 4.0, -2.0]","[-1.0, 2.0, -1.0]"
current_vs_2x_nit,1725,87,"[1, 2, 0]","[""nit"", ""nit"", ""policy_current""]","[2.0, -2.0, 0.0]","[1.0, -1.0, 0.0]"
current_vs_2x_nit,1726,87,"[2, 0, 1]","[""nit"", ""policy_current"", ""nit""]","[-2.0, 4.0, -2.0]","[-1.0, 2.0, -1.0]"
current_vs_2x_nit,1727,87,"[2, 1, 0]","[""nit"", ""nit"", ""policy_current""]","[2.0, -2.0, 0.0]","[1.0, -1.0, 0.0]"
current_vs_2x_nit,1728,88,"[0, 1, 2]","[""policy_current"", ""nit"", ""nit""]","[10.0, -2.0, -8.0]","[5.0, -1.0, -4.0]"
current_vs_2x_nit,1729,88,"[0, 2, 1]","[""policy_current"", ""nit"", ""nit""]","[10.0, -2.0, -8.0]","[5.0, -1.0, -4.0]"
current_vs_2x_nit,1730,88,"[1, 0, 2]","[""nit"", ""policy_current"", ""nit""]","[-1.0, 9.0, -8.0]","[-0.5, 4.5, -4.0]"
current_vs_2x_nit,1731,88,"[1, 2, 0]","[""nit"", ""nit"", ""policy_current""]","[-1.0, -2.0, 3.0]","[-0.5, -1.0, 1.5]"
current_vs_2x_nit,1732,88,"[2, 0, 1]","[""nit"", ""policy_current"", ""nit""]","[-1.0, 9.0, -8.0]","[-0.5, 4.5, -4.0]"
current_vs_2x_nit,1733,88,"[2, 1, 0]","[""nit"", ""nit"", ""policy_current""]","[-1.0, -2.0, 3.0]","[-0.5, -1.0, 1.5]"
current_vs_2x_nit,1734,89,"[0, 1, 2]","[""policy_current"", ""nit"", ""nit""]","[2.0, -2.0, 0.0]","[1.0, -1.0, 0.0]"
current_vs_2x_nit,1735,89,"[0, 2, 1]","[""policy_current"", ""nit"", ""nit""]","[2.0, -2.0, 0.0]","[1.0, -1.0, 0.0]"
current_vs_2x_nit,1736,89,"[1, 0, 2]","[""nit"", ""policy_current"", ""nit""]","[-1.0, 1.0, 0.0]","[-0.5, 0.5, 0.0]"
current_vs_2x_nit,1737,89,"[1, 2, 0]","[""nit"", ""nit"", ""policy_current""]","[-1.0, -2.0, 3.0]","[-0.5, -1.0, 1.5]"
current_vs_2x_nit,1738,89,"[2, 0, 1]","[""nit"", ""policy_current"", ""nit""]","[-1.0, 1.0, 0.0]","[-0.5, 0.5, 0.0]"
current_vs_2x_nit,1739,89,"[2, 1, 0]","[""nit"", ""nit"", ""policy_current""]","[-1.0, -2.0, 3.0]","[-0.5, -1.0, 1.5]"
current_vs_2x_nit,1740,90,"[0, 1, 2]","[""policy_current"", ""nit"", ""nit""]","[-1.0, 1.0, 0.0]","[-0.5, 0.5, 0.0]"
current_vs_2x_nit,1741,90,"[0, 2, 1]","[""policy_current"", ""nit"", ""nit""]","[-1.0, 1.0, 0.0]","[-0.5, 0.5, 0.0]"
current_vs_2x_nit,1742,90,"[1, 0, 2]","[""nit"", ""policy_current"", ""nit""]","[-1.0, 1.0, 0.0]","[-0.5, 0.5, 0.0]"
current_vs_2x_nit,1743,90,"[1, 2, 0]","[""nit"", ""nit"", ""policy_current""]","[-1.0, 1.0, 0.0]","[-0.5, 0.5, 0.0]"
current_vs_2x_nit,1744,90,"[2, 0, 1]","[""nit"", ""policy_current"", ""nit""]","[-1.0, 1.0, 0.0]","[-0.5, 0.5, 0.0]"
current_vs_2x_nit,1745,90,"[2, 1, 0]","[""nit"", ""nit"", ""policy_current""]","[-1.0, 1.0, 0.0]","[-0.5, 0.5, 0.0]"
current_vs_2x_nit,1746,91,"[0, 1, 2]","[""policy_current"", ""nit"", ""nit""]","[4.0, -2.0, -2.0]","[2.0, -1.0, -1.0]"
current_vs_2x_nit,1747,91,"[0, 2, 1]","[""policy_current"", ""nit"", ""nit""]","[4.0, -2.0, -2.0]","[2.0, -1.0, -1.0]"
current_vs_2x_nit,1748,91,"[1, 0, 2]","[""nit"", ""policy_current"", ""nit""]","[-2.0, 4.0, -2.0]","[-1.0, 2.0, -1.0]"
current_vs_2x_nit,1749,91,"[1, 2, 0]","[""nit"", ""nit"", ""policy_current""]","[-2.0, 2.0, 0.0]","[-1.0, 1.0, 0.0]"
current_vs_2x_nit,1750,91,"[2, 0, 1]","[""nit"", ""policy_current"", ""nit""]","[-2.0, 4.0, -2.0]","[-1.0, 2.0, -1.0]"
current_vs_2x_nit,1751,91,"[2, 1, 0]","[""nit"", ""nit"", ""policy_current""]","[-2.0, 2.0, 0.0]","[-1.0, 1.0, 0.0]"
current_vs_2x_nit,1752,92,"[0, 1, 2]","[""policy_current"", ""nit"", ""nit""]","[2.0, -2.0, 0.0]","[1.0, -1.0, 0.0]"
current_vs_2x_nit,1753,92,"[0, 2, 1]","[""policy_current"", ""nit"", ""nit""]","[2.0, -2.0, 0.0]","[1.0, -1.0, 0.0]"
current_vs_2x_nit,1754,92,"[1, 0, 2]","[""nit"", ""policy_current"", ""nit""]","[-1.0, 1.0, 0.0]","[-0.5, 0.5, 0.0]"
current_vs_2x_nit,1755,92,"[1, 2, 0]","[""nit"", ""nit"", ""policy_current""]","[-1.0, 1.0, 0.0]","[-0.5, 0.5, 0.0]"
current_vs_2x_nit,1756,92,"[2, 0, 1]","[""nit"", ""policy_current"", ""nit""]","[-1.0, 1.0, 0.0]","[-0.5, 0.5, 0.0]"
current_vs_2x_nit,1757,92,"[2, 1, 0]","[""nit"", ""nit"", ""policy_current""]","[-1.0, 1.0, 0.0]","[-0.5, 0.5, 0.0]"
current_vs_2x_nit,1758,93,"[0, 1, 2]","[""policy_current"", ""nit"", ""nit""]","[-8.0, 8.0, 0.0]","[-4.0, 4.0, 0.0]"
current_vs_2x_nit,1759,93,"[0, 2, 1]","[""policy_current"", ""nit"", ""nit""]","[-8.0, 8.0, 0.0]","[-4.0, 4.0, 0.0]"
current_vs_2x_nit,1760,93,"[1, 0, 2]","[""nit"", ""policy_current"", ""nit""]","[-1.0, 1.0, 0.0]","[-0.5, 0.5, 0.0]"
current_vs_2x_nit,1761,93,"[1, 2, 0]","[""nit"", ""nit"", ""policy_current""]","[-1.0, 1.0, 0.0]","[-0.5, 0.5, 0.0]"
current_vs_2x_nit,1762,93,"[2, 0, 1]","[""nit"", ""policy_current"", ""nit""]","[-1.0, 1.0, 0.0]","[-0.5, 0.5, 0.0]"
current_vs_2x_nit,1763,93,"[2, 1, 0]","[""nit"", ""nit"", ""policy_current""]","[-1.0, 1.0, 0.0]","[-0.5, 0.5, 0.0]"
current_vs_2x_nit,1764,94,"[0, 1, 2]","[""policy_current"", ""nit"", ""nit""]","[-1.0, 1.0, 0.0]","[-0.5, 0.5, 0.0]"
current_vs_2x_nit,1765,94,"[0, 2, 1]","[""policy_current"", ""nit"", ""nit""]","[-1.0, 1.0, 0.0]","[-0.5, 0.5, 0.0]"
current_vs_2x_nit,1766,94,"[1, 0, 2]","[""nit"", ""policy_current"", ""nit""]","[2.0, -2.0, 0.0]","[1.0, -1.0, 0.0]"
current_vs_2x_nit,1767,94,"[1, 2, 0]","[""nit"", ""nit"", ""policy_current""]","[2.0, -2.0, 0.0]","[1.0, -1.0, 0.0]"
current_vs_2x_nit,1768,94,"[2, 0, 1]","[""nit"", ""policy_current"", ""nit""]","[2.0, -2.0, 0.0]","[1.0, -1.0, 0.0]"
current_vs_2x_nit,1769,94,"[2, 1, 0]","[""nit"", ""nit"", ""policy_current""]","[2.0, -2.0, 0.0]","[1.0, -1.0, 0.0]"
current_vs_2x_nit,1770,95,"[0, 1, 2]","[""policy_current"", ""nit"", ""nit""]","[-1.0, 1.0, 0.0]","[-0.5, 0.5, 0.0]"
current_vs_2x_nit,1771,95,"[0, 2, 1]","[""policy_current"", ""nit"", ""nit""]","[-1.0, 1.0, 0.0]","[-0.5, 0.5, 0.0]"
current_vs_2x_nit,1772,95,"[1, 0, 2]","[""nit"", ""policy_current"", ""nit""]","[2.0, -2.0, 0.0]","[1.0, -1.0, 0.0]"
current_vs_2x_nit,1773,95,"[1, 2, 0]","[""nit"", ""nit"", ""policy_current""]","[2.0, -2.0, 0.0]","[1.0, -1.0, 0.0]"
current_vs_2x_nit,1774,95,"[2, 0, 1]","[""nit"", ""policy_current"", ""nit""]","[2.0, -2.0, 0.0]","[1.0, -1.0, 0.0]"
current_vs_2x_nit,1775,95,"[2, 1, 0]","[""nit"", ""nit"", ""policy_current""]","[2.0, -2.0, 0.0]","[1.0, -1.0, 0.0]"
current_vs_2x_nit,1776,96,"[0, 1, 2]","[""policy_current"", ""nit"", ""nit""]","[-100.0, -2.0, 102.0]","[-50.0, -1.0, 51.0]"
current_vs_2x_nit,1777,96,"[0, 2, 1]","[""policy_current"", ""nit"", ""nit""]","[-100.0, -2.0, 102.0]","[-50.0, -1.0, 51.0]"
current_vs_2x_nit,1778,96,"[1, 0, 2]","[""nit"", ""policy_current"", ""nit""]","[-8.0, -100.0, 108.0]","[-4.0, -50.0, 54.0]"
current_vs_2x_nit,1779,96,"[1, 2, 0]","[""nit"", ""nit"", ""policy_current""]","[-1.0, -2.0, 3.0]","[-0.5, -1.0, 1.5]"
current_vs_2x_nit,1780,96,"[2, 0, 1]","[""nit"", ""policy_current"", ""nit""]","[-8.0, -100.0, 108.0]","[-4.0, -50.0, 54.0]"
current_vs_2x_nit,1781,96,"[2, 1, 0]","[""nit"", ""nit"", ""policy_current""]","[-1.0, -2.0, 3.0]","[-0.5, -1.0, 1.5]"
current_vs_2x_nit,1782,97,"[0, 1, 2]","[""policy_current"", ""nit"", ""nit""]","[2.0, -2.0, 0.0]","[1.0, -1.0, 0.0]"
current_vs_2x_nit,1783,97,"[0, 2, 1]","[""policy_current"", ""nit"", ""nit""]","[2.0, -2.0, 0.0]","[1.0, -1.0, 0.0]"
current_vs_2x_nit,1784,97,"[1, 0, 2]","[""nit"", ""policy_current"", ""nit""]","[-1.0, 1.0, 0.0]","[-0.5, 0.5, 0.0]"
current_vs_2x_nit,1785,97,"[1, 2, 0]","[""nit"", ""nit"", ""policy_current""]","[-1.0, -2.0, 3.0]","[-0.5, -1.0, 1.5]"
current_vs_2x_nit,1786,97,"[2, 0, 1]","[""nit"", ""policy_current"", ""nit""]","[-1.0, 1.0, 0.0]","[-0.5, 0.5, 0.0]"
current_vs_2x_nit,1787,97,"[2, 1, 0]","[""nit"", ""nit"", ""policy_current""]","[-1.0, -2.0, 3.0]","[-0.5, -1.0, 1.5]"
current_vs_2x_nit,1788,98,"[0, 1, 2]","[""policy_current"", ""nit"", ""nit""]","[-1.0, 9.0, -8.0]","[-0.5, 4.5, -4.0]"
current_vs_2x_nit,1789,98,"[0, 2, 1]","[""policy_current"", ""nit"", ""nit""]","[-1.0, 9.0, -8.0]","[-0.5, 4.5, -4.0]"
current_vs_2x_nit,1790,98,"[1, 0, 2]","[""nit"", ""policy_current"", ""nit""]","[-1.0, 9.0, -8.0]","[-0.5, 4.5, -4.0]"
current_vs_2x_nit,1791,98,"[1, 2, 0]","[""nit"", ""nit"", ""policy_current""]","[-1.0, -8.0, 9.0]","[-0.5, -4.0, 4.5]"
current_vs_2x_nit,1792,98,"[2, 0, 1]","[""nit"", ""policy_current"", ""nit""]","[-1.0, 9.0, -8.0]","[-0.5, 4.5, -4.0]"
current_vs_2x_nit,1793,98,"[2, 1, 0]","[""nit"", ""nit"", ""policy_current""]","[-1.0, -8.0, 9.0]","[-0.5, -4.0, 4.5]"
current_vs_2x_nit,1794,99,"[0, 1, 2]","[""policy_current"", ""nit"", ""nit""]","[-1.0, 3.0, -2.0]","[-0.5, 1.5, -1.0]"
current_vs_2x_nit,1795,99,"[0, 2, 1]","[""policy_current"", ""nit"", ""nit""]","[-1.0, 3.0, -2.0]","[-0.5, 1.5, -1.0]"
current_vs_2x_nit,1796,99,"[1, 0, 2]","[""nit"", ""policy_current"", ""nit""]","[-1.0, 3.0, -2.0]","[-0.5, 1.5, -1.0]"
current_vs_2x_nit,1797,99,"[1, 2, 0]","[""nit"", ""nit"", ""policy_current""]","[-1.0, 1.0, 0.0]","[-0.5, 0.5, 0.0]"
current_vs_2x_nit,1798,99,"[2, 0, 1]","[""nit"", ""policy_current"", ""nit""]","[-1.0, 3.0, -2.0]","[-0.5, 1.5, -1.0]"
current_vs_2x_nit,1799,99,"[2, 1, 0]","[""nit"", ""nit"", ""policy_current""]","[-1.0, 1.0, 0.0]","[-0.5, 0.5, 0.0]"
current_vs_2x_aggro,1800,0,"[0, 1, 2]","[""policy_current"", ""aggro"", ""aggro""]","[-1.0, -100.0, 101.0]","[-0.5, -50.0, 50.5]"
current_vs_2x_aggro,1801,0,"[0, 2, 1]","[""policy_current"", ""aggro"", ""aggro""]","[-1.0, -100.0, 101.0]","[-0.5, -50.0, 50.5]"
current_vs_2x_aggro,1802,0,"[1, 0, 2]","[""aggro"", ""policy_current"", ""aggro""]","[102.0, -2.0, -100.0]","[51.0, -1.0, -50.0]"
current_vs_2x_aggro,1803,0,"[1, 2, 0]","[""aggro"", ""aggro"", ""policy_current""]","[-14.0, 28.0, -14.0]","[-7.0, 14.0, -7.0]"
current_vs_2x_aggro,1804,0,"[2, 0, 1]","[""aggro"", ""policy_current"", ""aggro""]","[102.0, -2.0, -100.0]","[51.0, -1.0, -50.0]"
current_vs_2x_aggro,1805,0,"[2, 1, 0]","[""aggro"", ""aggro"", ""policy_current""]","[-14.0, 28.0, -14.0]","[-7.0, 14.0, -7.0]"
current_vs_2x_aggro,1806,1,"[0, 1, 2]","[""policy_current"", ""aggro"", ""aggro""]","[-1.0, -44.0, 45.0]","[-0.5, -22.0, 22.5]"
current_vs_2x_aggro,1807,1,"[0, 2, 1]","[""policy_current"", ""aggro"", ""aggro""]","[-1.0, -44.0, 45.0]","[-0.5, -22.0, 22.5]"
current_vs_2x_aggro,1808,1,"[1, 0, 2]","[""aggro"", ""policy_current"", ""aggro""]","[-26.0, 52.0, -26.0]","[-13.0, 26.0, -13.0]"
current_vs_2x_aggro,1809,1,"[1, 2, 0]","[""aggro"", ""aggro"", ""policy_current""]","[-32.0, 32.0, 0.0]","[-16.0, 16.0, 0.0]"
current_vs_2x_aggro,1810,1,"[2, 0, 1]","[""aggro"", ""policy_current"", ""aggro""]","[-26.0, 52.0, -26.0]","[-13.0, 26.0, -13.0]"
current_vs_2x_aggro,1811,1,"[2, 1, 0]","[""aggro"", ""aggro"", ""policy_current""]","[-32.0, 32.0, 0.0]","[-16.0, 16.0, 0.0]"
current_vs_2x_aggro,1812,2,"[0, 1, 2]","[""policy_current"", ""aggro"", ""aggro""]","[-1.0, 57.0, -56.0]","[-0.5, 28.5, -28.0]"
current_vs_2x_aggro,1813,2,"[0, 2, 1]","[""policy_current"", ""aggro"", ""aggro""]","[-1.0, 57.0, -56.0]","[-0.5, 28.5, -28.0]"
current_vs_2x_aggro,1814,2,"[1, 0, 2]","[""aggro"", ""policy_current"", ""aggro""]","[40.0, -14.0, -26.0]","[20.0, -7.0, -13.0]"
current_vs_2x_aggro,1815,2,"[1, 2, 0]","[""aggro"", ""aggro"", ""policy_current""]","[-26.0, 26.0, 0.0]","[-13.0, 13.0, 0.0]"
current_vs_2x_aggro,1816,2,"[2, 0, 1]","[""aggro"", ""policy_current"", ""aggro""]","[40.0, -14.0, -26.0]","[20.0, -7.0, -13.0]"
current_vs_2x_aggro,1817,2,"[2, 1, 0]","[""aggro"", ""aggro"", ""policy_current""]","[-26.0, 26.0, 0.0]","[-13.0, 13.0, 0.0]"
current_vs_2x_aggro,1818,3,"[0, 1, 2]","[""policy_current"", ""aggro"", ""aggro""]","[-100.0, 108.0, -8.0]","[-50.0, 54.0, -4.0]"
current_vs_2x_aggro,1819,3,"[0, 2, 1]","[""policy_current"", ""aggro"", ""aggro""]","[-100.0, 108.0, -8.0]","[-50.0, 54.0, -4.0]"
current_vs_2x_aggro,1820,3,"[1, 0, 2]","[""aggro"", ""policy_current"", ""aggro""]","[-14.0, 22.0, -8.0]","[-7.0, 11.0, -4.0]"
current_vs_2x_aggro,1821,3,"[1, 2, 0]","[""aggro"", ""aggro"", ""policy_current""]","[-26.0, 126.0, -100.0]","[-13.0, 63.0, -50.0]"
current_vs_2x_aggro,1822,3,"[2, 0, 1]","[""aggro"", ""policy_current"", ""aggro""]","[-14.0, 22.0, -8.0]","[-7.0, 11.0, -4.0]"
current_vs_2x_aggro,1823,3,"[2, 1, 0]","[""aggro"", ""aggro"", ""policy_current""]","[-26.0, 126.0, -100.0]","[-13.0, 63.0, -50.0]"
current_vs_2x_aggro,1824,4,"[0, 1, 2]","[""policy_current"", ""aggro"", ""aggro""]","[-1.0, -26.0, 27.0]","[-0.5, -13.0, 13.5]"
current_vs_2x_aggro,1825,4,"[0, 2, 1]","[""policy_current"", ""aggro"", ""aggro""]","[-1.0, -26.0, 27.0]","[-0.5, -13.0, 13.5]"
current_vs_2x_aggro,1826,4,"[1, 0, 2]","[""aggro"", ""policy_current"", ""aggro""]","[-26.0, -2.0, 28.0]","[-13.0, -1.0, 14.0]"
current_vs_2x_aggro,1827,4,"[1, 2, 0]","[""aggro"", ""aggro"", ""policy_current""]","[-20.0, 22.0, -2.0]","[-10.0, 11.0, -1.0]"
current_vs_2x_aggro,1828,4,"[2, 0, 1]","[""aggro"", ""policy_current"", ""aggro""]","[-26.0, -2.0, 28.0]","[-13.0, -1.0, 14.0]"
current_vs_2x_aggro,1829,4,"[2, 1, 0]","[""aggro"", ""aggro"", ""policy_current""]","[-20.0, 22.0, -2.0]","[-10.0, 11.0, -1.0]"
current_vs_2x_aggro,1830,5,"[0, 1, 2]","[""policy_current"", ""aggro"", ""aggro""]","[4.0, -2.0, -2.0]","[2.0, -1.0, -1.0]"
current_vs_2x_aggro,1831,5,"[0, 2, 1]","[""policy_current"", ""aggro"", ""aggro""]","[4.0, -2.0, -2.0]","[2.0, -1.0, -1.0]"
current_vs_2x_aggro,1832,5,"[1, 0, 2]","[""aggro"", ""policy_current"", ""aggro""]","[16.0, -14.0, -2.0]","[8.0, -7.0, -1.0]"
current_vs_2x_aggro,1833,5,"[1, 2, 0]","[""aggro"", ""aggro"", ""policy_current""]","[26.0, -26.0, 0.0]","[13.0, -13.0, 0.0]"
current_vs_2x_aggro,1834,5,"[2, 0, 1]","[""aggro"", ""policy_current"", ""aggro""]","[16.0, -14.0, -2.0]","[8.0, -7.0, -1.0]"
current_vs_2x_aggro,1835,5,"[2, 1, 0]","[""aggro"", ""aggro"", ""policy_current""]","[26.0, -26.0, 0.0]","[13.0, -13.0, 0.0]"
current_vs_2x_aggro,1836,6,"[0, 1, 2]","[""policy_current"", ""aggro"", ""aggro""]","[-1.0, 101.0, -100.0]","[-0.5, 50.5, -50.0]"
current_vs_2x_aggro,1837,6,"[0, 2, 1]","[""policy_current"", ""aggro"", ""aggro""]","[-1.0, 101.0, -100.0]","[-0.5, 50.5, -50.0]"
current_vs_2x_aggro,1838,6,"[1, 0, 2]","[""aggro"", ""policy_current"", ""aggro""]","[-98.0, -20.0, 118.0]","[-49.0, -10.0, 59.0]"
current_vs_2x_aggro,1839,6,"[1, 2, 0]","[""aggro"", ""aggro"", ""policy_current""]","[20.0, -20.0, 0.0]","[10.0, -10.0, 0.0]"
current_vs_2x_aggro,1840,6,"[2, 0, 1]","[""aggro"", ""policy_current"", ""aggro""]","[-98.0, -20.0, 118.0]","[-49.0, -10.0, 59.0]"
current_vs_2x_aggro,1841,6,"[2, 1, 0]","[""aggro"", ""aggro"", ""policy_current""]","[20.0, -20.0, 0.0]","[10.0, -10.0, 0.0]"
current_vs_2x_aggro,1842,7,"[0, 1, 2]","[""policy_current"", ""aggro"", ""aggro""]","[-1.0, -2.0, 3.0]","[-0.5, -1.0, 1.5]"
current_vs_2x_aggro,1843,7,"[0, 2, 1]","[""policy_current"", ""aggro"", ""aggro""]","[-1.0, -2.0, 3.0]","[-0.5, -1.0, 1.5]"
current_vs_2x_aggro,1844,7,"[1, 0, 2]","[""aggro"", ""policy_current"", ""aggro""]","[-32.0, -2.0, 34.0]","[-16.0, -1.0, 17.0]"
current_vs_2x_aggro,1845,7,"[1, 2, 0]","[""aggro"", ""aggro"", ""policy_current""]","[2.0, -2.0, 0.0]","[1.0, -1.0, 0.0]"
current_vs_2x_aggro,1846,7,"[2, 0, 1]","[""aggro"", ""policy_current"", ""aggro""]","[-32.0, -2.0, 34.0]","[-16.0, -1.0, 17.0]"
current_vs_2x_aggro,1847,7,"[2, 1, 0]","[""aggro"", ""aggro"", ""policy_current""]","[2.0, -2.0, 0.0]","[1.0, -1.0, 0.0]"
current_vs_2x_aggro,1848,8,"[0, 1, 2]","[""policy_current"", ""aggro"", ""aggro""]","[-100.0, 108.0, -8.0]","[-50.0, 54.0, -4.0]"
current_vs_2x_aggro,1849,8,"[0, 2, 1]","[""policy_current"", ""aggro"", ""aggro""]","[-100.0, 108.0, -8.0]","[-50.0, 54.0, -4.0]"
current_vs_2x_aggro,1850,8,"[1, 0, 2]","[""aggro"", ""policy_current"", ""aggro""]","[-68.0, -26.0, 94.0]","[-34.0, -13.0, 47.0]"
current_vs_2x_aggro,1851,8,"[1, 2, 0]","[""aggro"", ""aggro"", ""policy_current""]","[-1.0, -100.0, 101.0]","[-0.5, -50.0, 50.5]"
current_vs_2x_aggro,1852,8,"[2, 0, 1]","[""aggro"", ""policy_current"", ""aggro""]","[-68.0, -26.0, 94.0]","[-34.0, -13.0, 47.0]"
current_vs_2x_aggro,1853,8,"[2, 1, 0]","[""aggro"", ""aggro"", ""policy_current""]","[-1.0, -100.0, 101.0]","[-0.5, -50.0, 50.5]"
current_vs_2x_aggro,1854,9,"[0, 1, 2]","[""policy_current"", ""aggro"", ""aggro""]","[-14.0, 40.0, -26.0]","[-7.0, 20.0, -13.0]"
current_vs_2x_aggro,1855,9,"[0, 2, 1]","[""policy_current"", ""aggro"", ""aggro""]","[-14.0, 40.0, -26.0]","[-7.0, 20.0, -13.0]"
current_vs_2x_aggro,1856,9,"[1, 0, 2]","[""aggro"", ""policy_current"", ""aggro""]","[46.0, -20.0, -26.0]","[23.0, -10.0, -13.0]"
current_vs_2x_aggro,1857,9,"[1, 2, 0]","[""aggro"", ""aggro"", ""policy_current""]","[-100.0, 100.0, 0.0]","[-50.0, 50.0, 0.0]"
current_vs_2x_aggro,1858,9,"[2, 0, 1]","[""aggro"", ""policy_current"", ""aggro""]","[46.0, -20.0, -26.0]","[23.0, -10.0, -13.0]"
current_vs_2x_aggro,1859,9,"[2, 1, 0]","[""aggro"", ""aggro"", ""policy_current""]","[-100.0, 100.0, 0.0]","[-50.0, 50.0, 0.0]"
current_vs_2x_aggro,1860,10,"[0, 1, 2]","[""policy_current"", ""aggro"", ""aggro""]","[-1.0, -80.0, 81.0]","[-0.5, -40.0, 40.5]"
current_vs_2x_aggro,1861,10,"[0, 2, 1]","[""policy_current"", ""aggro"", ""aggro""]","[-1.0, -80.0, 81.0]","[-0.5, -40.0, 40.5]"
current_vs_2x_aggro,1862,10,"[1, 0, 2]","[""aggro"", ""policy_current"", ""aggro""]","[28.0, -2.0, -26.0]","[14.0, -1.0, -13.0]"
current_vs_2x_aggro,1863,10,"[1, 2, 0]","[""aggro"", ""aggro"", ""policy_current""]","[44.0, -44.0, 0.0]","[22.0, -22.0, 0.0]"
current_vs_2x_aggro,1864,10,"[2, 0, 1]","[""aggro"", ""policy_current"", ""aggro""]","[28.0, -2.0, -26.0]","[14.0, -1.0, -13.0]"
current_vs_2x_aggro,1865,10,"[2, 1, 0]","[""aggro"", ""aggro"", ""policy_current""]","[44.0, -44.0, 0.0]","[22.0, -22.0, 0.0]"
current_vs_2x_aggro,1866,11,"[0, 1, 2]","[""policy_current"", ""aggro"", ""aggro""]","[102.0, -2.0, -100.0]","[51.0, -1.0, -50.0]"
current_vs_2x_aggro,1867,11,"[0, 2, 1]","[""policy_current"", ""aggro"", ""aggro""]","[102.0, -2.0, -100.0]","[51.0, -1.0, -50.0]"
current_vs_2x_aggro,1868,11,"[1, 0, 2]","[""aggro"", ""policy_current"", ""aggro""]","[108.0, -100.0, -8.0]","[54.0, -50.0, -4.0]"
current_vs_2x_aggro,1869,11,"[1, 2, 0]","[""aggro"", ""aggro"", ""policy_current""]","[-1.0, 101.0, -100.0]","[-0.5, 50.5, -50.0]"
current_vs_2x_aggro,1870,11,"[2, 0, 1]","[""aggro"", ""policy_current"", ""aggro""]","[108.0, -100.0, -8.0]","[54.0, -50.0, -4.0]"
current_vs_2x_aggro,1871,11,"[2, 1, 0]","[""aggro"", ""aggro"", ""policy_current""]","[-1.0, 101.0, -100.0]","[-0.5, 50.5, -50.0]"
current_vs_2x_aggro,1872,12,"[0, 1, 2]","[""policy_current"", ""aggro"", ""aggro""]","[16.0, -8.0, -8.0]","[8.0, -4.0, -4.0]"
current_vs_2x_aggro,1873,12,"[0, 2, 1]","[""policy_current"", ""aggro"", ""aggro""]","[16.0, -8.0, -8.0]","[8.0, -4.0, -4.0]"
current_vs_2x_aggro,1874,12,"[1, 0, 2]","[""aggro"", ""policy_current"", ""aggro""]","[-1.0, -2.0, 3.0]","[-0.5, -1.0, 1.5]"
current_vs_2x_aggro,1875,12,"[1, 2, 0]","[""aggro"", ""aggro"", ""policy_current""]","[14.0, -14.0, 0.0]","[7.0, -7.0, 0.0]"
current_vs_2x_aggro,1876,12,"[2, 0, 1]","[""aggro"", ""policy_current"", ""aggro""]","[-1.0, -2.0, 3.0]","[-0.5, -1.0, 1.5]"
current_vs_2x_aggro,1877,12,"[2, 1, 0]","[""aggro"", ""aggro"", ""policy_current""]","[14.0, -14.0, 0.0]","[7.0, -7.0, 0.0]"
current_vs_2x_aggro,1878,13,"[0, 1, 2]","[""policy_current"", ""aggro"", ""aggro""]","[-1.0, -100.0, 101.0]","[-0.5, -50.0, 50.5]"
current_vs_2x_aggro,1879,13,"[0, 2, 1]","[""policy_current"", ""aggro"", ""aggro""]","[-1.0, -100.0, 101.0]","[-0.5, -50.0, 50.5]"
current_vs_2x_aggro,1880,13,"[1, 0, 2]","[""aggro"", ""policy_current"", ""aggro""]","[-26.0, -14.0, 40.0]","[-13.0, -7.0, 20.0]"
current_vs_2x_aggro,1881,13,"[1, 2, 0]","[""aggro"", ""aggro"", ""policy_current""]","[-26.0, 34.0, -8.0]","[-13.0, 17.0, -4.0]"
current_vs_2x_aggro,1882,13,"[2, 0, 1]","[""aggro"", ""policy_current"", ""aggro""]","[-26.0, -14.0, 40.0]","[-13.0, -7.0, 20.0]"
current_vs_2x_aggro,1883,13,"[2, 1, 0]","[""aggro"", ""aggro"", ""policy_current""]","[-26.0, 34.0, -8.0]","[-13.0, 17.0, -4.0]"
current_vs_2x_aggro,1884,14,"[0, 1, 2]","[""policy_current"", ""aggro"", ""aggro""]","[10.0, -2.0, -8.0]","[5.0, -1.0, -4.0]"
current_vs_2x_aggro,1885,14,"[0, 2, 1]","[""policy_current"", ""aggro"", ""aggro""]","[10.0, -2.0, -8.0]","[5.0, -1.0, -4.0]"
current_vs_2x_aggro,1886,14,"[1, 0, 2]","[""aggro"", ""policy_current"", ""aggro""]","[-14.0, 22.0, -8.0]","[-7.0, 11.0, -4.0]"
current_vs_2x_aggro,1887,14,"[1, 2, 0]","[""aggro"", ""aggro"", ""policy_current""]","[-1.0, -2.0, 3.0]","[-0.5, -1.0, 1.5]"
current_vs_2x_aggro,1888,14,"[2, 0, 1]","[""aggro"", ""policy_current"", ""aggro""]","[-14.0, 22.0, -8.0]","[-7.0, 11.0, -4.0]"
current_vs_2x_aggro,1889,14,"[2, 1, 0]","[""aggro"", ""aggro"", ""policy_current""]","[-1.0, -2.0, 3.0]","[-0.5, -1.0, 1.5]"
current_vs_2x_aggro,1890,15,"[0, 1, 2]","[""policy_current"", ""aggro"", ""aggro""]","[46.0, -20.0, -26.0]","[23.0, -10.0, -13.0]"
current_vs_2x_aggro,1891,15,"[0, 2, 1]","[""policy_current"", ""aggro"", ""aggro""]","[46.0, -20.0, -26.0]","[23.0, -10.0, -13.0]"
current_vs_2x_aggro,1892,15,"[1, 0, 2]","[""aggro"", ""policy_current"", ""aggro""]","[58.0, -32.0, -26.0]","[29.0, -16.0, -13.0]"
current_vs_2x_aggro,1893,15,"[1, 2, 0]","[""aggro"", ""aggro"", ""policy_current""]","[74.0, -74.0, 0.0]","[37.0, -37.0, 0.0]"
current_vs_2x_aggro,1894,15,"[2, 0, 1]","[""aggro"", ""policy_current"", ""aggro""]","[58.0, -32.0, -26.0]","[29.0, -16.0, -13.0]"
current_vs_2x_aggro,1895,15,"[2, 1, 0]","[""aggro"", ""aggro"", ""policy_current""]","[74.0, -74.0, 0.0]","[37.0, -37.0, 0.0]"
current_vs_2x_aggro,1896,16,"[0, 1, 2]","[""policy_current"", ""aggro"", ""aggro""]","[-100.0, 200.0, -100.0]","[-50.0, 100.0, -50.0]"
current_vs_2x_aggro,1897,16,"[0, 2, 1]","[""policy_current"", ""aggro"", ""aggro""]","[-100.0, 200.0, -100.0]","[-50.0, 100.0, -50.0]"
current_vs_2x_aggro,1898,16,"[1, 0, 2]","[""aggro"", ""policy_current"", ""aggro""]","[-100.0, 200.0, -100.0]","[-50.0, 100.0, -50.0]"
current_vs_2x_aggro,1899,16,"[1, 2, 0]","[""aggro"", ""aggro"", ""policy_current""]","[-1.0, 101.0, -100.0]","[-0.5, 50.5, -50.0]"
current_vs_2x_aggro,1900,16,"[2, 0, 1]","[""aggro"", ""policy_current"", ""aggro""]","[-100.0, 200.0, -100.0]","[-50.0, 100.0, -50.0]"
current_vs_2x_aggro,1901,16,"[2, 1, 0]","[""aggro"", ""aggro"", ""policy_current""]","[-1.0, 101.0, -100.0]","[-0.5, 50.5, -50.0]"
current_vs_2x_aggro,1902,17,"[0, 1, 2]","[""policy_current"", ""aggro"", ""aggro""]","[10.0, -2.0, -8.0]","[5.0, -1.0, -4.0]"
current_vs_2x_aggro,1903,17,"[0, 2, 1]","[""policy_current"", ""aggro"", ""aggro""]","[10.0, -2.0, -8.0]","[5.0, -1.0, -4.0]"
current_vs_2x_aggro,1904,17,"[1, 0, 2]","[""aggro"", ""policy_current"", ""aggro""]","[-38.0, -14.0, 52.0]","[-19.0, -7.0, 26.0]"
current_vs_2x_aggro,1905,17,"[1, 2, 0]","[""aggro"", ""aggro"", ""policy_current""]","[-1.0, -2.0, 3.0]","[-0.5, -1.0, 1.5]"
current_vs_2x_aggro,1906,17,"[2, 0, 1]","[""aggro"", ""policy_current"", ""aggro""]","[-38.0, -14.0, 52.0]","[-19.0, -7.0, 26.0]"
current_vs_2x_aggro,1907,17,"[2, 1, 0]","[""aggro"", ""aggro"", ""policy_current""]","[-1.0, -2.0, 3.0]","[-0.5, -1.0, 1.5]"
current_vs_2x_aggro,1908,18,"[0, 1, 2]","[""policy_current"", ""aggro"", ""aggro""]","[8.0, -8.0, 0.0]","[4.0, -4.0, 0.0]"
current_vs_2x_aggro,1909,18,"[0, 2, 1]","[""policy_current"", ""aggro"", ""aggro""]","[8.0, -8.0, 0.0]","[4.0, -4.0, 0.0]"
current_vs_2x_aggro,1910,18,"[1, 0, 2]","[""aggro"", ""policy_current"", ""aggro""]","[-14.0, 14.0, 0.0]","[-7.0, 7.0, 0.0]"
current_vs_2x_aggro,1911,18,"[1, 2, 0]","[""aggro"", ""aggro"", ""policy_current""]","[-20.0, 20.0, 0.0]","[-10.0, 10.0, 0.0]"
current_vs_2x_aggro,1912,18,"[2, 0, 1]","[""aggro"", ""policy_current"", ""aggro""]","[-14.0, 14.0, 0.0]","[-7.0, 7.0, 0.0]"
current_vs_2x_aggro,1913,18,"[2, 1, 0]","[""aggro"", ""aggro"", ""policy_current""]","[-20.0, 20.0, 0.0]","[-10.0, 10.0, 0.0]"
current_vs_2x_aggro,1914,19,"[0, 1, 2]","[""policy_current"", ""aggro"", ""aggro""]","[-100.0, -100.0, 200.0]","[-50.0, -50.0, 100.0]"
current_vs_2x_aggro,1915,19,"[0, 2, 1]","[""policy_current"", ""aggro"", ""aggro""]","[-100.0, -100.0, 200.0]","[-50.0, -50.0, 100.0]"
current_vs_2x_aggro,1916,19,"[1, 0, 2]","[""aggro"", ""policy_current"", ""aggro""]","[-100.0, -100.0, 200.0]","[-50.0, -50.0, 100.0]"
current_vs_2x_aggro,1917,19,"[1, 2, 0]","[""aggro"", ""aggro"", ""policy_current""]","[64.0, -56.0, -8.0]","[32.0, -28.0, -4.0]"
current_vs_2x_aggro,1918,19,"[2, 0, 1]","[""aggro"", ""policy_current"", ""aggro""]","[-100.0, -100.0, 200.0]","[-50.0, -50.0, 100.0]"
current_vs_2x_aggro,1919,19,"[2, 1, 0]","[""aggro"", ""aggro"", ""policy_current""]","[64.0, -56.0, -8.0]","[32.0, -28.0, -4.0]"
current_vs_2x_aggro,1920,20,"[0, 1, 2]","[""policy_current"", ""aggro"", ""aggro""]","[-1.0, -14.0, 15.0]","[-0.5, -7.0, 7.5]"
current_vs_2x_aggro,1921,20,"[0, 2, 1]","[""policy_current"", ""aggro"", ""aggro""]","[-1.0, -14.0, 15.0]","[-0.5, -7.0, 7.5]"
current_vs_2x_aggro,1922,20,"[1, 0, 2]","[""aggro"", ""policy_current"", ""aggro""]","[34.0, -2.0, -32.0]","[17.0, -1.0, -16.0]"
current_vs_2x_aggro,1923,20,"[1, 2, 0]","[""aggro"", ""aggro"", ""policy_current""]","[-8.0, -8.0, 16.0]","[-4.0, -4.0, 8.0]"
current_vs_2x_aggro,1924,20,"[2, 0, 1]","[""aggro"", ""policy_current"", ""aggro""]","[34.0, -2.0, -32.0]","[17.0, -1.0, -16.0]"
current_vs_2x_aggro,1925,20,"[2, 1, 0]","[""aggro"", ""aggro"", ""policy_current""]","[-8.0, -8.0, 16.0]","[-4.0, -4.0, 8.0]"
current_vs_2x_aggro,1926,21,"[0, 1, 2]","[""policy_current"", ""aggro"", ""aggro""]","[-1.0, -100.0, 101.0]","[-0.5, -50.0, 50.5]"
current_vs_2x_aggro,1927,21,"[0, 2, 1]","[""policy_current"", ""aggro"", ""aggro""]","[-1.0, -100.0, 101.0]","[-0.5, -50.0, 50.5]"
current_vs_2x_aggro,1928,21,"[1, 0, 2]","[""aggro"", ""policy_current"", ""aggro""]","[-100.0, -100.0, 200.0]","[-50.0, -50.0, 100.0]"
current_vs_2x_aggro,1929,21,"[1, 2, 0]","[""aggro"", ""aggro"", ""policy_current""]","[102.0, -100.0, -2.0]","[51.0, -50.0, -1.0]"
current_vs_2x_aggro,1930,21,"[2, 0, 1]","[""aggro"", ""policy_current"", ""aggro""]","[-100.0, -100.0, 200.0]","[-50.0, -50.0, 100.0]"
current_vs_2x_aggro,1931,21,"[2, 1, 0]","[""aggro"", ""aggro"", ""policy_current""]","[102.0, -100.0, -2.0]","[51.0, -50.0, -1.0]"
current_vs_2x_aggro,1932,22,"[0, 1, 2]","[""policy_current"", ""aggro"", ""aggro""]","[-1.0, 63.0, -62.0]","[-0.5, 31.5, -31.0]"
current_vs_2x_aggro,1933,22,"[0, 2, 1]","[""policy_current"", ""aggro"", ""aggro""]","[-1.0, 63.0, -62.0]","[-0.5, 31.5, -31.0]"
current_vs_2x_aggro,1934,22,"[1, 0, 2]","[""aggro"", ""policy_current"", ""aggro""]","[76.0, -14.0, -62.0]","[38.0, -7.0, -31.0]"
current_vs_2x_aggro,1935,22,"[1, 2, 0]","[""aggro"", ""aggro"", ""policy_current""]","[-62.0, 62.0, 0.0]","[-31.0, 31.0, 0.0]"
current_vs_2x_aggro,1936,22,"[2, 0, 1]","[""aggro"", ""policy_current"", ""aggro""]","[76.0, -14.0, -62.0]","[38.0, -7.0, -31.0]"
current_vs_2x_aggro,1937,22,"[2, 1, 0]","[""aggro"", ""aggro"", ""policy_current""]","[-62.0, 62.0, 0.0]","[-31.0, 31.0, 0.0]"
current_vs_2x_aggro,1938,23,"[0, 1, 2]","[""policy_current"", ""aggro"", ""aggro""]","[34.0, -14.0, -20.0]","[17.0, -7.0, -10.0]"
current_vs_2x_aggro,1939,23,"[0, 2, 1]","[""policy_current"", ""aggro"", ""aggro""]","[34.0, -14.0, -20.0]","[17.0, -7.0, -10.0]"
current_vs_2x_aggro,1940,23,"[1, 0, 2]","[""aggro"", ""policy_current"", ""aggro""]","[-38.0, -2.0, 40.0]","[-19.0, -1.0, 20.0]"
current_vs_2x_aggro,1941,23,"[1, 2, 0]","[""aggro"", ""aggro"", ""policy_current""]","[26.0, -26.0, 0.0]","[13.0, -13.0, 0.0]"
current_vs_2x_aggro,1942,23,"[2, 0, 1]","[""aggro"", ""policy_current"", ""aggro""]","[-38.0, -2.0, 40.0]","[-19.0, -1.0, 20.0]"
current_vs_2x_aggro,1943,23,"[2, 1, 0]","[""aggro"", ""aggro"", ""policy_current""]","[26.0, -26.0, 0.0]","[13.0, -13.0, 0.0]"
current_vs_2x_aggro,1944,24,"[0, 1, 2]","[""policy_current"", ""aggro"", ""aggro""]","[-1.0, -14.0, 15.0]","[-0.5, -7.0, 7.5]"
current_vs_2x_aggro,1945,24,"[0, 2, 1]","[""policy_current"", ""aggro"", ""aggro""]","[-1.0, -14.0, 15.0]","[-0.5, -7.0, 7.5]"
current_vs_2x_aggro,1946,24,"[1, 0, 2]","[""aggro"", ""policy_current"", ""aggro""]","[-14.0, -2.0, 16.0]","[-7.0, -1.0, 8.0]"
current_vs_2x_aggro,1947,24,"[1, 2, 0]","[""aggro"", ""aggro"", ""policy_current""]","[2.0, -2.0, 0.0]","[1.0, -1.0, 0.0]"
current_vs_2x_aggro,1948,24,"[2, 0, 1]","[""aggro"", ""policy_current"", ""aggro""]","[-14.0, -2.0, 16.0]","[-7.0, -1.0, 8.0]"
current_vs_2x_aggro,1949,24,"[2, 1, 0]","[""aggro"", ""aggro"", ""policy_current""]","[2.0, -2.0, 0.0]","[1.0, -1.0, 0.0]"
current_vs_2x_aggro,1950,25,"[0, 1, 2]","[""policy_current"", ""aggro"", ""aggro""]","[200.0, -100.0, -100.0]","[100.0, -50.0, -50.0]"
current_vs_2x_aggro,1951,25,"[0, 2, 1]","[""policy_current"", ""aggro"", ""aggro""]","[200.0, -100.0, -100.0]","[100.0, -50.0, -50.0]"
current_vs_2x_aggro,1952,25,"[1, 0, 2]","[""aggro"", ""policy_current"", ""aggro""]","[200.0, -100.0, -100.0]","[100.0, -50.0, -50.0]"
current_vs_2x_aggro,1953,25,"[1, 2, 0]","[""aggro"", ""aggro"", ""policy_current""]","[200.0, -100.0, -100.0]","[100.0, -50.0, -50.0]"
current_vs_2x_aggro,1954,25,"[2, 0, 1]","[""aggro"", ""policy_current"", ""aggro""]","[200.0, -100.0, -100.0]","[100.0, -50.0, -50.0]"
current_vs_2x_aggro,1955,25,"[2, 1, 0]","[""aggro"", ""aggro"", ""policy_current""]","[200.0, -100.0, -100.0]","[100.0, -50.0, -50.0]"
current_vs_2x_aggro,1956,26,"[0, 1, 2]","[""policy_current"", ""aggro"", ""aggro""]","[-1.0, -80.0, 81.0]","[-0.5, -40.0, 40.5]"
current_vs_2x_aggro,1957,26,"[0, 2, 1]","[""policy_current"", ""aggro"", ""aggro""]","[-1.0, -80.0, 81.0]","[-0.5, -40.0, 40.5]"
current_vs_2x_aggro,1958,26,"[1, 0, 2]","[""aggro"", ""policy_current"", ""aggro""]","[-56.0, -2.0, 58.0]","[-28.0, -1.0, 29.0]"
current_vs_2x_aggro,1959,26,"[1, 2, 0]","[""aggro"", ""aggro"", ""policy_current""]","[28.0, -14.0, -14.0]","[14.0, -7.0, -7.0]"
current_vs_2x_aggro,1960,26,"[2, 0, 1]","[""aggro"", ""policy_current"", ""aggro""]","[-56.0, -2.0, 58.0]","[-28.0, -1.0, 29.0]"
current_vs_2x_aggro,1961,26,"[2, 1, 0]","[""aggro"", ""aggro"", ""policy_current""]","[28.0, -14.0, -14.0]","[14.0, -7.0, -7.0]"
current_vs_2x_aggro,1962,27,"[0, 1, 2]","[""policy_current"", ""aggro"", ""aggro""]","[-1.0, 57.0, -56.0]","[-0.5, 28.5, -28.0]"
current_vs_2x_aggro,1963,27,"[0, 2, 1]","[""policy_current"", ""aggro"", ""aggro""]","[-1.0, 57.0, -56.0]","[-0.5, 28.5, -28.0]"
current_vs_2x_aggro,1964,27,"[1, 0, 2]","[""aggro"", ""policy_current"", ""aggro""]","[46.0, -2.0, -44.0]","[23.0, -1.0, -22.0]"
current_vs_2x_aggro,1965,27,"[1, 2, 0]","[""aggro"", ""aggro"", ""policy_current""]","[-80.0, 80.0, 0.0]","[-40.0, 40.0, 0.0]"
current_vs_2x_aggro,1966,27,"[2, 0, 1]","[""aggro"", ""policy_current"", ""aggro""]","[46.0, -2.0, -44.0]","[23.0, -1.0, -22.0]"
current_vs_2x_aggro,1967,27,"[2, 1, 0]","[""aggro"", ""aggro"", ""policy_current""]","[-80.0, 80.0, 0.0]","[-40.0, 40.0, 0.0]"
current_vs_2x_aggro,1968,28,"[0, 1, 2]","[""policy_current"", ""aggro"", ""aggro""]","[138.0, -100.0, -38.0]","[69.0, -50.0, -19.0]"
current_vs_2x_aggro,1969,28,"[0, 2, 1]","[""policy_current"", ""aggro"", ""aggro""]","[138.0, -100.0, -38.0]","[69.0, -50.0, -19.0]"
current_vs_2x_aggro,1970,28,"[1, 0, 2]","[""aggro"", ""policy_current"", ""aggro""]","[102.0, -2.0, -100.0]","[51.0, -1.0, -50.0]"
current_vs_2x_aggro,1971,28,"[1, 2, 0]","[""aggro"", ""aggro"", ""policy_current""]","[74.0, -74.0, 0.0]","[37.0, -37.0, 0.0]"
current_vs_2x_aggro,1972,28,"[2, 0, 1]","[""aggro"", ""policy_current"", ""aggro""]","[102.0, -2.0, -100.0]","[51.0, -1.0, -50.0]"
current_vs_2x_aggro,1973,28,"[2, 1, 0]","[""aggro"", ""aggro"", ""policy_current""]","[74.0, -74.0, 0.0]","[37.0, -37.0, 0.0]"
current_vs_2x_aggro,1974,29,"[0, 1, 2]","[""policy_current"", ""aggro"", ""aggro""]","[10.0, -2.0, -8.0]","[5.0, -1.0, -4.0]"
current_vs_2x_aggro,1975,29,"[0, 2, 1]","[""policy_current"", ""aggro"", ""aggro""]","[10.0, -2.0, -8.0]","[5.0, -1.0, -4.0]"
current_vs_2x_aggro,1976,29,"[1, 0, 2]","[""aggro"", ""policy_current"", ""aggro""]","[108.0, -8.0, -100.0]","[54.0, -4.0, -50.0]"
current_vs_2x_aggro,1977,29,"[1, 2, 0]","[""aggro"", ""aggro"", ""policy_current""]","[0.0, 0.0, 0.0]","[0.0, 0.0, 0.0]"
current_vs_2x_aggro,1978,29,"[2, 0, 1]","[""aggro"", ""policy_current"", ""aggro""]","[108.0, -8.0, -100.0]","[54.0, -4.0, -50.0]"
current_vs_2x_aggro,1979,29,"[2, 1, 0]","[""aggro"", ""aggro"", ""policy_current""]","[0.0, 0.0, 0.0]","[0.0, 0.0, 0.0]"
current_vs_2x_aggro,1980,30,"[0, 1, 2]","[""policy_current"", ""aggro"", ""aggro""]","[-1.0, 69.0, -68.0]","[-0.5, 34.5, -34.0]"
current_vs_2x_aggro,1981,30,"[0, 2, 1]","[""policy_current"", ""aggro"", ""aggro""]","[-1.0, 69.0, -68.0]","[-0.5, 34.5, -34.0]"
current_vs_2x_aggro,1982,30,"[1, 0, 2]","[""aggro"", ""policy_current"", ""aggro""]","[-68.0, -2.0, 70.0]","[-34.0, -1.0, 35.0]"
current_vs_2x_aggro,1983,30,"[1, 2, 0]","[""aggro"", ""aggro"", ""policy_current""]","[-38.0, 38.0, 0.0]","[-19.0, 19.0, 0.0]"
current_vs_2x_aggro,1984,30,"[2, 0, 1]","[""aggro"", ""policy_current"", ""aggro""]","[-68.0, -2.0, 70.0]","[-34.0, -1.0, 35.0]"
current_vs_2x_aggro,1985,30,"[2, 1, 0]","[""aggro"", ""aggro"", ""policy_current""]","[-38.0, 38.0, 0.0]","[-19.0, 19.0, 0.0]"
current_vs_2x_aggro,1986,31,"[0, 1, 2]","[""policy_current"", ""aggro"", ""aggro""]","[58.0, -26.0, -32.0]","[29.0, -13.0, -16.0]"
current_vs_2x_aggro,1987,31,"[0, 2, 1]","[""policy_current"", ""aggro"", ""aggro""]","[58.0, -26.0, -32.0]","[29.0, -13.0, -16.0]"
current_vs_2x_aggro,1988,31,"[1, 0, 2]","[""aggro"", ""policy_current"", ""aggro""]","[-32.0, -2.0, 34.0]","[-16.0, -1.0, 17.0]"
current_vs_2x_aggro,1989,31,"[1, 2, 0]","[""aggro"", ""aggro"", ""policy_current""]","[-38.0, 38.0, 0.0]","[-19.0, 19.0, 0.0]"
current_vs_2x_aggro,1990,31,"[2, 0, 1]","[""aggro"", ""policy_current"", ""aggro""]","[-32.0, -2.0, 34.0]","[-16.0, -1.0, 17.0]"
current_vs_2x_aggro,1991,31,"[2, 1, 0]","[""aggro"", ""aggro"", ""policy_current""]","[-38.0, 38.0, 0.0]","[-19.0, 19.0, 0.0]"
current_vs_2x_aggro,1992,32,"[0, 1, 2]","[""policy_current"", ""aggro"", ""aggro""]","[-1.0, 39.0, -38.0]","[-0.5, 19.5, -19.0]"
current_vs_2x_aggro,1993,32,"[0, 2, 1]","[""policy_current"", ""aggro"", ""aggro""]","[-1.0, 39.0, -38.0]","[-0.5, 19.5, -19.0]"
current_vs_2x_aggro,1994,32,"[1, 0, 2]","[""aggro"", ""policy_current"", ""aggro""]","[-32.0, -2.0, 34.0]","[-16.0, -1.0, 17.0]"
current_vs_2x_aggro,1995,32,"[1, 2, 0]","[""aggro"", ""aggro"", ""policy_current""]","[-44.0, 44.0, 0.0]","[-22.0, 22.0, 0.0]"
current_vs_2x_aggro,1996,32,"[2, 0, 1]","[""aggro"", ""policy_current"", ""aggro""]","[-32.0, -2.0, 34.0]","[-16.0, -1.0, 17.0]"
current_vs_2x_aggro,1997,32,"[2, 1, 0]","[""aggro"", ""aggro"", ""policy_current""]","[-44.0, 44.0, 0.0]","[-22.0, 22.0, 0.0]"
current_vs_2x_aggro,1998,33,"[0, 1, 2]","[""policy_current"", ""aggro"", ""aggro""]","[-1.0, -44.0, 45.0]","[-0.5, -22.0, 22.5]"
current_vs_2x_aggro,1999,33,"[0, 2, 1]","[""policy_current"", ""aggro"", ""aggro""]","[-1.0, -44.0, 45.0]","[-0.5, -22.0, 22.5]"
current_vs_2x_aggro,2000,33,"[1, 0, 2]","[""aggro"", ""policy_current"", ""aggro""]","[-68.0, -2.0, 70.0]","[-34.0, -1.0, 35.0]"
current_vs_2x_aggro,2001,33,"[1, 2, 0]","[""aggro"", ""aggro"", ""policy_current""]","[-68.0, 68.0, 0.0]","[-34.0, 34.0, 0.0]"
current_vs_2x_aggro,2002,33,"[2, 0, 1]","[""aggro"", ""policy_current"", ""aggro""]","[-68.0, -2.0, 70.0]","[-34.0, -1.0, 35.0]"
current_vs_2x_aggro,2003,33,"[2, 1, 0]","[""aggro"", ""aggro"", ""policy_current""]","[-68.0, 68.0, 0.0]","[-34.0, 34.0, 0.0]"
current_vs_2x_aggro,2004,34,"[0, 1, 2]","[""policy_current"", ""aggro"", ""aggro""]","[10.0, -2.0, -8.0]","[5.0, -1.0, -4.0]"
current_vs_2x_aggro,2005,34,"[0, 2, 1]","[""policy_current"", ""aggro"", ""aggro""]","[10.0, -2.0, -8.0]","[5.0, -1.0, -4.0]"
current_vs_2x_aggro,2006,34,"[1, 0, 2]","[""aggro"", ""policy_current"", ""aggro""]","[118.0, -38.0, -80.0]","[59.0, -19.0, -40.0]"
current_vs_2x_aggro,2007,34,"[1, 2, 0]","[""aggro"", ""aggro"", ""policy_current""]","[28.0, -20.0, -8.0]","[14.0, -10.0, -4.0]"
current_vs_2x_aggro,2008,34,"[2, 0, 1]","[""aggro"", ""policy_current"", ""aggro""]","[118.0, -38.0, -80.0]","[59.0, -19.0, -40.0]"
current_vs_2x_aggro,2009,34,"[2, 1, 0]","[""aggro"", ""aggro"", ""policy_current""]","[28.0, -20.0, -8.0]","[14.0, -10.0, -4.0]"
current_vs_2x_aggro,2010,35,"[0, 1, 2]","[""policy_current"", ""aggro"", ""aggro""]","[-1.0, -86.0, 87.0]","[-0.5, -43.0, 43.5]"
current_vs_2x_aggro,2011,35,"[0, 2, 1]","[""policy_current"", ""aggro"", ""aggro""]","[-1.0, -86.0, 87.0]","[-0.5, -43.0, 43.5]"
current_vs_2x_aggro,2012,35,"[1, 0, 2]","[""aggro"", ""policy_current"", ""aggro""]","[76.0, -20.0, -56.0]","[38.0, -10.0, -28.0]"
current_vs_2x_aggro,2013,35,"[1, 2, 0]","[""aggro"", ""aggro"", ""policy_current""]","[26.0, -26.0, 0.0]","[13.0, -13.0, 0.0]"
current_vs_2x_aggro,2014,35,"[2, 0, 1]","[""aggro"", ""policy_current"", ""aggro""]","[76.0, -20.0, -56.0]","[38.0, -10.0, -28.0]"
current_vs_2x_aggro,2015,35,"[2, 1, 0]","[""aggro"", ""aggro"", ""policy_current""]","[26.0, -26.0, 0.0]","[13.0, -13.0, 0.0]"
current_vs_2x_aggro,2016,36,"[0, 1, 2]","[""policy_current"", ""aggro"", ""aggro""]","[-100.0, 108.0, -8.0]","[-50.0, 54.0, -4.0]"
current_vs_2x_aggro,2017,36,"[0, 2, 1]","[""policy_current"", ""aggro"", ""aggro""]","[-100.0, 108.0, -8.0]","[-50.0, 54.0, -4.0]"
current_vs_2x_aggro,2018,36,"[1, 0, 2]","[""aggro"", ""policy_current"", ""aggro""]","[-14.0, 22.0, -8.0]","[-7.0, 11.0, -4.0]"
current_vs_2x_aggro,2019,36,"[1, 2, 0]","[""aggro"", ""aggro"", ""policy_current""]","[-14.0, 114.0, -100.0]","[-7.0, 57.0, -50.0]"
current_vs_2x_aggro,2020,36,"[2, 0, 1]","[""aggro"", ""policy_current"", ""aggro""]","[-14.0, 22.0, -8.0]","[-7.0, 11.0, -4.0]"
current_vs_2x_aggro,2021,36,"[2, 1, 0]","[""aggro"", ""aggro"", ""policy_current""]","[-14.0, 114.0, -100.0]","[-7.0, 57.0, -50.0]"
current_vs_2x_aggro,2022,37,"[0, 1, 2]","[""policy_current"", ""aggro"", ""aggro""]","[-1.0, 15.0, -14.0]","[-0.5, 7.5, -7.0]"
current_vs_2x_aggro,2023,37,"[0, 2, 1]","[""policy_current"", ""aggro"", ""aggro""]","[-1.0, 15.0, -14.0]","[-0.5, 7.5, -7.0]"
current_vs_2x_aggro,2024,37,"[1, 0, 2]","[""aggro"", ""policy_current"", ""aggro""]","[-8.0, -2.0, 10.0]","[-4.0, -1.0, 5.0]"
current_vs_2x_aggro,2025,37,"[1, 2, 0]","[""aggro"", ""aggro"", ""policy_current""]","[-50.0, 50.0, 0.0]","[-25.0, 25.0, 0.0]"
current_vs_2x_aggro,2026,37,"[2, 0, 1]","[""aggro"", ""policy_current"", ""aggro""]","[-8.0, -2.0, 10.0]","[-4.0, -1.0, 5.0]"
current_vs_2x_aggro,2027,37,"[2, 1, 0]","[""aggro"", ""aggro"", ""policy_current""]","[-50.0, 50.0, 0.0]","[-25.0, 25.0, 0.0]"
current_vs_2x_aggro,2028,38,"[0, 1, 2]","[""policy_current"", ""aggro"", ""aggro""]","[-1.0, 101.0, -100.0]","[-0.5, 50.5, -50.0]"
current_vs_2x_aggro,2029,38,"[0, 2, 1]","[""policy_current"", ""aggro"", ""aggro""]","[-1.0, 101.0, -100.0]","[-0.5, 50.5, -50.0]"
current_vs_2x_aggro,2030,38,"[1, 0, 2]","[""aggro"", ""policy_current"", ""aggro""]","[102.0, -2.0, -100.0]","[51.0, -1.0, -50.0]"
current_vs_2x_aggro,2031,38,"[1, 2, 0]","[""aggro"", ""aggro"", ""policy_current""]","[-8.0, -14.0, 22.0]","[-4.0, -7.0, 11.0]"
current_vs_2x_aggro,2032,38,"[2, 0, 1]","[""aggro"", ""policy_current"", ""aggro""]","[102.0, -2.0, -100.0]","[51.0, -1.0, -50.0]"
current_vs_2x_aggro,2033,38,"[2, 1, 0]","[""aggro"", ""aggro"", ""policy_current""]","[-8.0, -14.0, 22.0]","[-4.0, -7.0, 11.0]"
current_vs_2x_aggro,2034,39,"[0, 1, 2]","[""policy_current"", ""aggro"", ""aggro""]","[10.0, -2.0, -8.0]","[5.0, -1.0, -4.0]"
current_vs_2x_aggro,2035,39,"[0, 2, 1]","[""policy_current"", ""aggro"", ""aggro""]","[10.0, -2.0, -8.0]","[5.0, -1.0, -4.0]"
current_vs_2x_aggro,2036,39,"[1, 0, 2]","[""aggro"", ""policy_current"", ""aggro""]","[-14.0, 22.0, -8.0]","[-7.0, 11.0, -4.0]"
current_vs_2x_aggro,2037,39,"[1, 2, 0]","[""aggro"", ""aggro"", ""policy_current""]","[-1.0, -2.0, 3.0]","[-0.5, -1.0, 1.5]"
current_vs_2x_aggro,2038,39,"[2, 0, 1]","[""aggro"", ""policy_current"", ""aggro""]","[-14.0, 22.0, -8.0]","[-7.0, 11.0, -4.0]"
current_vs_2x_aggro,2039,39,"[2, 1, 0]","[""aggro"", ""aggro"", ""policy_current""]","[-1.0, -2.0, 3.0]","[-0.5, -1.0, 1.5]"
current_vs_2x_aggro,2040,40,"[0, 1, 2]","[""policy_current"", ""aggro"", ""aggro""]","[-1.0, 9.0, -8.0]","[-0.5, 4.5, -4.0]"
current_vs_2x_aggro,2041,40,"[0, 2, 1]","[""policy_current"", ""aggro"", ""aggro""]","[-1.0, 9.0, -8.0]","[-0.5, 4.5, -4.0]"
current_vs_2x_aggro,2042,40,"[1, 0, 2]","[""aggro"", ""policy_current"", ""aggro""]","[34.0, -26.0, -8.0]","[17.0, -13.0, -4.0]"
current_vs_2x_aggro,2043,40,"[1, 2, 0]","[""aggro"", ""aggro"", ""policy_current""]","[56.0, -56.0, 0.0]","[28.0, -28.0, 0.0]"
current_vs_2x_aggro,2044,40,"[2, 0, 1]","[""aggro"", ""policy_current"", ""aggro""]","[34.0, -26.0, -8.0]","[17.0, -13.0, -4.0]"
current_vs_2x_aggro,2045,40,"[2, 1, 0]","[""aggro"", ""aggro"", ""policy_current""]","[56.0, -56.0, 0.0]","[28.0, -28.0, 0.0]"
current_vs_2x_aggro,2046,41,"[0, 1, 2]","[""policy_current"", ""aggro"", ""aggro""]","[102.0, -2.0, -100.0]","[51.0, -1.0, -50.0]"
current_vs_2x_aggro,2047,41,"[0, 2, 1]","[""policy_current"", ""aggro"", ""aggro""]","[102.0, -2.0, -100.0]","[51.0, -1.0, -50.0]"
current_vs_2x_aggro,2048,41,"[1, 0, 2]","[""aggro"", ""policy_current"", ""aggro""]","[-14.0, 114.0, -100.0]","[-7.0, 57.0, -50.0]"
current_vs_2x_aggro,2049,41,"[1, 2, 0]","[""aggro"", ""aggro"", ""policy_current""]","[-1.0, -2.0, 3.0]","[-0.5, -1.0, 1.5]"
current_vs_2x_aggro,2050,41,"[2, 0, 1]","[""aggro"", ""policy_current"", ""aggro""]","[-14.0, 114.0, -100.0]","[-7.0, 57.0, -50.0]"
current_vs_2x_aggro,2051,41,"[2, 1, 0]","[""aggro"", ""aggro"", ""policy_current""]","[-1.0, -2.0, 3.0]","[-0.5, -1.0, 1.5]"
current_vs_2x_aggro,2052,42,"[0, 1, 2]","[""policy_current"", ""aggro"", ""aggro""]","[-1.0, 27.0, -26.0]","[-0.5, 13.5, -13.0]"
current_vs_2x_aggro,2053,42,"[0, 2, 1]","[""policy_current"", ""aggro"", ""aggro""]","[-1.0, 27.0, -26.0]","[-0.5, 13.5, -13.0]"
current_vs_2x_aggro,2054,42,"[1, 0, 2]","[""aggro"", ""policy_current"", ""aggro""]","[-14.0, 22.0, -8.0]","[-7.0, 11.0, -4.0]"
current_vs_2x_aggro,2055,42,"[1, 2, 0]","[""aggro"", ""aggro"", ""policy_current""]","[-100.0, 100.0, 0.0]","[-50.0, 50.0, 0.0]"
current_vs_2x_aggro,2056,42,"[2, 0, 1]","[""aggro"", ""policy_current"", ""aggro""]","[-14.0, 22.0, -8.0]","[-7.0, 11.0, -4.0]"
current_vs_2x_aggro,2057,42,"[2, 1, 0]","[""aggro"", ""aggro"", ""policy_current""]","[-100.0, 100.0, 0.0]","[-50.0, 50.0, 0.0]"
current_vs_2x_aggro,2058,43,"[0, 1, 2]","[""policy_current"", ""aggro"", ""aggro""]","[-14.0, -100.0, 114.0]","[-7.0, -50.0, 57.0]"
current_vs_2x_aggro,2059,43,"[0, 2, 1]","[""policy_current"", ""aggro"", ""aggro""]","[-14.0, -100.0, 114.0]","[-7.0, -50.0, 57.0]"
current_vs_2x_aggro,2060,43,"[1, 0, 2]","[""aggro"", ""policy_current"", ""aggro""]","[-100.0, -14.0, 114.0]","[-50.0, -7.0, 57.0]"
current_vs_2x_aggro,2061,43,"[1, 2, 0]","[""aggro"", ""aggro"", ""policy_current""]","[4.0, 4.0, -8.0]","[2.0, 2.0, -4.0]"
current_vs_2x_aggro,2062,43,"[2, 0, 1]","[""aggro"", ""policy_current"", ""aggro""]","[-100.0, -14.0, 114.0]","[-50.0, -7.0, 57.0]"
current_vs_2x_aggro,2063,43,"[2, 1, 0]","[""aggro"", ""aggro"", ""policy_current""]","[4.0, 4.0, -8.0]","[2.0, 2.0, -4.0]"
current_vs_2x_aggro,2064,44,"[0, 1, 2]","[""policy_current"", ""aggro"", ""aggro""]","[22.0, -2.0, -20.0]","[11.0, -1.0, -10.0]"
current_vs_2x_aggro,2065,44,"[0, 2, 1]","[""policy_current"", ""aggro"", ""aggro""]","[22.0, -2.0, -20.0]","[11.0, -1.0, -10.0]"
current_vs_2x_aggro,2066,44,"[1, 0, 2]","[""aggro"", ""policy_current"", ""aggro""]","[46.0, -20.0, -26.0]","[23.0, -10.0, -13.0]"
current_vs_2x_aggro,2067,44,"[1, 2, 0]","[""aggro"", ""aggro"", ""policy_current""]","[2.0, -2.0, 0.0]","[1.0, -1.0, 0.0]"
current_vs_2x_aggro,2068,44,"[2, 0, 1]","[""aggro"", ""policy_current"", ""aggro""]","[46.0, -20.0, -26.0]","[23.0, -10.0, -13.0]"
current_vs_2x_aggro,2069,44,"[2, 1, 0]","[""aggro"", ""aggro"", ""policy_current""]","[2.0, -2.0, 0.0]","[1.0, -1.0, 0.0]"
current_vs_2x_aggro,2070,45,"[0, 1, 2]","[""policy_current"", ""aggro"", ""aggro""]","[-1.0, 15.0, -14.0]","[-0.5, 7.5, -7.0]"
current_vs_2x_aggro,2071,45,"[0, 2, 1]","[""policy_current"", ""aggro"", ""aggro""]","[-1.0, 15.0, -14.0]","[-0.5, 7.5, -7.0]"
current_vs_2x_aggro,2072,45,"[1, 0, 2]","[""aggro"", ""policy_current"", ""aggro""]","[16.0, -2.0, -14.0]","[8.0, -1.0, -7.0]"
current_vs_2x_aggro,2073,45,"[1, 2, 0]","[""aggro"", ""aggro"", ""policy_current""]","[-100.0, -26.0, 126.0]","[-50.0, -13.0, 63.0]"
current_vs_2x_aggro,2074,45,"[2, 0, 1]","[""aggro"", ""policy_current"", ""aggro""]","[16.0, -2.0, -14.0]","[8.0, -1.0, -7.0]"
current_vs_2x_aggro,2075,45,"[2, 1, 0]","[""aggro"", ""aggro"", ""policy_current""]","[-100.0, -26.0, 126.0]","[-50.0, -13.0, 63.0]"
current_vs_2x_aggro,2076,46,"[0, 1, 2]","[""policy_current"", ""aggro"", ""aggro""]","[-1.0, -38.0, 39.0]","[-0.5, -19.0, 19.5]"
current_vs_2x_aggro,2077,46,"[0, 2, 1]","[""policy_current"", ""aggro"", ""aggro""]","[-1.0, -38.0, 39.0]","[-0.5, -19.0, 19.5]"
current_vs_2x_aggro,2078,46,"[1, 0, 2]","[""aggro"", ""policy_current"", ""aggro""]","[70.0, -14.0, -56.0]","[35.0, -7.0, -28.0]"
current_vs_2x_aggro,2079,46,"[1, 2, 0]","[""aggro"", ""aggro"", ""policy_current""]","[62.0, -62.0, 0.0]","[31.0, -31.0, 0.0]"
current_vs_2x_aggro,2080,46,"[2, 0, 1]","[""aggro"", ""policy_current"", ""aggro""]","[70.0, -14.0, -56.0]","[35.0, -7.0, -28.0]"
current_vs_2x_aggro,2081,46,"[2, 1, 0]","[""aggro"", ""aggro"", ""policy_current""]","[62.0, -62.0, 0.0]","[31.0, -31.0, 0.0]"
current_vs_2x_aggro,2082,47,"[0, 1, 2]","[""policy_current"", ""aggro"", ""aggro""]","[-100.0, 114.0, -14.0]","[-50.0, 57.0, -7.0]"
current_vs_2x_aggro,2083,47,"[0, 2, 1]","[""policy_current"", ""aggro"", ""aggro""]","[-100.0, 114.0, -14.0]","[-50.0, 57.0, -7.0]"
current_vs_2x_aggro,2084,47,"[1, 0, 2]","[""aggro"", ""policy_current"", ""aggro""]","[-26.0, -2.0, 28.0]","[-13.0, -1.0, 14.0]"
current_vs_2x_aggro,2085,47,"[1, 2, 0]","[""aggro"", ""aggro"", ""policy_current""]","[-26.0, 26.0, 0.0]","[-13.0, 13.0, 0.0]"
current_vs_2x_aggro,2086,47,"[2, 0, 1]","[""aggro"", ""policy_current"", ""aggro""]","[-26.0, -2.0, 28.0]","[-13.0, -1.0, 14.0]"
current_vs_2x_aggro,2087,47,"[2, 1, 0]","[""aggro"", ""aggro"", ""policy_current""]","[-26.0, 26.0, 0.0]","[-13.0, 13.0, 0.0]"
current_vs_2x_aggro,2088,48,"[0, 1, 2]","[""policy_current"", ""aggro"", ""aggro""]","[-1.0, 21.0, -20.0]","[-0.5, 10.5, -10.0]"
current_vs_2x_aggro,2089,48,"[0, 2, 1]","[""policy_current"", ""aggro"", ""aggro""]","[-1.0, 21.0, -20.0]","[-0.5, 10.5, -10.0]"
current_vs_2x_aggro,2090,48,"[1, 0, 2]","[""aggro"", ""policy_current"", ""aggro""]","[4.0, -2.0, -2.0]","[2.0, -1.0, -1.0]"
current_vs_2x_aggro,2091,48,"[1, 2, 0]","[""aggro"", ""aggro"", ""policy_current""]","[-50.0, 50.0, 0.0]","[-25.0, 25.0, 0.0]"
current_vs_2x_aggro,2092,48,"[2, 0, 1]","[""aggro"", ""policy_current"", ""aggro""]","[4.0, -2.0, -2.0]","[2.0, -1.0, -1.0]"
current_vs_2x_aggro,2093,48,"[2, 1, 0]","[""aggro"", ""aggro"", ""policy_current""]","[-50.0, 50.0, 0.0]","[-25.0, 25.0, 0.0]"
current_vs_2x_aggro,2094,49,"[0, 1, 2]","[""policy_current"", ""aggro"", ""aggro""]","[-100.0, -100.0, 200.0]","[-50.0, -50.0, 100.0]"
current_vs_2x_aggro,2095,49,"[0, 2, 1]","[""policy_current"", ""aggro"", ""aggro""]","[-100.0, -100.0, 200.0]","[-50.0, -50.0, 100.0]"
current_vs_2x_aggro,2096,49,"[1, 0, 2]","[""aggro"", ""policy_current"", ""aggro""]","[-1.0, -2.0, 3.0]","[-0.5, -1.0, 1.5]"
current_vs_2x_aggro,2097,49,"[1, 2, 0]","[""aggro"", ""aggro"", ""policy_current""]","[26.0, -26.0, 0.0]","[13.0, -13.0, 0.0]"
current_vs_2x_aggro,2098,49,"[2, 0, 1]","[""aggro"", ""policy_current"", ""aggro""]","[-1.0, -2.0, 3.0]","[-0.5, -1.0, 1.5]"
current_vs_2x_aggro,2099,49,"[2, 1, 0]","[""aggro"", ""aggro"", ""policy_current""]","[26.0, -26.0, 0.0]","[13.0, -13.0, 0.0]"
current_vs_2x_aggro,2100,50,"[0, 1, 2]","[""policy_current"", ""aggro"", ""aggro""]","[-1.0, -26.0, 27.0]","[-0.5, -13.0, 13.5]"
current_vs_2x_aggro,2101,50,"[0, 2, 1]","[""policy_current"", ""aggro"", ""aggro""]","[-1.0, -26.0, 27.0]","[-0.5, -13.0, 13.5]"
current_vs_2x_aggro,2102,50,"[1, 0, 2]","[""aggro"", ""policy_current"", ""aggro""]","[-26.0, -2.0, 28.0]","[-13.0, -1.0, 14.0]"
current_vs_2x_aggro,2103,50,"[1, 2, 0]","[""aggro"", ""aggro"", ""policy_current""]","[-26.0, 26.0, 0.0]","[-13.0, 13.0, 0.0]"
current_vs_2x_aggro,2104,50,"[2, 0, 1]","[""aggro"", ""policy_current"", ""aggro""]","[-26.0, -2.0, 28.0]","[-13.0, -1.0, 14.0]"
current_vs_2x_aggro,2105,50,"[2, 1, 0]","[""aggro"", ""aggro"", ""policy_current""]","[-26.0, 26.0, 0.0]","[-13.0, 13.0, 0.0]"
current_vs_2x_aggro,2106,51,"[0, 1, 2]","[""policy_current"", ""aggro"", ""aggro""]","[-1.0, -32.0, 33.0]","[-0.5, -16.0, 16.5]"
current_vs_2x_aggro,2107,51,"[0, 2, 1]","[""policy_current"", ""aggro"", ""aggro""]","[-1.0, -32.0, 33.0]","[-0.5, -16.0, 16.5]"
current_vs_2x_aggro,2108,51,"[1, 0, 2]","[""aggro"", ""policy_current"", ""aggro""]","[58.0, -2.0, -56.0]","[29.0, -1.0, -28.0]"
current_vs_2x_aggro,2109,51,"[1, 2, 0]","[""aggro"", ""aggro"", ""policy_current""]","[56.0, -56.0, 0.0]","[28.0, -28.0, 0.0]"
current_vs_2x_aggro,2110,51,"[2, 0, 1]","[""aggro"", ""policy_current"", ""aggro""]","[58.0, -2.0, -56.0]","[29.0, -1.0, -28.0]"
current_vs_2x_aggro,2111,51,"[2, 1, 0]","[""aggro"", ""aggro"", ""policy_current""]","[56.0, -56.0, 0.0]","[28.0, -28.0, 0.0]"
current_vs_2x_aggro,2112,52,"[0, 1, 2]","[""policy_current"", ""aggro"", ""aggro""]","[-1.0, -26.0, 27.0]","[-0.5, -13.0, 13.5]"
current_vs_2x_aggro,2113,52,"[0, 2, 1]","[""policy_current"", ""aggro"", ""aggro""]","[-1.0, -26.0, 27.0]","[-0.5, -13.0, 13.5]"
current_vs_2x_aggro,2114,52,"[1, 0, 2]","[""aggro"", ""policy_current"", ""aggro""]","[102.0, -2.0, -100.0]","[51.0, -1.0, -50.0]"
current_vs_2x_aggro,2115,52,"[1, 2, 0]","[""aggro"", ""aggro"", ""policy_current""]","[114.0, -14.0, -100.0]","[57.0, -7.0, -50.0]"
current_vs_2x_aggro,2116,52,"[2, 0, 1]","[""aggro"", ""policy_current"", ""aggro""]","[102.0, -2.0, -100.0]","[51.0, -1.0, -50.0]"
current_vs_2x_aggro,2117,52,"[2, 1, 0]","[""aggro"", ""aggro"", ""policy_current""]","[114.0, -14.0, -100.0]","[57.0, -7.0, -50.0]"
current_vs_2x_aggro,2118,53,"[0, 1, 2]","[""policy_current"", ""aggro"", ""aggro""]","[-2.0, 34.0, -32.0]","[-1.0, 17.0, -16.0]"
current_vs_2x_aggro,2119,53,"[0, 2, 1]","[""policy_current"", ""aggro"", ""aggro""]","[-2.0, 34.0, -32.0]","[-1.0, 17.0, -16.0]"
current_vs_2x_aggro,2120,53,"[1, 0, 2]","[""aggro"", ""policy_current"", ""aggro""]","[-32.0, 58.0, -26.0]","[-16.0, 29.0, -13.0]"
current_vs_2x_aggro,2121,53,"[1, 2, 0]","[""aggro"", ""aggro"", ""policy_current""]","[-62.0, 62.0, 0.0]","[-31.0, 31.0, 0.0]"
current_vs_2x_aggro,2122,53,"[2, 0, 1]","[""aggro"", ""policy_current"", ""aggro""]","[-32.0, 58.0, -26.0]","[-16.0, 29.0, -13.0]"
current_vs_2x_aggro,2123,53,"[2, 1, 0]","[""aggro"", ""aggro"", ""policy_current""]","[-62.0, 62.0, 0.0]","[-31.0, 31.0, 0.0]"
current_vs_2x_aggro,2124,54,"[0, 1, 2]","[""policy_current"", ""aggro"", ""aggro""]","[-1.0, 21.0, -20.0]","[-0.5, 10.5, -10.0]"
current_vs_2x_aggro,2125,54,"[0, 2, 1]","[""policy_current"", ""aggro"", ""aggro""]","[-1.0, 21.0, -20.0]","[-0.5, 10.5, -10.0]"
current_vs_2x_aggro,2126,54,"[1, 0, 2]","[""aggro"", ""policy_current"", ""aggro""]","[58.0, -20.0, -38.0]","[29.0, -10.0, -19.0]"
current_vs_2x_aggro,2127,54,"[1, 2, 0]","[""aggro"", ""aggro"", ""policy_current""]","[-2.0, 34.0, -32.0]","[-1.0, 17.0, -16.0]"
current_vs_2x_aggro,2128,54,"[2, 0, 1]","[""aggro"", ""policy_current"", ""aggro""]","[58.0, -20.0, -38.0]","[29.0, -10.0, -19.0]"
current_vs_2x_aggro,2129,54,"[2, 1, 0]","[""aggro"", ""aggro"", ""policy_current""]","[-2.0, 34.0, -32.0]","[-1.0, 17.0, -16.0]"
current_vs_2x_aggro,2130,55,"[0, 1, 2]","[""policy_current"", ""aggro"", ""aggro""]","[-1.0, -32.0, 33.0]","[-0.5, -16.0, 16.5]"
current_vs_2x_aggro,2131,55,"[0, 2, 1]","[""policy_current"", ""aggro"", ""aggro""]","[-1.0, -32.0, 33.0]","[-0.5, -16.0, 16.5]"
current_vs_2x_aggro,2132,55,"[1, 0, 2]","[""aggro"", ""policy_current"", ""aggro""]","[-14.0, 22.0, -8.0]","[-7.0, 11.0, -4.0]"
current_vs_2x_aggro,2133,55,"[1, 2, 0]","[""aggro"", ""aggro"", ""policy_current""]","[-8.0, 8.0, 0.0]","[-4.0, 4.0, 0.0]"
current_vs_2x_aggro,2134,55,"[2, 0, 1]","[""aggro"", ""policy_current"", ""aggro""]","[-14.0, 22.0, -8.0]","[-7.0, 11.0, -4.0]"
current_vs_2x_aggro,2135,55,"[2, 1, 0]","[""aggro"", ""aggro"", ""policy_current""]","[-8.0, 8.0, 0.0]","[-4.0, 4.0, 0.0]"
current_vs_2x_aggro,2136,56,"[0, 1, 2]","[""policy_current"", ""aggro"", ""aggro""]","[-1.0, -26.0, 27.0]","[-0.5, -13.0, 13.5]"
current_vs_2x_aggro,2137,56,"[0, 2, 1]","[""policy_current"", ""aggro"", ""aggro""]","[-1.0, -26.0, 27.0]","[-0.5, -13.0, 13.5]"
current_vs_2x_aggro,2138,56,"[1, 0, 2]","[""aggro"", ""policy_current"", ""aggro""]","[-26.0, -2.0, 28.0]","[-13.0, -1.0, 14.0]"
current_vs_2x_aggro,2139,56,"[1, 2, 0]","[""aggro"", ""aggro"", ""policy_current""]","[26.0, -26.0, 0.0]","[13.0, -13.0, 0.0]"
current_vs_2x_aggro,2140,56,"[2, 0, 1]","[""aggro"", ""policy_current"", ""aggro""]","[-26.0, -2.0, 28.0]","[-13.0, -1.0, 14.0]"
current_vs_2x_aggro,2141,56,"[2, 1, 0]","[""aggro"", ""aggro"", ""policy_current""]","[26.0, -26.0, 0.0]","[13.0, -13.0, 0.0]"
current_vs_2x_aggro,2142,57,"[0, 1, 2]","[""policy_current"", ""aggro"", ""aggro""]","[-1.0, -20.0, 21.0]","[-0.5, -10.0, 10.5]"
current_vs_2x_aggro,2143,57,"[0, 2, 1]","[""policy_current"", ""aggro"", ""aggro""]","[-1.0, -20.0, 21.0]","[-0.5, -10.0, 10.5]"
current_vs_2x_aggro,2144,57,"[1, 0, 2]","[""aggro"", ""policy_current"", ""aggro""]","[-20.0, -2.0, 22.0]","[-10.0, -1.0, 11.0]"
current_vs_2x_aggro,2145,57,"[1, 2, 0]","[""aggro"", ""aggro"", ""policy_current""]","[50.0, -50.0, 0.0]","[25.0, -25.0, 0.0]"
current_vs_2x_aggro,2146,57,"[2, 0, 1]","[""aggro"", ""policy_current"", ""aggro""]","[-20.0, -2.0, 22.0]","[-10.0, -1.0, 11.0]"
current_vs_2x_aggro,2147,57,"[2, 1, 0]","[""aggro"", ""aggro"", ""policy_current""]","[50.0, -50.0, 0.0]","[25.0, -25.0, 0.0]"
current_vs_2x_aggro,2148,58,"[0, 1, 2]","[""policy_current"", ""aggro"", ""aggro""]","[58.0, -38.0, -20.0]","[29.0, -19.0, -10.0]"
current_vs_2x_aggro,2149,58,"[0, 2, 1]","[""policy_current"", ""aggro"", ""aggro""]","[58.0, -38.0, -20.0]","[29.0, -19.0, -10.0]"
current_vs_2x_aggro,2150,58,"[1, 0, 2]","[""aggro"", ""policy_current"", ""aggro""]","[-1.0, -2.0, 3.0]","[-0.5, -1.0, 1.5]"
current_vs_2x_aggro,2151,58,"[1, 2, 0]","[""aggro"", ""aggro"", ""policy_current""]","[32.0, -32.0, 0.0]","[16.0, -16.0, 0.0]"
current_vs_2x_aggro,2152,58,"[2, 0, 1]","[""aggro"", ""policy_current"", ""aggro""]","[-1.0, -2.0, 3.0]","[-0.5, -1.0, 1.5]"
current_vs_2x_aggro,2153,58,"[2, 1, 0]","[""aggro"", ""aggro"", ""policy_current""]","[32.0, -32.0, 0.0]","[16.0, -16.0, 0.0]"
current_vs_2x_aggro,2154,59,"[0, 1, 2]","[""policy_current"", ""aggro"", ""aggro""]","[-20.0, 40.0, -20.0]","[-10.0, 20.0, -10.0]"
current_vs_2x_aggro,2155,59,"[0, 2, 1]","[""policy_current"", ""aggro"", ""aggro""]","[-20.0, 40.0, -20.0]","[-10.0, 20.0, -10.0]"
current_vs_2x_aggro,2156,59,"[1, 0, 2]","[""aggro"", ""policy_current"", ""aggro""]","[34.0, -2.0, -32.0]","[17.0, -1.0, -16.0]"
current_vs_2x_aggro,2157,59,"[1, 2, 0]","[""aggro"", ""aggro"", ""policy_current""]","[46.0, -14.0, -32.0]","[23.0, -7.0, -16.0]"
current_vs_2x_aggro,2158,59,"[2, 0, 1]","[""aggro"", ""policy_current"", ""aggro""]","[34.0, -2.0, -32.0]","[17.0, -1.0, -16.0]"
current_vs_2x_aggro,2159,59,"[2, 1, 0]","[""aggro"", ""aggro"", ""policy_current""]","[46.0, -14.0, -32.0]","[23.0, -7.0, -16.0]"
current_vs_2x_aggro,2160,60,"[0, 1, 2]","[""policy_current"", ""aggro"", ""aggro""]","[10.0, -2.0, -8.0]","[5.0, -1.0, -4.0]"
current_vs_2x_aggro,2161,60,"[0, 2, 1]","[""policy_current"", ""aggro"", ""aggro""]","[10.0, -2.0, -8.0]","[5.0, -1.0, -4.0]"
current_vs_2x_aggro,2162,60,"[1, 0, 2]","[""aggro"", ""policy_current"", ""aggro""]","[108.0, -100.0, -8.0]","[54.0, -50.0, -4.0]"
current_vs_2x_aggro,2163,60,"[1, 2, 0]","[""aggro"", ""aggro"", ""policy_current""]","[26.0, -26.0, 0.0]","[13.0, -13.0, 0.0]"
current_vs_2x_aggro,2164,60,"[2, 0, 1]","[""aggro"", ""policy_current"", ""aggro""]","[108.0, -100.0, -8.0]","[54.0, -50.0, -4.0]"
current_vs_2x_aggro,2165,60,"[2, 1, 0]","[""aggro"", ""aggro"", ""policy_current""]","[26.0, -26.0, 0.0]","[13.0, -13.0, 0.0]"
current_vs_2x_aggro,2166,61,"[0, 1, 2]","[""policy_current"", ""aggro"", ""aggro""]","[-14.0, 52.0, -38.0]","[-7.0, 26.0, -19.0]"
current_vs_2x_aggro,2167,61,"[0, 2, 1]","[""policy_current"", ""aggro"", ""aggro""]","[-14.0, 52.0, -38.0]","[-7.0, 26.0, -19.0]"
current_vs_2x_aggro,2168,61,"[1, 0, 2]","[""aggro"", ""policy_current"", ""aggro""]","[46.0, -20.0, -26.0]","[23.0, -10.0, -13.0]"
current_vs_2x_aggro,2169,61,"[1, 2, 0]","[""aggro"", ""aggro"", ""policy_current""]","[52.0, -32.0, -20.0]","[26.0, -16.0, -10.0]"
current_vs_2x_aggro,2170,61,"[2, 0, 1]","[""aggro"", ""policy_current"", ""aggro""]","[46.0, -20.0, -26.0]","[23.0, -10.0, -13.0]"
current_vs_2x_aggro,2171,61,"[2, 1, 0]","[""aggro"", ""aggro"", ""policy_current""]","[52.0, -32.0, -20.0]","[26.0, -16.0, -10.0]"
current_vs_2x_aggro,2172,62,"[0, 1, 2]","[""policy_current"", ""aggro"", ""aggro""]","[-1.0, 21.0, -20.0]","[-0.5, 10.5, -10.0]"
current_vs_2x_aggro,2173,62,"[0, 2, 1]","[""policy_current"", ""aggro"", ""aggro""]","[-1.0, 21.0, -20.0]","[-0.5, 10.5, -10.0]"
current_vs_2x_aggro,2174,62,"[1, 0, 2]","[""aggro"", ""policy_current"", ""aggro""]","[10.0, -2.0, -8.0]","[5.0, -1.0, -4.0]"
current_vs_2x_aggro,2175,62,"[1, 2, 0]","[""aggro"", ""aggro"", ""policy_current""]","[14.0, -14.0, 0.0]","[7.0, -7.0, 0.0]"
current_vs_2x_aggro,2176,62,"[2, 0, 1]","[""aggro"", ""policy_current"", ""aggro""]","[10.0, -2.0, -8.0]","[5.0, -1.0, -4.0]"
current_vs_2x_aggro,2177,62,"[2, 1, 0]","[""aggro"", ""aggro"", ""policy_current""]","[14.0, -14.0, 0.0]","[7.0, -7.0, 0.0]"
current_vs_2x_aggro,2178,63,"[0, 1, 2]","[""policy_current"", ""aggro"", ""aggro""]","[16.0, -8.0, -8.0]","[8.0, -4.0, -4.0]"
current_vs_2x_aggro,2179,63,"[0, 2, 1]","[""policy_current"", ""aggro"", ""aggro""]","[16.0, -8.0, -8.0]","[8.0, -4.0, -4.0]"
current_vs_2x_aggro,2180,63,"[1, 0, 2]","[""aggro"", ""policy_current"", ""aggro""]","[126.0, -100.0, -26.0]","[63.0, -50.0, -13.0]"
current_vs_2x_aggro,2181,63,"[1, 2, 0]","[""aggro"", ""aggro"", ""policy_current""]","[74.0, -74.0, 0.0]","[37.0, -37.0, 0.0]"
current_vs_2x_aggro,2182,63,"[2, 0, 1]","[""aggro"", ""policy_current"", ""aggro""]","[126.0, -100.0, -26.0]","[63.0, -50.0, -13.0]"
current_vs_2x_aggro,2183,63,"[2, 1, 0]","[""aggro"", ""aggro"", ""policy_current""]","[74.0, -74.0, 0.0]","[37.0, -37.0, 0.0]"
current_vs_2x_aggro,2184,64,"[0, 1, 2]","[""policy_current"", ""aggro"", ""aggro""]","[50.0, -100.0, 50.0]","[25.0, -50.0, 25.0]"
current_vs_2x_aggro,2185,64,"[0, 2, 1]","[""policy_current"", ""aggro"", ""aggro""]","[50.0, -100.0, 50.0]","[25.0, -50.0, 25.0]"
current_vs_2x_aggro,2186,64,"[1, 0, 2]","[""aggro"", ""policy_current"", ""aggro""]","[10.0, -2.0, -8.0]","[5.0, -1.0, -4.0]"
current_vs_2x_aggro,2187,64,"[1, 2, 0]","[""aggro"", ""aggro"", ""policy_current""]","[50.0, -100.0, 50.0]","[25.0, -50.0, 25.0]"
current_vs_2x_aggro,2188,64,"[2, 0, 1]","[""aggro"", ""policy_current"", ""aggro""]","[10.0, -2.0, -8.0]","[5.0, -1.0, -4.0]"
current_vs_2x_aggro,2189,64,"[2, 1, 0]","[""aggro"", ""aggro"", ""policy_current""]","[50.0, -100.0, 50.0]","[25.0, -50.0, 25.0]"
current_vs_2x_aggro,2190,65,"[0, 1, 2]","[""policy_current"", ""aggro"", ""aggro""]","[-1.0, 27.0, -26.0]","[-0.5, 13.5, -13.0]"
current_vs_2x_aggro,2191,65,"[0, 2, 1]","[""policy_current"", ""aggro"", ""aggro""]","[-1.0, 27.0, -26.0]","[-0.5, 13.5, -13.0]"
current_vs_2x_aggro,2192,65,"[1, 0, 2]","[""aggro"", ""policy_current"", ""aggro""]","[-56.0, -2.0, 58.0]","[-28.0, -1.0, 29.0]"
current_vs_2x_aggro,2193,65,"[1, 2, 0]","[""aggro"", ""aggro"", ""policy_current""]","[-100.0, 100.0, 0.0]","[-50.0, 50.0, 0.0]"
current_vs_2x_aggro,2194,65,"[2, 0, 1]","[""aggro"", ""policy_current"", ""aggro""]","[-56.0, -2.0, 58.0]","[-28.0, -1.0, 29.0]"
current_vs_2x_aggro,2195,65,"[2, 1, 0]","[""aggro"", ""aggro"", ""policy_current""]","[-100.0, 100.0, 0.0]","[-50.0, 50.0, 0.0]"
current_vs_2x_aggro,2196,66,"[0, 1, 2]","[""policy_current"", ""aggro"", ""aggro""]","[-1.0, 21.0, -20.0]","[-0.5, 10.5, -10.0]"
current_vs_2x_aggro,2197,66,"[0, 2, 1]","[""policy_current"", ""aggro"", ""aggro""]","[-1.0, 21.0, -20.0]","[-0.5, 10.5, -10.0]"
current_vs_2x_aggro,2198,66,"[1, 0, 2]","[""aggro"", ""policy_current"", ""aggro""]","[-20.0, -2.0, 22.0]","[-10.0, -1.0, 11.0]"
current_vs_2x_aggro,2199,66,"[1, 2, 0]","[""aggro"", ""aggro"", ""policy_current""]","[20.0, -20.0, 0.0]","[10.0, -10.0, 0.0]"
current_vs_2x_aggro,2200,66,"[2, 0, 1]","[""aggro"", ""policy_current"", ""aggro""]","[-20.0, -2.0, 22.0]","[-10.0, -1.0, 11.0]"
current_vs_2x_aggro,2201,66,"[2, 1, 0]","[""aggro"", ""aggro"", ""policy_current""]","[20.0, -20.0, 0.0]","[10.0, -10.0, 0.0]"
current_vs_2x_aggro,2202,67,"[0, 1, 2]","[""policy_current"", ""aggro"", ""aggro""]","[10.0, -2.0, -8.0]","[5.0, -1.0, -4.0]"
current_vs_2x_aggro,2203,67,"[0, 2, 1]","[""policy_current"", ""aggro"", ""aggro""]","[10.0, -2.0, -8.0]","[5.0, -1.0, -4.0]"
current_vs_2x_aggro,2204,67,"[1, 0, 2]","[""aggro"", ""policy_current"", ""aggro""]","[-8.0, 16.0, -8.0]","[-4.0, 8.0, -4.0]"
current_vs_2x_aggro,2205,67,"[1, 2, 0]","[""aggro"", ""aggro"", ""policy_current""]","[-1.0, -2.0, 3.0]","[-0.5, -1.0, 1.5]"
current_vs_2x_aggro,2206,67,"[2, 0, 1]","[""aggro"", ""policy_current"", ""aggro""]","[-8.0, 16.0, -8.0]","[-4.0, 8.0, -4.0]"
current_vs_2x_aggro,2207,67,"[2, 1, 0]","[""aggro"", ""aggro"", ""policy_current""]","[-1.0, -2.0, 3.0]","[-0.5, -1.0, 1.5]"
current_vs_2x_aggro,2208,68,"[0, 1, 2]","[""policy_current"", ""aggro"", ""aggro""]","[-26.0, -26.0, 52.0]","[-13.0, -13.0, 26.0]"
current_vs_2x_aggro,2209,68,"[0, 2, 1]","[""policy_current"", ""aggro"", ""aggro""]","[-26.0, -26.0, 52.0]","[-13.0, -13.0, 26.0]"
current_vs_2x_aggro,2210,68,"[1, 0, 2]","[""aggro"", ""policy_current"", ""aggro""]","[-26.0, -14.0, 40.0]","[-13.0, -7.0, 20.0]"
current_vs_2x_aggro,2211,68,"[1, 2, 0]","[""aggro"", ""aggro"", ""policy_current""]","[-14.0, -20.0, 34.0]","[-7.0, -10.0, 17.0]"
current_vs_2x_aggro,2212,68,"[2, 0, 1]","[""aggro"", ""policy_current"", ""aggro""]","[-26.0, -14.0, 40.0]","[-13.0, -7.0, 20.0]"
current_vs_2x_aggro,2213,68,"[2, 1, 0]","[""aggro"", ""aggro"", ""policy_current""]","[-14.0, -20.0, 34.0]","[-7.0, -10.0, 17.0]"
current_vs_2x_aggro,2214,69,"[0, 1, 2]","[""policy_current"", ""aggro"", ""aggro""]","[10.0, -2.0, -8.0]","[5.0, -1.0, -4.0]"
current_vs_2x_aggro,2215,69,"[0, 2, 1]","[""policy_current"", ""aggro"", ""aggro""]","[10.0, -2.0, -8.0]","[5.0, -1.0, -4.0]"
current_vs_2x_aggro,2216,69,"[1, 0, 2]","[""aggro"", ""policy_current"", ""aggro""]","[-14.0, 22.0, -8.0]","[-7.0, 11.0, -4.0]"
current_vs_2x_aggro,2217,69,"[1, 2, 0]","[""aggro"", ""aggro"", ""policy_current""]","[-14.0, -20.0, 34.0]","[-7.0, -10.0, 17.0]"
current_vs_2x_aggro,2218,69,"[2, 0, 1]","[""aggro"", ""policy_current"", ""aggro""]","[-14.0, 22.0, -8.0]","[-7.0, 11.0, -4.0]"
current_vs_2x_aggro,2219,69,"[2, 1, 0]","[""aggro"", ""aggro"", ""policy_current""]","[-14.0, -20.0, 34.0]","[-7.0, -10.0, 17.0]"
current_vs_2x_aggro,2220,70,"[0, 1, 2]","[""policy_current"", ""aggro"", ""aggro""]","[-1.0, 27.0, -26.0]","[-0.5, 13.5, -13.0]"
current_vs_2x_aggro,2221,70,"[0, 2, 1]","[""policy_current"", ""aggro"", ""aggro""]","[-1.0, 27.0, -26.0]","[-0.5, 13.5, -13.0]"
current_vs_2x_aggro,2222,70,"[1, 0, 2]","[""aggro"", ""policy_current"", ""aggro""]","[28.0, -2.0, -26.0]","[14.0, -1.0, -13.0]"
current_vs_2x_aggro,2223,70,"[1, 2, 0]","[""aggro"", ""aggro"", ""policy_current""]","[26.0, -26.0, 0.0]","[13.0, -13.0, 0.0]"
current_vs_2x_aggro,2224,70,"[2, 0, 1]","[""aggro"", ""policy_current"", ""aggro""]","[28.0, -2.0, -26.0]","[14.0, -1.0, -13.0]"
current_vs_2x_aggro,2225,70,"[2, 1, 0]","[""aggro"", ""aggro"", ""policy_current""]","[26.0, -26.0, 0.0]","[13.0, -13.0, 0.0]"
current_vs_2x_aggro,2226,71,"[0, 1, 2]","[""policy_current"", ""aggro"", ""aggro""]","[-1.0, -2.0, 3.0]","[-0.5, -1.0, 1.5]"
current_vs_2x_aggro,2227,71,"[0, 2, 1]","[""policy_current"", ""aggro"", ""aggro""]","[-1.0, -2.0, 3.0]","[-0.5, -1.0, 1.5]"
current_vs_2x_aggro,2228,71,"[1, 0, 2]","[""aggro"", ""policy_current"", ""aggro""]","[-1.0, 101.0, -100.0]","[-0.5, 50.5, -50.0]"
current_vs_2x_aggro,2229,71,"[1, 2, 0]","[""aggro"", ""aggro"", ""policy_current""]","[20.0, -20.0, 0.0]","[10.0, -10.0, 0.0]"
current_vs_2x_aggro,2230,71,"[2, 0, 1]","[""aggro"", ""policy_current"", ""aggro""]","[-1.0, 101.0, -100.0]","[-0.5, 50.5, -50.0]"
current_vs_2x_aggro,2231,71,"[2, 1, 0]","[""aggro"", ""aggro"", ""policy_current""]","[20.0, -20.0, 0.0]","[10.0, -10.0, 0.0]"
current_vs_2x_aggro,2232,72,"[0, 1, 2]","[""policy_current"", ""aggro"", ""aggro""]","[120.0, -20.0, -100.0]","[60.0, -10.0, -50.0]"
current_vs_2x_aggro,2233,72,"[0, 2, 1]","[""policy_current"", ""aggro"", ""aggro""]","[120.0, -20.0, -100.0]","[60.0, -10.0, -50.0]"
current_vs_2x_aggro,2234,72,"[1, 0, 2]","[""aggro"", ""policy_current"", ""aggro""]","[52.0, -20.0, -32.0]","[26.0, -10.0, -16.0]"
current_vs_2x_aggro,2235,72,"[1, 2, 0]","[""aggro"", ""aggro"", ""policy_current""]","[38.0, -38.0, 0.0]","[19.0, -19.0, 0.0]"
current_vs_2x_aggro,2236,72,"[2, 0, 1]","[""aggro"", ""policy_current"", ""aggro""]","[52.0, -20.0, -32.0]","[26.0, -10.0, -16.0]"
current_vs_2x_aggro,2237,72,"[2, 1, 0]","[""aggro"", ""aggro"", ""policy_current""]","[38.0, -38.0, 0.0]","[19.0, -19.0, 0.0]"
current_vs_2x_aggro,2238,73,"[0, 1, 2]","[""policy_current"", ""aggro"", ""aggro""]","[-1.0, 9.0, -8.0]","[-0.5, 4.5, -4.0]"
current_vs_2x_aggro,2239,73,"[0, 2, 1]","[""policy_current"", ""aggro"", ""aggro""]","[-1.0, 9.0, -8.0]","[-0.5, 4.5, -4.0]"
current_vs_2x_aggro,2240,73,"[1, 0, 2]","[""aggro"", ""policy_current"", ""aggro""]","[10.0, -2.0, -8.0]","[5.0, -1.0, -4.0]"
current_vs_2x_aggro,2241,73,"[1, 2, 0]","[""aggro"", ""aggro"", ""policy_current""]","[26.0, -26.0, 0.0]","[13.0, -13.0, 0.0]"
current_vs_2x_aggro,2242,73,"[2, 0, 1]","[""aggro"", ""policy_current"", ""aggro""]","[10.0, -2.0, -8.0]","[5.0, -1.0, -4.0]"
current_vs_2x_aggro,2243,73,"[2, 1, 0]","[""aggro"", ""aggro"", ""policy_current""]","[26.0, -26.0, 0.0]","[13.0, -13.0, 0.0]"
current_vs_2x_aggro,2244,74,"[0, 1, 2]","[""policy_current"", ""aggro"", ""aggro""]","[34.0, -14.0, -20.0]","[17.0, -7.0, -10.0]"
current_vs_2x_aggro,2245,74,"[0, 2, 1]","[""policy_current"", ""aggro"", ""aggro""]","[34.0, -14.0, -20.0]","[17.0, -7.0, -10.0]"
current_vs_2x_aggro,2246,74,"[1, 0, 2]","[""aggro"", ""policy_current"", ""aggro""]","[-26.0, 52.0, -26.0]","[-13.0, 26.0, -13.0]"
current_vs_2x_aggro,2247,74,"[1, 2, 0]","[""aggro"", ""aggro"", ""policy_current""]","[26.0, -26.0, 0.0]","[13.0, -13.0, 0.0]"
current_vs_2x_aggro,2248,74,"[2, 0, 1]","[""aggro"", ""policy_current"", ""aggro""]","[-26.0, 52.0, -26.0]","[-13.0, 26.0, -13.0]"
current_vs_2x_aggro,2249,74,"[2, 1, 0]","[""aggro"", ""aggro"", ""policy_current""]","[26.0, -26.0, 0.0]","[13.0, -13.0, 0.0]"
current_vs_2x_aggro,2250,75,"[0, 1, 2]","[""policy_current"", ""aggro"", ""aggro""]","[-100.0, -32.0, 132.0]","[-50.0, -16.0, 66.0]"
current_vs_2x_aggro,2251,75,"[0, 2, 1]","[""policy_current"", ""aggro"", ""aggro""]","[-100.0, -32.0, 132.0]","[-50.0, -16.0, 66.0]"
current_vs_2x_aggro,2252,75,"[1, 0, 2]","[""aggro"", ""policy_current"", ""aggro""]","[64.0, -26.0, -38.0]","[32.0, -13.0, -19.0]"
current_vs_2x_aggro,2253,75,"[1, 2, 0]","[""aggro"", ""aggro"", ""policy_current""]","[-14.0, -20.0, 34.0]","[-7.0, -10.0, 17.0]"
current_vs_2x_aggro,2254,75,"[2, 0, 1]","[""aggro"", ""policy_current"", ""aggro""]","[64.0, -26.0, -38.0]","[32.0, -13.0, -19.0]"
current_vs_2x_aggro,2255,75,"[2, 1, 0]","[""aggro"", ""aggro"", ""policy_current""]","[-14.0, -20.0, 34.0]","[-7.0, -10.0, 17.0]"
current_vs_2x_aggro,2256,76,"[0, 1, 2]","[""policy_current"", ""aggro"", ""aggro""]","[-1.0, -100.0, 101.0]","[-0.5, -50.0, 50.5]"
current_vs_2x_aggro,2257,76,"[0, 2, 1]","[""policy_current"", ""aggro"", ""aggro""]","[-1.0, -100.0, 101.0]","[-0.5, -50.0, 50.5]"
current_vs_2x_aggro,2258,76,"[1, 0, 2]","[""aggro"", ""policy_current"", ""aggro""]","[-1.0, -2.0, 3.0]","[-0.5, -1.0, 1.5]"
current_vs_2x_aggro,2259,76,"[1, 2, 0]","[""aggro"", ""aggro"", ""policy_current""]","[-100.0, 100.0, 0.0]","[-50.0, 50.0, 0.0]"
current_vs_2x_aggro,2260,76,"[2, 0, 1]","[""aggro"", ""policy_current"", ""aggro""]","[-1.0, -2.0, 3.0]","[-0.5, -1.0, 1.5]"
current_vs_2x_aggro,2261,76,"[2, 1, 0]","[""aggro"", ""aggro"", ""policy_current""]","[-100.0, 100.0, 0.0]","[-50.0, 50.0, 0.0]"
current_vs_2x_aggro,2262,77,"[0, 1, 2]","[""policy_current"", ""aggro"", ""aggro""]","[-1.0, -20.0, 21.0]","[-0.5, -10.0, 10.5]"
current_vs_2x_aggro,2263,77,"[0, 2, 1]","[""policy_current"", ""aggro"", ""aggro""]","[-1.0, -20.0, 21.0]","[-0.5, -10.0, 10.5]"
current_vs_2x_aggro,2264,77,"[1, 0, 2]","[""aggro"", ""policy_current"", ""aggro""]","[-20.0, -2.0, 22.0]","[-10.0, -1.0, 11.0]"
current_vs_2x_aggro,2265,77,"[1, 2, 0]","[""aggro"", ""aggro"", ""policy_current""]","[-100.0, 114.0, -14.0]","[-50.0, 57.0, -7.0]"
current_vs_2x_aggro,2266,77,"[2, 0, 1]","[""aggro"", ""policy_current"", ""aggro""]","[-20.0, -2.0, 22.0]","[-10.0, -1.0, 11.0]"
current_vs_2x_aggro,2267,77,"[2, 1, 0]","[""aggro"", ""aggro"", ""policy_current""]","[-100.0, 114.0, -14.0]","[-50.0, 57.0, -7.0]"
current_vs_2x_aggro,2268,78,"[0, 1, 2]","[""policy_current"", ""aggro"", ""aggro""]","[-14.0, 22.0, -8.0]","[-7.0, 11.0, -4.0]"
current_vs_2x_aggro,2269,78,"[0, 2, 1]","[""policy_current"", ""aggro"", ""aggro""]","[-14.0, 22.0, -8.0]","[-7.0, 11.0, -4.0]"
current_vs_2x_aggro,2270,78,"[1, 0, 2]","[""aggro"", ""policy_current"", ""aggro""]","[108.0, -100.0, -8.0]","[54.0, -50.0, -4.0]"
current_vs_2x_aggro,2271,78,"[1, 2, 0]","[""aggro"", ""aggro"", ""policy_current""]","[-8.0, -100.0, 108.0]","[-4.0, -50.0, 54.0]"
current_vs_2x_aggro,2272,78,"[2, 0, 1]","[""aggro"", ""policy_current"", ""aggro""]","[108.0, -100.0, -8.0]","[54.0, -50.0, -4.0]"
current_vs_2x_aggro,2273,78,"[2, 1, 0]","[""aggro"", ""aggro"", ""policy_current""]","[-8.0, -100.0, 108.0]","[-4.0, -50.0, 54.0]"
current_vs_2x_aggro,2274,79,"[0, 1, 2]","[""policy_current"", ""aggro"", ""aggro""]","[-1.0, 27.0, -26.0]","[-0.5, 13.5, -13.0]"
current_vs_2x_aggro,2275,79,"[0, 2, 1]","[""policy_current"", ""aggro"", ""aggro""]","[-1.0, 27.0, -26.0]","[-0.5, 13.5, -13.0]"
current_vs_2x_aggro,2276,79,"[1, 0, 2]","[""aggro"", ""policy_current"", ""aggro""]","[28.0, -2.0, -26.0]","[14.0, -1.0, -13.0]"
current_vs_2x_aggro,2277,79,"[1, 2, 0]","[""aggro"", ""aggro"", ""policy_current""]","[102.0, -2.0, -100.0]","[51.0, -1.0, -50.0]"
current_vs_2x_aggro,2278,79,"[2, 0, 1]","[""aggro"", ""policy_current"", ""aggro""]","[28.0, -2.0, -26.0]","[14.0, -1.0, -13.0]"
current_vs_2x_aggro,2279,79,"[2, 1, 0]","[""aggro"", ""aggro"", ""policy_current""]","[102.0, -2.0, -100.0]","[51.0, -1.0, -50.0]"
current_vs_2x_aggro,2280,80,"[0, 1, 2]","[""policy_current"", ""aggro"", ""aggro""]","[-1.0, -32.0, 33.0]","[-0.5, -16.0, 16.5]"
current_vs_2x_aggro,2281,80,"[0, 2, 1]","[""policy_current"", ""aggro"", ""aggro""]","[-1.0, -32.0, 33.0]","[-0.5, -16.0, 16.5]"
current_vs_2x_aggro,2282,80,"[1, 0, 2]","[""aggro"", ""policy_current"", ""aggro""]","[-100.0, -2.0, 102.0]","[-50.0, -1.0, 51.0]"
current_vs_2x_aggro,2283,80,"[1, 2, 0]","[""aggro"", ""aggro"", ""policy_current""]","[8.0, -8.0, 0.0]","[4.0, -4.0, 0.0]"
current_vs_2x_aggro,2284,80,"[2, 0, 1]","[""aggro"", ""policy_current"", ""aggro""]","[-100.0, -2.0, 102.0]","[-50.0, -1.0, 51.0]"
current_vs_2x_aggro,2285,80,"[2, 1, 0]","[""aggro"", ""aggro"", ""policy_current""]","[8.0, -8.0, 0.0]","[4.0, -4.0, 0.0]"
current_vs_2x_aggro,2286,81,"[0, 1, 2]","[""policy_current"", ""aggro"", ""aggro""]","[-100.0, -20.0, 120.0]","[-50.0, -10.0, 60.0]"
current_vs_2x_aggro,2287,81,"[0, 2, 1]","[""policy_current"", ""aggro"", ""aggro""]","[-100.0, -20.0, 120.0]","[-50.0, -10.0, 60.0]"
current_vs_2x_aggro,2288,81,"[1, 0, 2]","[""aggro"", ""policy_current"", ""aggro""]","[-100.0, -100.0, 200.0]","[-50.0, -50.0, 100.0]"
current_vs_2x_aggro,2289,81,"[1, 2, 0]","[""aggro"", ""aggro"", ""policy_current""]","[-100.0, -20.0, 120.0]","[-50.0, -10.0, 60.0]"
current_vs_2x_aggro,2290,81,"[2, 0, 1]","[""aggro"", ""policy_current"", ""aggro""]","[-100.0, -100.0, 200.0]","[-50.0, -50.0, 100.0]"
current_vs_2x_aggro,2291,81,"[2, 1, 0]","[""aggro"", ""aggro"", ""policy_current""]","[-100.0, -20.0, 120.0]","[-50.0, -10.0, 60.0]"
current_vs_2x_aggro,2292,82,"[0, 1, 2]","[""policy_current"", ""aggro"", ""aggro""]","[10.0, -2.0, -8.0]","[5.0, -1.0, -4.0]"
current_vs_2x_aggro,2293,82,"[0, 2, 1]","[""policy_current"", ""aggro"", ""aggro""]","[10.0, -2.0, -8.0]","[5.0, -1.0, -4.0]"
current_vs_2x_aggro,2294,82,"[1, 0, 2]","[""aggro"", ""policy_current"", ""aggro""]","[-68.0, -100.0, 168.0]","[-34.0, -50.0, 84.0]"
current_vs_2x_aggro,2295,82,"[1, 2, 0]","[""aggro"", ""aggro"", ""policy_current""]","[38.0, -38.0, 0.0]","[19.0, -19.0, 0.0]"
current_vs_2x_aggro,2296,82,"[2, 0, 1]","[""aggro"", ""policy_current"", ""aggro""]","[-68.0, -100.0, 168.0]","[-34.0, -50.0, 84.0]"
current_vs_2x_aggro,2297,82,"[2, 1, 0]","[""aggro"", ""aggro"", ""policy_current""]","[38.0, -38.0, 0.0]","[19.0, -19.0, 0.0]"
current_vs_2x_aggro,2298,83,"[0, 1, 2]","[""policy_current"", ""aggro"", ""aggro""]","[-14.0, -20.0, 34.0]","[-7.0, -10.0, 17.0]"
current_vs_2x_aggro,2299,83,"[0, 2, 1]","[""policy_current"", ""aggro"", ""aggro""]","[-14.0, -20.0, 34.0]","[-7.0, -10.0, 17.0]"
current_vs_2x_aggro,2300,83,"[1, 0, 2]","[""aggro"", ""policy_current"", ""aggro""]","[46.0, -20.0, -26.0]","[23.0, -10.0, -13.0]"
current_vs_2x_aggro,2301,83,"[1, 2, 0]","[""aggro"", ""aggro"", ""policy_current""]","[26.0, -26.0, 0.0]","[13.0, -13.0, 0.0]"
current_vs_2x_aggro,2302,83,"[2, 0, 1]","[""aggro"", ""policy_current"", ""aggro""]","[46.0, -20.0, -26.0]","[23.0, -10.0, -13.0]"
current_vs_2x_aggro,2303,83,"[2, 1, 0]","[""aggro"", ""aggro"", ""policy_current""]","[26.0, -26.0, 0.0]","[13.0, -13.0, 0.0]"
current_vs_2x_aggro,2304,84,"[0, 1, 2]","[""policy_current"", ""aggro"", ""aggro""]","[102.0, -2.0, -100.0]","[51.0, -1.0, -50.0]"
current_vs_2x_aggro,2305,84,"[0, 2, 1]","[""policy_current"", ""aggro"", ""aggro""]","[102.0, -2.0, -100.0]","[51.0, -1.0, -50.0]"
current_vs_2x_aggro,2306,84,"[1, 0, 2]","[""aggro"", ""policy_current"", ""aggro""]","[-14.0, -100.0, 114.0]","[-7.0, -50.0, 57.0]"
current_vs_2x_aggro,2307,84,"[1, 2, 0]","[""aggro"", ""aggro"", ""policy_current""]","[-1.0, -2.0, 3.0]","[-0.5, -1.0, 1.5]"
current_vs_2x_aggro,2308,84,"[2, 0, 1]","[""aggro"", ""policy_current"", ""aggro""]","[-14.0, -100.0, 114.0]","[-7.0, -50.0, 57.0]"
current_vs_2x_aggro,2309,84,"[2, 1, 0]","[""aggro"", ""aggro"", ""policy_current""]","[-1.0, -2.0, 3.0]","[-0.5, -1.0, 1.5]"
current_vs_2x_aggro,2310,85,"[0, 1, 2]","[""policy_current"", ""aggro"", ""aggro""]","[-1.0, -14.0, 15.0]","[-0.5, -7.0, 7.5]"
current_vs_2x_aggro,2311,85,"[0, 2, 1]","[""policy_current"", ""aggro"", ""aggro""]","[-1.0, -14.0, 15.0]","[-0.5, -7.0, 7.5]"
current_vs_2x_aggro,2312,85,"[1, 0, 2]","[""aggro"", ""policy_current"", ""aggro""]","[-20.0, 40.0, -20.0]","[-10.0, 20.0, -10.0]"
current_vs_2x_aggro,2313,85,"[1, 2, 0]","[""aggro"", ""aggro"", ""policy_current""]","[-14.0, 14.0, 0.0]","[-7.0, 7.0, 0.0]"
current_vs_2x_aggro,2314,85,"[2, 0, 1]","[""aggro"", ""policy_current"", ""aggro""]","[-20.0, 40.0, -20.0]","[-10.0, 20.0, -10.0]"
current_vs_2x_aggro,2315,85,"[2, 1, 0]","[""aggro"", ""aggro"", ""policy_current""]","[-14.0, 14.0, 0.0]","[-7.0, 7.0, 0.0]"
current_vs_2x_aggro,2316,86,"[0, 1, 2]","[""policy_current"", ""aggro"", ""aggro""]","[-1.0, -2.0, 3.0]","[-0.5, -1.0, 1.5]"
current_vs_2x_aggro,2317,86,"[0, 2, 1]","[""policy_current"", ""aggro"", ""aggro""]","[-1.0, -2.0, 3.0]","[-0.5, -1.0, 1.5]"
current_vs_2x_aggro,2318,86,"[1, 0, 2]","[""aggro"", ""policy_current"", ""aggro""]","[-1.0, -2.0, 3.0]","[-0.5, -1.0, 1.5]"
current_vs_2x_aggro,2319,86,"[1, 2, 0]","[""aggro"", ""aggro"", ""policy_current""]","[26.0, -26.0, 0.0]","[13.0, -13.0, 0.0]"
current_vs_2x_aggro,2320,86,"[2, 0, 1]","[""aggro"", ""policy_current"", ""aggro""]","[-1.0, -2.0, 3.0]","[-0.5, -1.0, 1.5]"
current_vs_2x_aggro,2321,86,"[2, 1, 0]","[""aggro"", ""aggro"", ""policy_current""]","[26.0, -26.0, 0.0]","[13.0, -13.0, 0.0]"
current_vs_2x_aggro,2322,87,"[0, 1, 2]","[""policy_current"", ""aggro"", ""aggro""]","[-1.0, -38.0, 39.0]","[-0.5, -19.0, 19.5]"
current_vs_2x_aggro,2323,87,"[0, 2, 1]","[""policy_current"", ""aggro"", ""aggro""]","[-1.0, -38.0, 39.0]","[-0.5, -19.0, 19.5]"
current_vs_2x_aggro,2324,87,"[1, 0, 2]","[""aggro"", ""policy_current"", ""aggro""]","[52.0, -14.0, -38.0]","[26.0, -7.0, -19.0]"
current_vs_2x_aggro,2325,87,"[1, 2, 0]","[""aggro"", ""aggro"", ""policy_current""]","[-56.0, 58.0, -2.0]","[-28.0, 29.0, -1.0]"
current_vs_2x_aggro,2326,87,"[2, 0, 1]","[""aggro"", ""policy_current"", ""aggro""]","[52.0, -14.0, -38.0]","[26.0, -7.0, -19.0]"
current_vs_2x_aggro,2327,87,"[2, 1, 0]","[""aggro"", ""aggro"", ""policy_current""]","[-56.0, 58.0, -2.0]","[-28.0, 29.0, -1.0]"
current_vs_2x_aggro,2328,88,"[0, 1, 2]","[""policy_current"", ""aggro"", ""aggro""]","[-1.0, -44.0, 45.0]","[-0.5, -22.0, 22.5]"
current_vs_2x_aggro,2329,88,"[0, 2, 1]","[""policy_current"", ""aggro"", ""aggro""]","[-1.0, -44.0, 45.0]","[-0.5, -22.0, 22.5]"
current_vs_2x_aggro,2330,88,"[1, 0, 2]","[""aggro"", ""policy_current"", ""aggro""]","[-26.0, -2.0, 28.0]","[-13.0, -1.0, 14.0]"
current_vs_2x_aggro,2331,88,"[1, 2, 0]","[""aggro"", ""aggro"", ""policy_current""]","[-56.0, 56.0, 0.0]","[-28.0, 28.0, 0.0]"
current_vs_2x_aggro,2332,88,"[2, 0, 1]","[""aggro"", ""policy_current"", ""aggro""]","[-26.0, -2.0, 28.0]","[-13.0, -1.0, 14.0]"
current_vs_2x_aggro,2333,88,"[2, 1, 0]","[""aggro"", ""aggro"", ""policy_current""]","[-56.0, 56.0, 0.0]","[-28.0, 28.0, 0.0]"
current_vs_2x_aggro,2334,89,"[0, 1, 2]","[""policy_current"", ""aggro"", ""aggro""]","[52.0, -26.0, -26.0]","[26.0, -13.0, -13.0]"
current_vs_2x_aggro,2335,89,"[0, 2, 1]","[""policy_current"", ""aggro"", ""aggro""]","[52.0, -26.0, -26.0]","[26.0, -13.0, -13.0]"
current_vs_2x_aggro,2336,89,"[1, 0, 2]","[""aggro"", ""policy_current"", ""aggro""]","[70.0, -20.0, -50.0]","[35.0, -10.0, -25.0]"
current_vs_2x_aggro,2337,89,"[1, 2, 0]","[""aggro"", ""aggro"", ""policy_current""]","[31.0, 31.0, -62.0]","[15.5, 15.5, -31.0]"
current_vs_2x_aggro,2338,89,"[2, 0, 1]","[""aggro"", ""policy_current"", ""aggro""]","[70.0, -20.0, -50.0]","[35.0, -10.0, -25.0]"
current_vs_2x_aggro,2339,89,"[2, 1, 0]","[""aggro"", ""aggro"", ""policy_current""]","[31.0, 31.0, -62.0]","[15.5, 15.5, -31.0]"
current_vs_2x_aggro,2340,90,"[0, 1, 2]","[""policy_current"", ""aggro"", ""aggro""]","[-100.0, 120.0, -20.0]","[-50.0, 60.0, -10.0]"
current_vs_2x_aggro,2341,90,"[0, 2, 1]","[""policy_current"", ""aggro"", ""aggro""]","[-100.0, 120.0, -20.0]","[-50.0, 60.0, -10.0]"
current_vs_2x_aggro,2342,90,"[1, 0, 2]","[""aggro"", ""policy_current"", ""aggro""]","[-100.0, 120.0, -20.0]","[-50.0, 60.0, -10.0]"
current_vs_2x_aggro,2343,90,"[1, 2, 0]","[""aggro"", ""aggro"", ""policy_current""]","[-100.0, 100.0, 0.0]","[-50.0, 50.0, 0.0]"
current_vs_2x_aggro,2344,90,"[2, 0, 1]","[""aggro"", ""policy_current"", ""aggro""]","[-100.0, 120.0, -20.0]","[-50.0, 60.0, -10.0]"
current_vs_2x_aggro,2345,90,"[2, 1, 0]","[""aggro"", ""aggro"", ""policy_current""]","[-100.0, 100.0, 0.0]","[-50.0, 50.0, 0.0]"
current_vs_2x_aggro,2346,91,"[0, 1, 2]","[""policy_current"", ""aggro"", ""aggro""]","[-20.0, -26.0, 46.0]","[-10.0, -13.0, 23.0]"
current_vs_2x_aggro,2347,91,"[0, 2, 1]","[""policy_current"", ""aggro"", ""aggro""]","[-20.0, -26.0, 46.0]","[-10.0, -13.0, 23.0]"
current_vs_2x_aggro,2348,91,"[1, 0, 2]","[""aggro"", ""policy_current"", ""aggro""]","[-26.0, -14.0, 40.0]","[-13.0, -7.0, 20.0]"
current_vs_2x_aggro,2349,91,"[1, 2, 0]","[""aggro"", ""aggro"", ""policy_current""]","[50.0, -50.0, 0.0]","[25.0, -25.0, 0.0]"
current_vs_2x_aggro,2350,91,"[2, 0, 1]","[""aggro"", ""policy_current"", ""aggro""]","[-26.0, -14.0, 40.0]","[-13.0, -7.0, 20.0]"
current_vs_2x_aggro,2351,91,"[2, 1, 0]","[""aggro"", ""aggro"", ""policy_current""]","[50.0, -50.0, 0.0]","[25.0, -25.0, 0.0]"
current_vs_2x_aggro,2352,92,"[0, 1, 2]","[""policy_current"", ""aggro"", ""aggro""]","[-1.0, -26.0, 27.0]","[-0.5, -13.0, 13.5]"
current_vs_2x_aggro,2353,92,"[0, 2, 1]","[""policy_current"", ""aggro"", ""aggro""]","[-1.0, -26.0, 27.0]","[-0.5, -13.0, 13.5]"
current_vs_2x_aggro,2354,92,"[1, 0, 2]","[""aggro"", ""policy_current"", ""aggro""]","[10.0, -2.0, -8.0]","[5.0, -1.0, -4.0]"
current_vs_2x_aggro,2355,92,"[1, 2, 0]","[""aggro"", ""aggro"", ""policy_current""]","[-20.0, 20.0, 0.0]","[-10.0, 10.0, 0.0]"
current_vs_2x_aggro,2356,92,"[2, 0, 1]","[""aggro"", ""policy_current"", ""aggro""]","[10.0, -2.0, -8.0]","[5.0, -1.0, -4.0]"
current_vs_2x_aggro,2357,92,"[2, 1, 0]","[""aggro"", ""aggro"", ""policy_current""]","[-20.0, 20.0, 0.0]","[-10.0, 10.0, 0.0]"
current_vs_2x_aggro,2358,93,"[0, 1, 2]","[""policy_current"", ""aggro"", ""aggro""]","[34.0, -14.0, -20.0]","[17.0, -7.0, -10.0]"
current_vs_2x_aggro,2359,93,"[0, 2, 1]","[""policy_current"", ""aggro"", ""aggro""]","[34.0, -14.0, -20.0]","[17.0, -7.0, -10.0]"
current_vs_2x_aggro,2360,93,"[1, 0, 2]","[""aggro"", ""policy_current"", ""aggro""]","[-14.0, 40.0, -26.0]","[-7.0, 20.0, -13.0]"
current_vs_2x_aggro,2361,93,"[1, 2, 0]","[""aggro"", ""aggro"", ""policy_current""]","[-20.0, 20.0, 0.0]","[-10.0, 10.0, 0.0]"
current_vs_2x_aggro,2362,93,"[2, 0, 1]","[""aggro"", ""policy_current"", ""aggro""]","[-14.0, 40.0, -26.0]","[-7.0, 20.0, -13.0]"
current_vs_2x_aggro,2363,93,"[2, 1, 0]","[""aggro"", ""aggro"", ""policy_current""]","[-20.0, 20.0, 0.0]","[-10.0, 10.0, 0.0]"
current_vs_2x_aggro,2364,94,"[0, 1, 2]","[""policy_current"", ""aggro"", ""aggro""]","[-1.0, 57.0, -56.0]","[-0.5, 28.5, -28.0]"
current_vs_2x_aggro,2365,94,"[0, 2, 1]","[""policy_current"", ""aggro"", ""aggro""]","[-1.0, 57.0, -56.0]","[-0.5, 28.5, -28.0]"
current_vs_2x_aggro,2366,94,"[1, 0, 2]","[""aggro"", ""policy_current"", ""aggro""]","[58.0, -2.0, -56.0]","[29.0, -1.0, -28.0]"
current_vs_2x_aggro,2367,94,"[1, 2, 0]","[""aggro"", ""aggro"", ""policy_current""]","[26.0, -26.0, 0.0]","[13.0, -13.0, 0.0]"
current_vs_2x_aggro,2368,94,"[2, 0, 1]","[""aggro"", ""policy_current"", ""aggro""]","[58.0, -2.0, -56.0]","[29.0, -1.0, -28.0]"
current_vs_2x_aggro,2369,94,"[2, 1, 0]","[""aggro"", ""aggro"", ""policy_current""]","[26.0, -26.0, 0.0]","[13.0, -13.0, 0.0]"
current_vs_2x_aggro,2370,95,"[0, 1, 2]","[""policy_current"", ""aggro"", ""aggro""]","[-1.0, 33.0, -32.0]","[-0.5, 16.5, -16.0]"
current_vs_2x_aggro,2371,95,"[0, 2, 1]","[""policy_current"", ""aggro"", ""aggro""]","[-1.0, 33.0, -32.0]","[-0.5, 16.5, -16.0]"
current_vs_2x_aggro,2372,95,"[1, 0, 2]","[""aggro"", ""policy_current"", ""aggro""]","[-26.0, -14.0, 40.0]","[-13.0, -7.0, 20.0]"
current_vs_2x_aggro,2373,95,"[1, 2, 0]","[""aggro"", ""aggro"", ""policy_current""]","[32.0, -32.0, 0.0]","[16.0, -16.0, 0.0]"
current_vs_2x_aggro,2374,95,"[2, 0, 1]","[""aggro"", ""policy_current"", ""aggro""]","[-26.0, -14.0, 40.0]","[-13.0, -7.0, 20.0]"
current_vs_2x_aggro,2375,95,"[2, 1, 0]","[""aggro"", ""aggro"", ""policy_current""]","[32.0, -32.0, 0.0]","[16.0, -16.0, 0.0]"
current_vs_2x_aggro,2376,96,"[0, 1, 2]","[""policy_current"", ""aggro"", ""aggro""]","[-100.0, -2.0, 102.0]","[-50.0, -1.0, 51.0]"
current_vs_2x_aggro,2377,96,"[0, 2, 1]","[""policy_current"", ""aggro"", ""aggro""]","[-100.0, -2.0, 102.0]","[-50.0, -1.0, 51.0]"
current_vs_2x_aggro,2378,96,"[1, 0, 2]","[""aggro"", ""policy_current"", ""aggro""]","[-14.0, -100.0, 114.0]","[-7.0, -50.0, 57.0]"
current_vs_2x_aggro,2379,96,"[1, 2, 0]","[""aggro"", ""aggro"", ""policy_current""]","[-1.0, -2.0, 3.0]","[-0.5, -1.0, 1.5]"
current_vs_2x_aggro,2380,96,"[2, 0, 1]","[""aggro"", ""policy_current"", ""aggro""]","[-14.0, -100.0, 114.0]","[-7.0, -50.0, 57.0]"
current_vs_2x_aggro,2381,96,"[2, 1, 0]","[""aggro"", ""aggro"", ""policy_current""]","[-1.0, -2.0, 3.0]","[-0.5, -1.0, 1.5]"
current_vs_2x_aggro,2382,97,"[0, 1, 2]","[""policy_current"", ""aggro"", ""aggro""]","[-1.0, 101.0, -100.0]","[-0.5, 50.5, -50.0]"
current_vs_2x_aggro,2383,97,"[0, 2, 1]","[""policy_current"", ""aggro"", ""aggro""]","[-1.0, 101.0, -100.0]","[-0.5, 50.5, -50.0]"
current_vs_2x_aggro,2384,97,"[1, 0, 2]","[""aggro"", ""policy_current"", ""aggro""]","[-26.0, -2.0, 28.0]","[-13.0, -1.0, 14.0]"
current_vs_2x_aggro,2385,97,"[1, 2, 0]","[""aggro"", ""aggro"", ""policy_current""]","[-26.0, 126.0, -100.0]","[-13.0, 63.0, -50.0]"
current_vs_2x_aggro,2386,97,"[2, 0, 1]","[""aggro"", ""policy_current"", ""aggro""]","[-26.0, -2.0, 28.0]","[-13.0, -1.0, 14.0]"
current_vs_2x_aggro,2387,97,"[2, 1, 0]","[""aggro"", ""aggro"", ""policy_current""]","[-26.0, 126.0, -100.0]","[-13.0, 63.0, -50.0]"
current_vs_2x_aggro,2388,98,"[0, 1, 2]","[""policy_current"", ""aggro"", ""aggro""]","[-14.0, -44.0, 58.0]","[-7.0, -22.0, 29.0]"
current_vs_2x_aggro,2389,98,"[0, 2, 1]","[""policy_current"", ""aggro"", ""aggro""]","[-14.0, -44.0, 58.0]","[-7.0, -22.0, 29.0]"
current_vs_2x_aggro,2390,98,"[1, 0, 2]","[""aggro"", ""policy_current"", ""aggro""]","[10.0, -2.0, -8.0]","[5.0, -1.0, -4.0]"
current_vs_2x_aggro,2391,98,"[1, 2, 0]","[""aggro"", ""aggro"", ""policy_current""]","[-32.0, 32.0, 0.0]","[-16.0, 16.0, 0.0]"
current_vs_2x_aggro,2392,98,"[2, 0, 1]","[""aggro"", ""policy_current"", ""aggro""]","[10.0, -2.0, -8.0]","[5.0, -1.0, -4.0]"
current_vs_2x_aggro,2393,98,"[2, 1, 0]","[""aggro"", ""aggro"", ""policy_current""]","[-32.0, 32.0, 0.0]","[-16.0, 16.0, 0.0]"
current_vs_2x_aggro,2394,99,"[0, 1, 2]","[""policy_current"", ""aggro"", ""aggro""]","[-14.0, -2.0, 16.0]","[-7.0, -1.0, 8.0]"
current_vs_2x_aggro,2395,99,"[0, 2, 1]","[""policy_current"", ""aggro"", ""aggro""]","[-14.0, -2.0, 16.0]","[-7.0, -1.0, 8.0]"
current_vs_2x_aggro,2396,99,"[1, 0, 2]","[""aggro"", ""policy_current"", ""aggro""]","[-14.0, 22.0, -8.0]","[-7.0, 11.0, -4.0]"
current_vs_2x_aggro,2397,99,"[1, 2, 0]","[""aggro"", ""aggro"", ""policy_current""]","[-1.0, -2.0, 3.0]","[-0.5, -1.0, 1.5]"
current_vs_2x_aggro,2398,99,"[2, 0, 1]","[""aggro"", ""policy_current"", ""aggro""]","[-14.0, 22.0, -8.0]","[-7.0, 11.0, -4.0]"
current_vs_2x_aggro,2399,99,"[2, 1, 0]","[""aggro"", ""aggro"", ""policy_current""]","[-1.0, -2.0, 3.0]","[-0.5, -1.0, 1.5]"
current_vs_2x_shove_fold,2400,0,"[0, 1, 2]","[""policy_current"", ""shove_fold"", ""shove_fold""]","[-1.0, 101.0, -100.0]","[-0.5, 50.5, -50.0]"
current_vs_2x_shove_fold,2401,0,"[0, 2, 1]","[""policy_current"", ""shove_fold"", ""shove_fold""]","[-1.0, 101.0, -100.0]","[-0.5, 50.5, -50.0]"
current_vs_2x_shove_fold,2402,0,"[1, 0, 2]","[""shove_fold"", ""policy_current"", ""shove_fold""]","[-1.0, -2.0, 3.0]","[-0.5, -1.0, 1.5]"
current_vs_2x_shove_fold,2403,0,"[1, 2, 0]","[""shove_fold"", ""shove_fold"", ""policy_current""]","[-1.0, 3.0, -2.0]","[-0.5, 1.5, -1.0]"
current_vs_2x_shove_fold,2404,0,"[2, 0, 1]","[""shove_fold"", ""policy_current"", ""shove_fold""]","[-1.0, -2.0, 3.0]","[-0.5, -1.0, 1.5]"
current_vs_2x_shove_fold,2405,0,"[2, 1, 0]","[""shove_fold"", ""shove_fold"", ""policy_current""]","[-1.0, 3.0, -2.0]","[-0.5, 1.5, -1.0]"
current_vs_2x_shove_fold,2406,1,"[0, 1, 2]","[""policy_current"", ""shove_fold"", ""shove_fold""]","[-1.0, 1.0, 0.0]","[-0.5, 0.5, 0.0]"
current_vs_2x_shove_fold,2407,1,"[0, 2, 1]","[""policy_current"", ""shove_fold"", ""shove_fold""]","[-1.0, 1.0, 0.0]","[-0.5, 0.5, 0.0]"
current_vs_2x_shove_fold,2408,1,"[1, 0, 2]","[""shove_fold"", ""policy_current"", ""shove_fold""]","[-1.0, 1.0, 0.0]","[-0.5, 0.5, 0.0]"
current_vs_2x_shove_fold,2409,1,"[1, 2, 0]","[""shove_fold"", ""shove_fold"", ""policy_current""]","[-1.0, 1.0, 0.0]","[-0.5, 0.5, 0.0]"
current_vs_2x_shove_fold,2410,1,"[2, 0, 1]","[""shove_fold"", ""policy_current"", ""shove_fold""]","[-1.0, 1.0, 0.0]","[-0.5, 0.5, 0.0]"
current_vs_2x_shove_fold,2411,1,"[2, 1, 0]","[""shove_fold"", ""shove_fold"", ""policy_current""]","[-1.0, 1.0, 0.0]","[-0.5, 0.5, 0.0]"
current_vs_2x_shove_fold,2412,2,"[0, 1, 2]","[""policy_current"", ""shove_fold"", ""shove_fold""]","[-1.0, -100.0, 101.0]","[-0.5, -50.0, 50.5]"
current_vs_2x_shove_fold,2413,2,"[0, 2, 1]","[""policy_current"", ""shove_fold"", ""shove_fold""]","[-1.0, -100.0, 101.0]","[-0.5, -50.0, 50.5]"
current_vs_2x_shove_fold,2414,2,"[1, 0, 2]","[""shove_fold"", ""policy_current"", ""shove_fold""]","[-1.0, -2.0, 3.0]","[-0.5, -1.0, 1.5]"
current_vs_2x_shove_fold,2415,2,"[1, 2, 0]","[""shove_fold"", ""shove_fold"", ""policy_current""]","[-1.0, -100.0, 101.0]","[-0.5, -50.0, 50.5]"
current_vs_2x_shove_fold,2416,2,"[2, 0, 1]","[""shove_fold"", ""policy_current"", ""shove_fold""]","[-1.0, -2.0, 3.0]","[-0.5, -1.0, 1.5]"
current_vs_2x_shove_fold,2417,2,"[2, 1, 0]","[""shove_fold"", ""shove_fold"", ""policy_current""]","[-1.0, -100.0, 101.0]","[-0.5, -50.0, 50.5]"
current_vs_2x_shove_fold,2418,3,"[0, 1, 2]","[""policy_current"", ""shove_fold"", ""shove_fold""]","[-100.0, -2.0, 102.0]","[-50.0, -1.0, 51.0]"
current_vs_2x_shove_fold,2419,3,"[0, 2, 1]","[""policy_current"", ""shove_fold"", ""shove_fold""]","[-100.0, -2.0, 102.0]","[-50.0, -1.0, 51.0]"
current_vs_2x_shove_fold,2420,3,"[1, 0, 2]","[""shove_fold"", ""policy_current"", ""shove_fold""]","[-100.0, -2.0, 102.0]","[-50.0, -1.0, 51.0]"
current_vs_2x_shove_fold,2421,3,"[1, 2, 0]","[""shove_fold"", ""shove_fold"", ""policy_current""]","[10.0, -2.0, -8.0]","[5.0, -1.0, -4.0]"
current_vs_2x_shove_fold,2422,3,"[2, 0, 1]","[""shove_fold"", ""policy_current"", ""shove_fold""]","[-100.0, -2.0, 102.0]","[-50.0, -1.0, 51.0]"
current_vs_2x_shove_fold,2423,3,"[2, 1, 0]","[""shove_fold"", ""shove_fold"", ""policy_current""]","[10.0, -2.0, -8.0]","[5.0, -1.0, -4.0]"
current_vs_2x_shove_fold,2424,4,"[0, 1, 2]","[""policy_current"", ""shove_fold"", ""shove_fold""]","[-1.0, 1.0, 0.0]","[-0.5, 0.5, 0.0]"
current_vs_2x_shove_fold,2425,4,"[0, 2, 1]","[""policy_current"", ""shove_fold"", ""shove_fold""]","[-1.0, 1.0, 0.0]","[-0.5, 0.5, 0.0]"
current_vs_2x_shove_fold,2426,4,"[1, 0, 2]","[""shove_fold"", ""policy_current"", ""shove_fold""]","[-1.0, 1.0, 0.0]","[-0.5, 0.5, 0.0]"
current_vs_2x_shove_fold,2427,4,"[1, 2, 0]","[""shove_fold"", ""shove_fold"", ""policy_current""]","[-1.0, 3.0, -2.0]","[-0.5, 1.5, -1.0]"
current_vs_2x_shove_fold,2428,4,"[2, 0, 1]","[""shove_fold"", ""policy_current"", ""shove_fold""]","[-1.0, 1.0, 0.0]","[-0.5, 0.5, 0.0]"
current_vs_2x_shove_fold,2429,4,"[2, 1, 0]","[""shove_fold"", ""shove_fold"", ""policy_current""]","[-1.0, 3.0, -2.0]","[-0.5, 1.5, -1.0]"
current_vs_2x_shove_fold,2430,5,"[0, 1, 2]","[""policy_current"", ""shove_fold"", ""shove_fold""]","[-1.0, 1.0, 0.0]","[-0.5, 0.5, 0.0]"
current_vs_2x_shove_fold,2431,5,"[0, 2, 1]","[""policy_current"", ""shove_fold"", ""shove_fold""]","[-1.0, 1.0, 0.0]","[-0.5, 0.5, 0.0]"
current_vs_2x_shove_fold,2432,5,"[1, 0, 2]","[""shove_fold"", ""policy_current"", ""shove_fold""]","[-1.0, 1.0, 0.0]","[-0.5, 0.5, 0.0]"
current_vs_2x_shove_fold,2433,5,"[1, 2, 0]","[""shove_fold"", ""shove_fold"", ""policy_current""]","[-1.0, 1.0, 0.0]","[-0.5, 0.5, 0.0]"
current_vs_2x_shove_fold,2434,5,"[2, 0, 1]","[""shove_fold"", ""policy_current"", ""shove_fold""]","[-1.0, 1.0, 0.0]","[-0.5, 0.5, 0.0]"
current_vs_2x_shove_fold,2435,5,"[2, 1, 0]","[""shove_fold"", ""shove_fold"", ""policy_current""]","[-1.0, 1.0, 0.0]","[-0.5, 0.5, 0.0]"
current_vs_2x_shove_fold,2436,6,"[0, 1, 2]","[""policy_current"", ""shove_fold"", ""shove_fold""]","[-1.0, 1.0, 0.0]","[-0.5, 0.5, 0.0]"
current_vs_2x_shove_fold,2437,6,"[0, 2, 1]","[""policy_current"", ""shove_fold"", ""shove_fold""]","[-1.0, 1.0, 0.0]","[-0.5, 0.5, 0.0]"
current_vs_2x_shove_fold,2438,6,"[1, 0, 2]","[""shove_fold"", ""policy_current"", ""shove_fold""]","[-1.0, 1.0, 0.0]","[-0.5, 0.5, 0.0]"
current_vs_2x_shove_fold,2439,6,"[1, 2, 0]","[""shove_fold"", ""shove_fold"", ""policy_current""]","[-1.0, 1.0, 0.0]","[-0.5, 0.5, 0.0]"
current_vs_2x_shove_fold,2440,6,"[2, 0, 1]","[""shove_fold"", ""policy_current"", ""shove_fold""]","[-1.0, 1.0, 0.0]","[-0.5, 0.5, 0.0]"
current_vs_2x_shove_fold,2441,6,"[2, 1, 0]","[""shove_fold"", ""shove_fold"", ""policy_current""]","[-1.0, 1.0, 0.0]","[-0.5, 0.5, 0.0]"
current_vs_2x_shove_fold,2442,7,"[0, 1, 2]","[""policy_current"", ""shove_fold"", ""shove_fold""]","[-1.0, 1.0, 0.0]","[-0.5, 0.5, 0.0]"
current_vs_2x_shove_fold,2443,7,"[0, 2, 1]","[""policy_current"", ""shove_fold"", ""shove_fold""]","[-1.0, 1.0, 0.0]","[-0.5, 0.5, 0.0]"
current_vs_2x_shove_fold,2444,7,"[1, 0, 2]","[""shove_fold"", ""policy_current"", ""shove_fold""]","[2.0, -2.0, 0.0]","[1.0, -1.0, 0.0]"
current_vs_2x_shove_fold,2445,7,"[1, 2, 0]","[""shove_fold"", ""shove_fold"", ""policy_current""]","[2.0, -2.0, 0.0]","[1.0, -1.0, 0.0]"
current_vs_2x_shove_fold,2446,7,"[2, 0, 1]","[""shove_fold"", ""policy_current"", ""shove_fold""]","[2.0, -2.0, 0.0]","[1.0, -1.0, 0.0]"
current_vs_2x_shove_fold,2447,7,"[2, 1, 0]","[""shove_fold"", ""shove_fold"", ""policy_current""]","[2.0, -2.0, 0.0]","[1.0, -1.0, 0.0]"
current_vs_2x_shove_fold,2448,8,"[0, 1, 2]","[""policy_current"", ""shove_fold"", ""shove_fold""]","[102.0, -2.0, -100.0]","[51.0, -1.0, -50.0]"
current_vs_2x_shove_fold,2449,8,"[0, 2, 1]","[""policy_current"", ""shove_fold"", ""shove_fold""]","[102.0, -2.0, -100.0]","[51.0, -1.0, -50.0]"
current_vs_2x_shove_fold,2450,8,"[1, 0, 2]","[""shove_fold"", ""policy_current"", ""shove_fold""]","[-1.0, -100.0, 101.0]","[-0.5, -50.0, 50.5]"
current_vs_2x_shove_fold,2451,8,"[1, 2, 0]","[""shove_fold"", ""shove_fold"", ""policy_current""]","[-1.0, -2.0, 3.0]","[-0.5, -1.0, 1.5]"
current_vs_2x_shove_fold,2452,8,"[2, 0, 1]","[""shove_fold"", ""policy_current"", ""shove_fold""]","[-1.0, -100.0, 101.0]","[-0.5, -50.0, 50.5]"
current_vs_2x_shove_fold,2453,8,"[2, 1, 0]","[""shove_fold"", ""shove_fold"", ""policy_current""]","[-1.0, -2.0, 3.0]","[-0.5, -1.0, 1.5]"
current_vs_2x_shove_fold,2454,9,"[0, 1, 2]","[""policy_current"", ""shove_fold"", ""shove_fold""]","[-1.0, 1.0, 0.0]","[-0.5, 0.5, 0.0]"
current_vs_2x_shove_fold,2455,9,"[0, 2, 1]","[""policy_current"", ""shove_fold"", ""shove_fold""]","[-1.0, 1.0, 0.0]","[-0.5, 0.5, 0.0]"
current_vs_2x_shove_fold,2456,9,"[1, 0, 2]","[""shove_fold"", ""policy_current"", ""shove_fold""]","[-1.0, 1.0, 0.0]","[-0.5, 0.5, 0.0]"
current_vs_2x_shove_fold,2457,9,"[1, 2, 0]","[""shove_fold"", ""shove_fold"", ""policy_current""]","[-1.0, 1.0, 0.0]","[-0.5, 0.5, 0.0]"
current_vs_2x_shove_fold,2458,9,"[2, 0, 1]","[""shove_fold"", ""policy_current"", ""shove_fold""]","[-1.0, 1.0, 0.0]","[-0.5, 0.5, 0.0]"
current_vs_2x_shove_fold,2459,9,"[2, 1, 0]","[""shove_fold"", ""shove_fold"", ""policy_current""]","[-1.0, 1.0, 0.0]","[-0.5, 0.5, 0.0]"
current_vs_2x_shove_fold,2460,10,"[0, 1, 2]","[""policy_current"", ""shove_fold"", ""shove_fold""]","[2.0, -2.0, 0.0]","[1.0, -1.0, 0.0]"
current_vs_2x_shove_fold,2461,10,"[0, 2, 1]","[""policy_current"", ""shove_fold"", ""shove_fold""]","[2.0, -2.0, 0.0]","[1.0, -1.0, 0.0]"
current_vs_2x_shove_fold,2462,10,"[1, 0, 2]","[""shove_fold"", ""policy_current"", ""shove_fold""]","[-1.0, 1.0, 0.0]","[-0.5, 0.5, 0.0]"
current_vs_2x_shove_fold,2463,10,"[1, 2, 0]","[""shove_fold"", ""shove_fold"", ""policy_current""]","[-1.0, -2.0, 3.0]","[-0.5, -1.0, 1.5]"
current_vs_2x_shove_fold,2464,10,"[2, 0, 1]","[""shove_fold"", ""policy_current"", ""shove_fold""]","[-1.0, 1.0, 0.0]","[-0.5, 0.5, 0.0]"
current_vs_2x_shove_fold,2465,10,"[2, 1, 0]","[""shove_fold"", ""shove_fold"", ""policy_current""]","[-1.0, -2.0, 3.0]","[-0.5, -1.0, 1.5]"
current_vs_2x_shove_fold,2466,11,"[0, 1, 2]","[""policy_current"", ""shove_fold"", ""shove_fold""]","[-1.0, 1.0, 0.0]","[-0.5, 0.5, 0.0]"
current_vs_2x_shove_fold,2467,11,"[0, 2, 1]","[""policy_current"", ""shove_fold"", ""shove_fold""]","[-1.0, 1.0, 0.0]","[-0.5, 0.5, 0.0]"
current_vs_2x_shove_fold,2468,11,"[1, 0, 2]","[""shove_fold"", ""policy_current"", ""shove_fold""]","[-1.0, 1.0, 0.0]","[-0.5, 0.5, 0.0]"
current_vs_2x_shove_fold,2469,11,"[1, 2, 0]","[""shove_fold"", ""shove_fold"", ""policy_current""]","[-1.0, 1.0, 0.0]","[-0.5, 0.5, 0.0]"
current_vs_2x_shove_fold,2470,11,"[2, 0, 1]","[""shove_fold"", ""policy_current"", ""shove_fold""]","[-1.0, 1.0, 0.0]","[-0.5, 0.5, 0.0]"
current_vs_2x_shove_fold,2471,11,"[2, 1, 0]","[""shove_fold"", ""shove_fold"", ""policy_current""]","[-1.0, 1.0, 0.0]","[-0.5, 0.5, 0.0]"
current_vs_2x_shove_fold,2472,12,"[0, 1, 2]","[""policy_current"", ""shove_fold"", ""shove_fold""]","[2.0, -2.0, 0.0]","[1.0, -1.0, 0.0]"
current_vs_2x_shove_fold,2473,12,"[0, 2, 1]","[""policy_current"", ""shove_fold"", ""shove_fold""]","[2.0, -2.0, 0.0]","[1.0, -1.0, 0.0]"
current_vs_2x_shove_fold,2474,12,"[1, 0, 2]","[""shove_fold"", ""policy_current"", ""shove_fold""]","[100.0, -100.0, 0.0]","[50.0, -50.0, 0.0]"
current_vs_2x_shove_fold,2475,12,"[1, 2, 0]","[""shove_fold"", ""shove_fold"", ""policy_current""]","[-100.0, -2.0, 102.0]","[-50.0, -1.0, 51.0]"
current_vs_2x_shove_fold,2476,12,"[2, 0, 1]","[""shove_fold"", ""policy_current"", ""shove_fold""]","[100.0, -100.0, 0.0]","[50.0, -50.0, 0.0]"
current_vs_2x_shove_fold,2477,12,"[2, 1, 0]","[""shove_fold"", ""shove_fold"", ""policy_current""]","[-100.0, -2.0, 102.0]","[-50.0, -1.0, 51.0]"
current_vs_2x_shove_fold,2478,13,"[0, 1, 2]","[""policy_current"", ""shove_fold"", ""shove_fold""]","[-1.0, 1.0, 0.0]","[-0.5, 0.5, 0.0]"
current_vs_2x_shove_fold,2479,13,"[0, 2, 1]","[""policy_current"", ""shove_fold"", ""shove_fold""]","[-1.0, 1.0, 0.0]","[-0.5, 0.5, 0.0]"
current_vs_2x_shove_fold,2480,13,"[1, 0, 2]","[""shove_fold"", ""policy_current"", ""shove_fold""]","[-1.0, 1.0, 0.0]","[-0.5, 0.5, 0.0]"
current_vs_2x_shove_fold,2481,13,"[1, 2, 0]","[""shove_fold"", ""shove_fold"", ""policy_current""]","[-1.0, 1.0, 0.0]","[-0.5, 0.5, 0.0]"
current_vs_2x_shove_fold,2482,13,"[2, 0, 1]","[""shove_fold"", ""policy_current"", ""shove_fold""]","[-1.0, 1.0, 0.0]","[-0.5, 0.5, 0.0]"
current_vs_2x_shove_fold,2483,13,"[2, 1, 0]","[""shove_fold"", ""shove_fold"", ""policy_current""]","[-1.0, 1.0, 0.0]","[-0.5, 0.5, 0.0]"
current_vs_2x_shove_fold,2484,14,"[0, 1, 2]","[""policy_current"", ""shove_fold"", ""shove_fold""]","[-8.0, 8.0, 0.0]","[-4.0, 4.0, 0.0]"
current_vs_2x_shove_fold,2485,14,"[0, 2, 1]","[""policy_current"", ""shove_fold"", ""shove_fold""]","[-8.0, 8.0, 0.0]","[-4.0, 4.0, 0.0]"
current_vs_2x_shove_fold,2486,14,"[1, 0, 2]","[""shove_fold"", ""policy_current"", ""shove_fold""]","[-1.0, 1.0, 0.0]","[-0.5, 0.5, 0.0]"
current_vs_2x_shove_fold,2487,14,"[1, 2, 0]","[""shove_fold"", ""shove_fold"", ""policy_current""]","[-1.0, 9.0, -8.0]","[-0.5, 4.5, -4.0]"
current_vs_2x_shove_fold,2488,14,"[2, 0, 1]","[""shove_fold"", ""policy_current"", ""shove_fold""]","[-1.0, 1.0, 0.0]","[-0.5, 0.5, 0.0]"
current_vs_2x_shove_fold,2489,14,"[2, 1, 0]","[""shove_fold"", ""shove_fold"", ""policy_current""]","[-1.0, 9.0, -8.0]","[-0.5, 4.5, -4.0]"
current_vs_2x_shove_fold,2490,15,"[0, 1, 2]","[""policy_current"", ""shove_fold"", ""shove_fold""]","[-1.0, 1.0, 0.0]","[-0.5, 0.5, 0.0]"
current_vs_2x_shove_fold,2491,15,"[0, 2, 1]","[""policy_current"", ""shove_fold"", ""shove_fold""]","[-1.0, 1.0, 0.0]","[-0.5, 0.5, 0.0]"
current_vs_2x_shove_fold,2492,15,"[1, 0, 2]","[""shove_fold"", ""policy_current"", ""shove_fold""]","[2.0, -2.0, 0.0]","[1.0, -1.0, 0.0]"
current_vs_2x_shove_fold,2493,15,"[1, 2, 0]","[""shove_fold"", ""shove_fold"", ""policy_current""]","[2.0, -2.0, 0.0]","[1.0, -1.0, 0.0]"
current_vs_2x_shove_fold,2494,15,"[2, 0, 1]","[""shove_fold"", ""policy_current"", ""shove_fold""]","[2.0, -2.0, 0.0]","[1.0, -1.0, 0.0]"
current_vs_2x_shove_fold,2495,15,"[2, 1, 0]","[""shove_fold"", ""shove_fold"", ""policy_current""]","[2.0, -2.0, 0.0]","[1.0, -1.0, 0.0]"
current_vs_2x_shove_fold,2496,16,"[0, 1, 2]","[""policy_current"", ""shove_fold"", ""shove_fold""]","[-1.0, -2.0, 3.0]","[-0.5, -1.0, 1.5]"
current_vs_2x_shove_fold,2497,16,"[0, 2, 1]","[""policy_current"", ""shove_fold"", ""shove_fold""]","[-1.0, -2.0, 3.0]","[-0.5, -1.0, 1.5]"
current_vs_2x_shove_fold,2498,16,"[1, 0, 2]","[""shove_fold"", ""policy_current"", ""shove_fold""]","[-1.0, -2.0, 3.0]","[-0.5, -1.0, 1.5]"
current_vs_2x_shove_fold,2499,16,"[1, 2, 0]","[""shove_fold"", ""shove_fold"", ""policy_current""]","[-1.0, -2.0, 3.0]","[-0.5, -1.0, 1.5]"
current_vs_2x_shove_fold,2500,16,"[2, 0, 1]","[""shove_fold"", ""policy_current"", ""shove_fold""]","[-1.0, -2.0, 3.0]","[-0.5, -1.0, 1.5]"
current_vs_2x_shove_fold,2501,16,"[2, 1, 0]","[""shove_fold"", ""shove_fold"", ""policy_current""]","[-1.0, -2.0, 3.0]","[-0.5, -1.0, 1.5]"
current_vs_2x_shove_fold,2502,17,"[0, 1, 2]","[""policy_current"", ""shove_fold"", ""shove_fold""]","[-100.0, 200.0, -100.0]","[-50.0, 100.0, -50.0]"
current_vs_2x_shove_fold,2503,17,"[0, 2, 1]","[""policy_current"", ""shove_fold"", ""shove_fold""]","[-100.0, 200.0, -100.0]","[-50.0, 100.0, -50.0]"
current_vs_2x_shove_fold,2504,17,"[1, 0, 2]","[""shove_fold"", ""policy_current"", ""shove_fold""]","[-1.0, 101.0, -100.0]","[-0.5, 50.5, -50.0]"
current_vs_2x_shove_fold,2505,17,"[1, 2, 0]","[""shove_fold"", ""shove_fold"", ""policy_current""]","[-1.0, 101.0, -100.0]","[-0.5, 50.5, -50.0]"
current_vs_2x_shove_fold,2506,17,"[2, 0, 1]","[""shove_fold"", ""policy_current"", ""shove_fold""]","[-1.0, 101.0, -100.0]","[-0.5, 50.5, -50.0]"
current_vs_2x_shove_fold,2507,17,"[2, 1, 0]","[""shove_fold"", ""shove_fold"", ""policy_current""]","[-1.0, 101.0, -100.0]","[-0.5, 50.5, -50.0]"
current_vs_2x_shove_fold,2508,18,"[0, 1, 2]","[""policy_current"", ""shove_fold"", ""shove_fold""]","[-1.0, -2.0, 3.0]","[-0.5, -1.0, 1.5]"
current_vs_2x_shove_fold,2509,18,"[0, 2, 1]","[""policy_current"", ""shove_fold"", ""shove_fold""]","[-1.0, -2.0, 3.0]","[-0.5, -1.0, 1.5]"
current_vs_2x_shove_fold,2510,18,"[1, 0, 2]","[""shove_fold"", ""policy_current"", ""shove_fold""]","[-1.0, -2.0, 3.0]","[-0.5, -1.0, 1.5]"
current_vs_2x_shove_fold,2511,18,"[1, 2, 0]","[""shove_fold"", ""shove_fold"", ""policy_current""]","[-1.0, 1.0, 0.0]","[-0.5, 0.5, 0.0]"
current_vs_2x_shove_fold,2512,18,"[2, 0, 1]","[""shove_fold"", ""policy_current"", ""shove_fold""]","[-1.0, -2.0, 3.0]","[-0.5, -1.0, 1.5]"
current_vs_2x_shove_fold,2513,18,"[2, 1, 0]","[""shove_fold"", ""shove_fold"", ""policy_current""]","[-1.0, 1.0, 0.0]","[-0.5, 0.5, 0.0]"
current_vs_2x_shove_fold,2514,19,"[0, 1, 2]","[""policy_current"", ""shove_fold"", ""shove_fold""]","[-1.0, 1.0, 0.0]","[-0.5, 0.5, 0.0]"
current_vs_2x_shove_fold,2515,19,"[0, 2, 1]","[""policy_current"", ""shove_fold"", ""shove_fold""]","[-1.0, 1.0, 0.0]","[-0.5, 0.5, 0.0]"
current_vs_2x_shove_fold,2516,19,"[1, 0, 2]","[""shove_fold"", ""policy_current"", ""shove_fold""]","[-1.0, 1.0, 0.0]","[-0.5, 0.5, 0.0]"
current_vs_2x_shove_fold,2517,19,"[1, 2, 0]","[""shove_fold"", ""shove_fold"", ""policy_current""]","[-1.0, 1.0, 0.0]","[-0.5, 0.5, 0.0]"
current_vs_2x_shove_fold,2518,19,"[2, 0, 1]","[""shove_fold"", ""policy_current"", ""shove_fold""]","[-1.0, 1.0, 0.0]","[-0.5, 0.5, 0.0]"
current_vs_2x_shove_fold,2519,19,"[2, 1, 0]","[""shove_fold"", ""shove_fold"", ""policy_current""]","[-1.0, 1.0, 0.0]","[-0.5, 0.5, 0.0]"
current_vs_2x_shove_fold,2520,20,"[0, 1, 2]","[""policy_current"", ""shove_fold"", ""shove_fold""]","[-1.0, 1.0, 0.0]","[-0.5, 0.5, 0.0]"
current_vs_2x_shove_fold,2521,20,"[0, 2, 1]","[""policy_current"", ""shove_fold"", ""shove_fold""]","[-1.0, 1.0, 0.0]","[-0.5, 0.5, 0.0]"
current_vs_2x_shove_fold,2522,20,"[1, 0, 2]","[""shove_fold"", ""policy_current"", ""shove_fold""]","[2.0, -2.0, 0.0]","[1.0, -1.0, 0.0]"
current_vs_2x_shove_fold,2523,20,"[1, 2, 0]","[""shove_fold"", ""shove_fold"", ""policy_current""]","[2.0, -2.0, 0.0]","[1.0, -1.0, 0.0]"
current_vs_2x_shove_fold,2524,20,"[2, 0, 1]","[""shove_fold"", ""policy_current"", ""shove_fold""]","[2.0, -2.0, 0.0]","[1.0, -1.0, 0.0]"
current_vs_2x_shove_fold,2525,20,"[2, 1, 0]","[""shove_fold"", ""shove_fold"", ""policy_current""]","[2.0, -2.0, 0.0]","[1.0, -1.0, 0.0]"
current_vs_2x_shove_fold,2526,21,"[0, 1, 2]","[""policy_current"", ""shove_fold"", ""shove_fold""]","[2.0, -2.0, 0.0]","[1.0, -1.0, 0.0]"
current_vs_2x_shove_fold,2527,21,"[0, 2, 1]","[""policy_current"", ""shove_fold"", ""shove_fold""]","[2.0, -2.0, 0.0]","[1.0, -1.0, 0.0]"
current_vs_2x_shove_fold,2528,21,"[1, 0, 2]","[""shove_fold"", ""policy_current"", ""shove_fold""]","[-1.0, 1.0, 0.0]","[-0.5, 0.5, 0.0]"
current_vs_2x_shove_fold,2529,21,"[1, 2, 0]","[""shove_fold"", ""shove_fold"", ""policy_current""]","[-1.0, -2.0, 3.0]","[-0.5, -1.0, 1.5]"
current_vs_2x_shove_fold,2530,21,"[2, 0, 1]","[""shove_fold"", ""policy_current"", ""shove_fold""]","[-1.0, 1.0, 0.0]","[-0.5, 0.5, 0.0]"
current_vs_2x_shove_fold,2531,21,"[2, 1, 0]","[""shove_fold"", ""shove_fold"", ""policy_current""]","[-1.0, -2.0, 3.0]","[-0.5, -1.0, 1.5]"
current_vs_2x_shove_fold,2532,22,"[0, 1, 2]","[""policy_current"", ""shove_fold"", ""shove_fold""]","[100.0, -100.0, 0.0]","[50.0, -50.0, 0.0]"
current_vs_2x_shove_fold,2533,22,"[0, 2, 1]","[""policy_current"", ""shove_fold"", ""shove_fold""]","[100.0, -100.0, 0.0]","[50.0, -50.0, 0.0]"
current_vs_2x_shove_fold,2534,22,"[1, 0, 2]","[""shove_fold"", ""policy_current"", ""shove_fold""]","[100.0, -100.0, 0.0]","[50.0, -50.0, 0.0]"
current_vs_2x_shove_fold,2535,22,"[1, 2, 0]","[""shove_fold"", ""shove_fold"", ""policy_current""]","[-100.0, -100.0, 200.0]","[-50.0, -50.0, 100.0]"
current_vs_2x_shove_fold,2536,22,"[2, 0, 1]","[""shove_fold"", ""policy_current"", ""shove_fold""]","[100.0, -100.0, 0.0]","[50.0, -50.0, 0.0]"
current_vs_2x_shove_fold,2537,22,"[2, 1, 0]","[""shove_fold"", ""shove_fold"", ""policy_current""]","[-100.0, -100.0, 200.0]","[-50.0, -50.0, 100.0]"
current_vs_2x_shove_fold,2538,23,"[0, 1, 2]","[""policy_current"", ""shove_fold"", ""shove_fold""]","[-2.0, 2.0, 0.0]","[-1.0, 1.0, 0.0]"
current_vs_2x_shove_fold,2539,23,"[0, 2, 1]","[""policy_current"", ""shove_fold"", ""shove_fold""]","[-2.0, 2.0, 0.0]","[-1.0, 1.0, 0.0]"
current_vs_2x_shove_fold,2540,23,"[1, 0, 2]","[""shove_fold"", ""policy_current"", ""shove_fold""]","[-1.0, 1.0, 0.0]","[-0.5, 0.5, 0.0]"
current_vs_2x_shove_fold,2541,23,"[1, 2, 0]","[""shove_fold"", ""shove_fold"", ""policy_current""]","[-1.0, 1.0, 0.0]","[-0.5, 0.5, 0.0]"
current_vs_2x_shove_fold,2542,23,"[2, 0, 1]","[""shove_fold"", ""policy_current"", ""shove_fold""]","[-1.0, 1.0, 0.0]","[-0.5, 0.5, 0.0]"
current_vs_2x_shove_fold,2543,23,"[2, 1, 0]","[""shove_fold"", ""shove_fold"", ""policy_current""]","[-1.0, 1.0, 0.0]","[-0.5, 0.5, 0.0]"
current_vs_2x_shove_fold,2544,24,"[0, 1, 2]","[""policy_current"", ""shove_fold"", ""shove_fold""]","[2.0, -2.0, 0.0]","[1.0, -1.0, 0.0]"
current_vs_2x_shove_fold,2545,24,"[0, 2, 1]","[""policy_current"", ""shove_fold"", ""shove_fold""]","[2.0, -2.0, 0.0]","[1.0, -1.0, 0.0]"
current_vs_2x_shove_fold,2546,24,"[1, 0, 2]","[""shove_fold"", ""policy_current"", ""shove_fold""]","[-1.0, 1.0, 0.0]","[-0.5, 0.5, 0.0]"
current_vs_2x_shove_fold,2547,24,"[1, 2, 0]","[""shove_fold"", ""shove_fold"", ""policy_current""]","[-1.0, -2.0, 3.0]","[-0.5, -1.0, 1.5]"
current_vs_2x_shove_fold,2548,24,"[2, 0, 1]","[""shove_fold"", ""policy_current"", ""shove_fold""]","[-1.0, 1.0, 0.0]","[-0.5, 0.5, 0.0]"
current_vs_2x_shove_fold,2549,24,"[2, 1, 0]","[""shove_fold"", ""shove_fold"", ""policy_current""]","[-1.0, -2.0, 3.0]","[-0.5, -1.0, 1.5]"
current_vs_2x_shove_fold,2550,25,"[0, 1, 2]","[""policy_current"", ""shove_fold"", ""shove_fold""]","[-1.0, -2.0, 3.0]","[-0.5, -1.0, 1.5]"
current_vs_2x_shove_fold,2551,25,"[0, 2, 1]","[""policy_current"", ""shove_fold"", ""shove_fold""]","[-1.0, -2.0, 3.0]","[-0.5, -1.0, 1.5]"
current_vs_2x_shove_fold,2552,25,"[1, 0, 2]","[""shove_fold"", ""policy_current"", ""shove_fold""]","[-100.0, -2.0, 102.0]","[-50.0, -1.0, 51.0]"
current_vs_2x_shove_fold,2553,25,"[1, 2, 0]","[""shove_fold"", ""shove_fold"", ""policy_current""]","[4.0, -2.0, -2.0]","[2.0, -1.0, -1.0]"
current_vs_2x_shove_fold,2554,25,"[2, 0, 1]","[""shove_fold"", ""policy_current"", ""shove_fold""]","[-100.0, -2.0, 102.0]","[-50.0, -1.0, 51.0]"
current_vs_2x_shove_fold,2555,25,"[2, 1, 0]","[""shove_fold"", ""shove_fold"", ""policy_current""]","[4.0, -2.0, -2.0]","[2.0, -1.0, -1.0]"
current_vs_2x_shove_fold,2556,26,"[0, 1, 2]","[""policy_current"", ""shove_fold"", ""shove_fold""]","[2.0, -2.0, 0.0]","[1.0, -1.0, 0.0]"
current_vs_2x_shove_fold,2557,26,"[0, 2, 1]","[""policy_current"", ""shove_fold"", ""shove_fold""]","[2.0, -2.0, 0.0]","[1.0, -1.0, 0.0]"
current_vs_2x_shove_fold,2558,26,"[1, 0, 2]","[""shove_fold"", ""policy_current"", ""shove_fold""]","[-1.0, 1.0, 0.0]","[-0.5, 0.5, 0.0]"
current_vs_2x_shove_fold,2559,26,"[1, 2, 0]","[""shove_fold"", ""shove_fold"", ""policy_current""]","[-1.0, -2.0, 3.0]","[-0.5, -1.0, 1.5]"
current_vs_2x_shove_fold,2560,26,"[2, 0, 1]","[""shove_fold"", ""policy_current"", ""shove_fold""]","[-1.0, 1.0, 0.0]","[-0.5, 0.5, 0.0]"
current_vs_2x_shove_fold,2561,26,"[2, 1, 0]","[""shove_fold"", ""shove_fold"", ""policy_current""]","[-1.0, -2.0, 3.0]","[-0.5, -1.0, 1.5]"
current_vs_2x_shove_fold,2562,27,"[0, 1, 2]","[""policy_current"", ""shove_fold"", ""shove_fold""]","[-1.0, -2.0, 3.0]","[-0.5, -1.0, 1.5]"
current_vs_2x_shove_fold,2563,27,"[0, 2, 1]","[""policy_current"", ""shove_fold"", ""shove_fold""]","[-1.0, -2.0, 3.0]","[-0.5, -1.0, 1.5]"
current_vs_2x_shove_fold,2564,27,"[1, 0, 2]","[""shove_fold"", ""policy_current"", ""shove_fold""]","[-1.0, -2.0, 3.0]","[-0.5, -1.0, 1.5]"
current_vs_2x_shove_fold,2565,27,"[1, 2, 0]","[""shove_fold"", ""shove_fold"", ""policy_current""]","[-1.0, -2.0, 3.0]","[-0.5, -1.0, 1.5]"
current_vs_2x_shove_fold,2566,27,"[2, 0, 1]","[""shove_fold"", ""policy_current"", ""shove_fold""]","[-1.0, -2.0, 3.0]","[-0.5, -1.0, 1.5]"
current_vs_2x_shove_fold,2567,27,"[2, 1, 0]","[""shove_fold"", ""shove_fold"", ""policy_current""]","[-1.0, -2.0, 3.0]","[-0.5, -1.0, 1.5]"
current_vs_2x_shove_fold,2568,28,"[0, 1, 2]","[""policy_current"", ""shove_fold"", ""shove_fold""]","[2.0, -2.0, 0.0]","[1.0, -1.0, 0.0]"
current_vs_2x_shove_fold,2569,28,"[0, 2, 1]","[""policy_current"", ""shove_fold"", ""shove_fold""]","[2.0, -2.0, 0.0]","[1.0, -1.0, 0.0]"
current_vs_2x_shove_fold,2570,28,"[1, 0, 2]","[""shove_fold"", ""policy_current"", ""shove_fold""]","[-1.0, 1.0, 0.0]","[-0.5, 0.5, 0.0]"
current_vs_2x_shove_fold,2571,28,"[1, 2, 0]","[""shove_fold"", ""shove_fold"", ""policy_current""]","[-1.0, -2.0, 3.0]","[-0.5, -1.0, 1.5]"
current_vs_2x_shove_fold,2572,28,"[2, 0, 1]","[""shove_fold"", ""policy_current"", ""shove_fold""]","[-1.0, 1.0, 0.0]","[-0.5, 0.5, 0.0]"
current_vs_2x_shove_fold,2573,28,"[2, 1, 0]","[""shove_fold"", ""shove_fold"", ""policy_current""]","[-1.0, -2.0, 3.0]","[-0.5, -1.0, 1.5]"
current_vs_2x_shove_fold,2574,29,"[0, 1, 2]","[""policy_current"", ""shove_fold"", ""shove_fold""]","[2.0, -2.0, 0.0]","[1.0, -1.0, 0.0]"
current_vs_2x_shove_fold,2575,29,"[0, 2, 1]","[""policy_current"", ""shove_fold"", ""shove_fold""]","[2.0, -2.0, 0.0]","[1.0, -1.0, 0.0]"
current_vs_2x_shove_fold,2576,29,"[1, 0, 2]","[""shove_fold"", ""policy_current"", ""shove_fold""]","[-1.0, 1.0, 0.0]","[-0.5, 0.5, 0.0]"
current_vs_2x_shove_fold,2577,29,"[1, 2, 0]","[""shove_fold"", ""shove_fold"", ""policy_current""]","[-1.0, -2.0, 3.0]","[-0.5, -1.0, 1.5]"
current_vs_2x_shove_fold,2578,29,"[2, 0, 1]","[""shove_fold"", ""policy_current"", ""shove_fold""]","[-1.0, 1.0, 0.0]","[-0.5, 0.5, 0.0]"
current_vs_2x_shove_fold,2579,29,"[2, 1, 0]","[""shove_fold"", ""shove_fold"", ""policy_current""]","[-1.0, -2.0, 3.0]","[-0.5, -1.0, 1.5]"
current_vs_2x_shove_fold,2580,30,"[0, 1, 2]","[""policy_current"", ""shove_fold"", ""shove_fold""]","[-100.0, -2.0, 102.0]","[-50.0, -1.0, 51.0]"
current_vs_2x_shove_fold,2581,30,"[0, 2, 1]","[""policy_current"", ""shove_fold"", ""shove_fold""]","[-100.0, -2.0, 102.0]","[-50.0, -1.0, 51.0]"
current_vs_2x_shove_fold,2582,30,"[1, 0, 2]","[""shove_fold"", ""policy_current"", ""shove_fold""]","[-1.0, -100.0, 101.0]","[-0.5, -50.0, 50.5]"
current_vs_2x_shove_fold,2583,30,"[1, 2, 0]","[""shove_fold"", ""shove_fold"", ""policy_current""]","[-1.0, -2.0, 3.0]","[-0.5, -1.0, 1.5]"
current_vs_2x_shove_fold,2584,30,"[2, 0, 1]","[""shove_fold"", ""policy_current"", ""shove_fold""]","[-1.0, -100.0, 101.0]","[-0.5, -50.0, 50.5]"
current_vs_2x_shove_fold,2585,30,"[2, 1, 0]","[""shove_fold"", ""shove_fold"", ""policy_current""]","[-1.0, -2.0, 3.0]","[-0.5, -1.0, 1.5]"
current_vs_2x_shove_fold,2586,31,"[0, 1, 2]","[""policy_current"", ""shove_fold"", ""shove_fold""]","[-1.0, 1.0, 0.0]","[-0.5, 0.5, 0.0]"
current_vs_2x_shove_fold,2587,31,"[0, 2, 1]","[""policy_current"", ""shove_fold"", ""shove_fold""]","[-1.0, 1.0, 0.0]","[-0.5, 0.5, 0.0]"
current_vs_2x_shove_fold,2588,31,"[1, 0, 2]","[""shove_fold"", ""policy_current"", ""shove_fold""]","[-1.0, 1.0, 0.0]","[-0.5, 0.5, 0.0]"
current_vs_2x_shove_fold,2589,31,"[1, 2, 0]","[""shove_fold"", ""shove_fold"", ""policy_current""]","[-1.0, 1.0, 0.0]","[-0.5, 0.5, 0.0]"
current_vs_2x_shove_fold,2590,31,"[2, 0, 1]","[""shove_fold"", ""policy_current"", ""shove_fold""]","[-1.0, 1.0, 0.0]","[-0.5, 0.5, 0.0]"
current_vs_2x_shove_fold,2591,31,"[2, 1, 0]","[""shove_fold"", ""shove_fold"", ""policy_current""]","[-1.0, 1.0, 0.0]","[-0.5, 0.5, 0.0]"
current_vs_2x_shove_fold,2592,32,"[0, 1, 2]","[""policy_current"", ""shove_fold"", ""shove_fold""]","[-1.0, 1.0, 0.0]","[-0.5, 0.5, 0.0]"
current_vs_2x_shove_fold,2593,32,"[0, 2, 1]","[""policy_current"", ""shove_fold"", ""shove_fold""]","[-1.0, 1.0, 0.0]","[-0.5, 0.5, 0.0]"
current_vs_2x_shove_fold,2594,32,"[1, 0, 2]","[""shove_fold"", ""policy_current"", ""shove_fold""]","[-1.0, 1.0, 0.0]","[-0.5, 0.5, 0.0]"
current_vs_2x_shove_fold,2595,32,"[1, 2, 0]","[""shove_fold"", ""shove_fold"", ""policy_current""]","[-1.0, 1.0, 0.0]","[-0.5, 0.5, 0.0]"
current_vs_2x_shove_fold,2596,32,"[2, 0, 1]","[""shove_fold"", ""policy_current"", ""shove_fold""]","[-1.0, 1.0, 0.0]","[-0.5, 0.5, 0.0]"
current_vs_2x_shove_fold,2597,32,"[2, 1, 0]","[""shove_fold"", ""shove_fold"", ""policy_current""]","[-1.0, 1.0, 0.0]","[-0.5, 0.5, 0.0]"
current_vs_2x_shove_fold,2598,33,"[0, 1, 2]","[""policy_current"", ""shove_fold"", ""shove_fold""]","[2.0, -2.0, 0.0]","[1.0, -1.0, 0.0]"
current_vs_2x_shove_fold,2599,33,"[0, 2, 1]","[""policy_current"", ""shove_fold"", ""shove_fold""]","[2.0, -2.0, 0.0]","[1.0, -1.0, 0.0]"
current_vs_2x_shove_fold,2600,33,"[1, 0, 2]","[""shove_fold"", ""policy_current"", ""shove_fold""]","[2.0, -2.0, 0.0]","[1.0, -1.0, 0.0]"
current_vs_2x_shove_fold,2601,33,"[1, 2, 0]","[""shove_fold"", ""shove_fold"", ""policy_current""]","[2.0, -2.0, 0.0]","[1.0, -1.0, 0.0]"
current_vs_2x_shove_fold,2602,33,"[2, 0, 1]","[""shove_fold"", ""policy_current"", ""shove_fold""]","[2.0, -2.0, 0.0]","[1.0, -1.0, 0.0]"
current_vs_2x_shove_fold,2603,33,"[2, 1, 0]","[""shove_fold"", ""shove_fold"", ""policy_current""]","[2.0, -2.0, 0.0]","[1.0, -1.0, 0.0]"
current_vs_2x_shove_fold,2604,34,"[0, 1, 2]","[""policy_current"", ""shove_fold"", ""shove_fold""]","[-1.0, -100.0, 101.0]","[-0.5, -50.0, 50.5]"
current_vs_2x_shove_fold,2605,34,"[0, 2, 1]","[""policy_current"", ""shove_fold"", ""shove_fold""]","[-1.0, -100.0, 101.0]","[-0.5, -50.0, 50.5]"
current_vs_2x_shove_fold,2606,34,"[1, 0, 2]","[""shove_fold"", ""policy_current"", ""shove_fold""]","[-1.0, -2.0, 3.0]","[-0.5, -1.0, 1.5]"
current_vs_2x_shove_fold,2607,34,"[1, 2, 0]","[""shove_fold"", ""shove_fold"", ""policy_current""]","[-1.0, -100.0, 101.0]","[-0.5, -50.0, 50.5]"
current_vs_2x_shove_fold,2608,34,"[2, 0, 1]","[""shove_fold"", ""policy_current"", ""shove_fold""]","[-1.0, -2.0, 3.0]","[-0.5, -1.0, 1.5]"
current_vs_2x_shove_fold,2609,34,"[2, 1, 0]","[""shove_fold"", ""shove_fold"", ""policy_current""]","[-1.0, -100.0, 101.0]","[-0.5, -50.0, 50.5]"
current_vs_2x_shove_fold,2610,35,"[0, 1, 2]","[""policy_current"", ""shove_fold"", ""shove_fold""]","[-1.0, -2.0, 3.0]","[-0.5, -1.0, 1.5]"
current_vs_2x_shove_fold,2611,35,"[0, 2, 1]","[""policy_current"", ""shove_fold"", ""shove_fold""]","[-1.0, -2.0, 3.0]","[-0.5, -1.0, 1.5]"
current_vs_2x_shove_fold,2612,35,"[1, 0, 2]","[""shove_fold"", ""policy_current"", ""shove_fold""]","[-1.0, -2.0, 3.0]","[-0.5, -1.0, 1.5]"
current_vs_2x_shove_fold,2613,35,"[1, 2, 0]","[""shove_fold"", ""shove_fold"", ""policy_current""]","[-1.0, -2.0, 3.0]","[-0.5, -1.0, 1.5]"
current_vs_2x_shove_fold,2614,35,"[2, 0, 1]","[""shove_fold"", ""policy_current"", ""shove_fold""]","[-1.0, -2.0, 3.0]","[-0.5, -1.0, 1.5]"
current_vs_2x_shove_fold,2615,35,"[2, 1, 0]","[""shove_fold"", ""shove_fold"", ""policy_current""]","[-1.0, -2.0, 3.0]","[-0.5, -1.0, 1.5]"
current_vs_2x_shove_fold,2616,36,"[0, 1, 2]","[""policy_current"", ""shove_fold"", ""shove_fold""]","[2.0, -2.0, 0.0]","[1.0, -1.0, 0.0]"
current_vs_2x_shove_fold,2617,36,"[0, 2, 1]","[""policy_current"", ""shove_fold"", ""shove_fold""]","[2.0, -2.0, 0.0]","[1.0, -1.0, 0.0]"
current_vs_2x_shove_fold,2618,36,"[1, 0, 2]","[""shove_fold"", ""policy_current"", ""shove_fold""]","[-100.0, 100.0, 0.0]","[-50.0, 50.0, 0.0]"
current_vs_2x_shove_fold,2619,36,"[1, 2, 0]","[""shove_fold"", ""shove_fold"", ""policy_current""]","[-100.0, -2.0, 102.0]","[-50.0, -1.0, 51.0]"
current_vs_2x_shove_fold,2620,36,"[2, 0, 1]","[""shove_fold"", ""policy_current"", ""shove_fold""]","[-100.0, 100.0, 0.0]","[-50.0, 50.0, 0.0]"
current_vs_2x_shove_fold,2621,36,"[2, 1, 0]","[""shove_fold"", ""shove_fold"", ""policy_current""]","[-100.0, -2.0, 102.0]","[-50.0, -1.0, 51.0]"
current_vs_2x_shove_fold,2622,37,"[0, 1, 2]","[""policy_current"", ""shove_fold"", ""shove_fold""]","[-1.0, 1.0, 0.0]","[-0.5, 0.5, 0.0]"
current_vs_2x_shove_fold,2623,37,"[0, 2, 1]","[""policy_current"", ""shove_fold"", ""shove_fold""]","[-1.0, 1.0, 0.0]","[-0.5, 0.5, 0.0]"
current_vs_2x_shove_fold,2624,37,"[1, 0, 2]","[""shove_fold"", ""policy_current"", ""shove_fold""]","[2.0, -2.0, 0.0]","[1.0, -1.0, 0.0]"
current_vs_2x_shove_fold,2625,37,"[1, 2, 0]","[""shove_fold"", ""shove_fold"", ""policy_current""]","[2.0, -2.0, 0.0]","[1.0, -1.0, 0.0]"
current_vs_2x_shove_fold,2626,37,"[2, 0, 1]","[""shove_fold"", ""policy_current"", ""shove_fold""]","[2.0, -2.0, 0.0]","[1.0, -1.0, 0.0]"
current_vs_2x_shove_fold,2627,37,"[2, 1, 0]","[""shove_fold"", ""shove_fold"", ""policy_current""]","[2.0, -2.0, 0.0]","[1.0, -1.0, 0.0]"
current_vs_2x_shove_fold,2628,38,"[0, 1, 2]","[""policy_current"", ""shove_fold"", ""shove_fold""]","[-1.0, 1.0, 0.0]","[-0.5, 0.5, 0.0]"
current_vs_2x_shove_fold,2629,38,"[0, 2, 1]","[""policy_current"", ""shove_fold"", ""shove_fold""]","[-1.0, 1.0, 0.0]","[-0.5, 0.5, 0.0]"
current_vs_2x_shove_fold,2630,38,"[1, 0, 2]","[""shove_fold"", ""policy_current"", ""shove_fold""]","[-1.0, 1.0, 0.0]","[-0.5, 0.5, 0.0]"
current_vs_2x_shove_fold,2631,38,"[1, 2, 0]","[""shove_fold"", ""shove_fold"", ""policy_current""]","[-1.0, 1.0, 0.0]","[-0.5, 0.5, 0.0]"
current_vs_2x_shove_fold,2632,38,"[2, 0, 1]","[""shove_fold"", ""policy_current"", ""shove_fold""]","[-1.0, 1.0, 0.0]","[-0.5, 0.5, 0.0]"
current_vs_2x_shove_fold,2633,38,"[2, 1, 0]","[""shove_fold"", ""shove_fold"", ""policy_current""]","[-1.0, 1.0, 0.0]","[-0.5, 0.5, 0.0]"
current_vs_2x_shove_fold,2634,39,"[0, 1, 2]","[""policy_current"", ""shove_fold"", ""shove_fold""]","[102.0, -2.0, -100.0]","[51.0, -1.0, -50.0]"
current_vs_2x_shove_fold,2635,39,"[0, 2, 1]","[""policy_current"", ""shove_fold"", ""shove_fold""]","[102.0, -2.0, -100.0]","[51.0, -1.0, -50.0]"
current_vs_2x_shove_fold,2636,39,"[1, 0, 2]","[""shove_fold"", ""policy_current"", ""shove_fold""]","[-1.0, -100.0, 101.0]","[-0.5, -50.0, 50.5]"
current_vs_2x_shove_fold,2637,39,"[1, 2, 0]","[""shove_fold"", ""shove_fold"", ""policy_current""]","[-1.0, -2.0, 3.0]","[-0.5, -1.0, 1.5]"
current_vs_2x_shove_fold,2638,39,"[2, 0, 1]","[""shove_fold"", ""policy_current"", ""shove_fold""]","[-1.0, -100.0, 101.0]","[-0.5, -50.0, 50.5]"
current_vs_2x_shove_fold,2639,39,"[2, 1, 0]","[""shove_fold"", ""shove_fold"", ""policy_current""]","[-1.0, -2.0, 3.0]","[-0.5, -1.0, 1.5]"
current_vs_2x_shove_fold,2640,40,"[0, 1, 2]","[""policy_current"", ""shove_fold"", ""shove_fold""]","[-1.0, 1.0, 0.0]","[-0.5, 0.5, 0.0]"
current_vs_2x_shove_fold,2641,40,"[0, 2, 1]","[""policy_current"", ""shove_fold"", ""shove_fold""]","[-1.0, 1.0, 0.0]","[-0.5, 0.5, 0.0]"
current_vs_2x_shove_fold,2642,40,"[1, 0, 2]","[""shove_fold"", ""policy_current"", ""shove_fold""]","[2.0, -2.0, 0.0]","[1.0, -1.0, 0.0]"
current_vs_2x_shove_fold,2643,40,"[1, 2, 0]","[""shove_fold"", ""shove_fold"", ""policy_current""]","[100.0, -100.0, 0.0]","[50.0, -50.0, 0.0]"
current_vs_2x_shove_fold,2644,40,"[2, 0, 1]","[""shove_fold"", ""policy_current"", ""shove_fold""]","[2.0, -2.0, 0.0]","[1.0, -1.0, 0.0]"
current_vs_2x_shove_fold,2645,40,"[2, 1, 0]","[""shove_fold"", ""shove_fold"", ""policy_current""]","[100.0, -100.0, 0.0]","[50.0, -50.0, 0.0]"
current_vs_2x_shove_fold,2646,41,"[0, 1, 2]","[""policy_current"", ""shove_fold"", ""shove_fold""]","[-1.0, 1.0, 0.0]","[-0.5, 0.5, 0.0]"
current_vs_2x_shove_fold,2647,41,"[0, 2, 1]","[""policy_current"", ""shove_fold"", ""shove_fold""]","[-1.0, 1.0, 0.0]","[-0.5, 0.5, 0.0]"
current_vs_2x_shove_fold,2648,41,"[1, 0, 2]","[""shove_fold"", ""policy_current"", ""shove_fold""]","[-1.0, 1.0, 0.0]","[-0.5, 0.5, 0.0]"
current_vs_2x_shove_fold,2649,41,"[1, 2, 0]","[""shove_fold"", ""shove_fold"", ""policy_current""]","[-1.0, 1.0, 0.0]","[-0.5, 0.5, 0.0]"
current_vs_2x_shove_fold,2650,41,"[2, 0, 1]","[""shove_fold"", ""policy_current"", ""shove_fold""]","[-1.0, 1.0, 0.0]","[-0.5, 0.5, 0.0]"
current_vs_2x_shove_fold,2651,41,"[2, 1, 0]","[""shove_fold"", ""shove_fold"", ""policy_current""]","[-1.0, 1.0, 0.0]","[-0.5, 0.5, 0.0]"
current_vs_2x_shove_fold,2652,42,"[0, 1, 2]","[""policy_current"", ""shove_fold"", ""shove_fold""]","[-1.0, 1.0, 0.0]","[-0.5, 0.5, 0.0]"
current_vs_2x_shove_fold,2653,42,"[0, 2, 1]","[""policy_current"", ""shove_fold"", ""shove_fold""]","[-1.0, 1.0, 0.0]","[-0.5, 0.5, 0.0]"
current_vs_2x_shove_fold,2654,42,"[1, 0, 2]","[""shove_fold"", ""policy_current"", ""shove_fold""]","[-1.0, 1.0, 0.0]","[-0.5, 0.5, 0.0]"
current_vs_2x_shove_fold,2655,42,"[1, 2, 0]","[""shove_fold"", ""shove_fold"", ""policy_current""]","[-1.0, 1.0, 0.0]","[-0.5, 0.5, 0.0]"
current_vs_2x_shove_fold,2656,42,"[2, 0, 1]","[""shove_fold"", ""policy_current"", ""shove_fold""]","[-1.0, 1.0, 0.0]","[-0.5, 0.5, 0.0]"
current_vs_2x_shove_fold,2657,42,"[2, 1, 0]","[""shove_fold"", ""shove_fold"", ""policy_current""]","[-1.0, 1.0, 0.0]","[-0.5, 0.5, 0.0]"
current_vs_2x_shove_fold,2658,43,"[0, 1, 2]","[""policy_current"", ""shove_fold"", ""shove_fold""]","[-1.0, 1.0, 0.0]","[-0.5, 0.5, 0.0]"
current_vs_2x_shove_fold,2659,43,"[0, 2, 1]","[""policy_current"", ""shove_fold"", ""shove_fold""]","[-1.0, 1.0, 0.0]","[-0.5, 0.5, 0.0]"
current_vs_2x_shove_fold,2660,43,"[1, 0, 2]","[""shove_fold"", ""policy_current"", ""shove_fold""]","[2.0, -2.0, 0.0]","[1.0, -1.0, 0.0]"
current_vs_2x_shove_fold,2661,43,"[1, 2, 0]","[""shove_fold"", ""shove_fold"", ""policy_current""]","[2.0, -2.0, 0.0]","[1.0, -1.0, 0.0]"
current_vs_2x_shove_fold,2662,43,"[2, 0, 1]","[""shove_fold"", ""policy_current"", ""shove_fold""]","[2.0, -2.0, 0.0]","[1.0, -1.0, 0.0]"
current_vs_2x_shove_fold,2663,43,"[2, 1, 0]","[""shove_fold"", ""shove_fold"", ""policy_current""]","[2.0, -2.0, 0.0]","[1.0, -1.0, 0.0]"
current_vs_2x_shove_fold,2664,44,"[0, 1, 2]","[""policy_current"", ""shove_fold"", ""shove_fold""]","[-1.0, 1.0, 0.0]","[-0.5, 0.5, 0.0]"
current_vs_2x_shove_fold,2665,44,"[0, 2, 1]","[""policy_current"", ""shove_fold"", ""shove_fold""]","[-1.0, 1.0, 0.0]","[-0.5, 0.5, 0.0]"
current_vs_2x_shove_fold,2666,44,"[1, 0, 2]","[""shove_fold"", ""policy_current"", ""shove_fold""]","[-1.0, 1.0, 0.0]","[-0.5, 0.5, 0.0]"
current_vs_2x_shove_fold,2667,44,"[1, 2, 0]","[""shove_fold"", ""shove_fold"", ""policy_current""]","[-1.0, 1.0, 0.0]","[-0.5, 0.5, 0.0]"
current_vs_2x_shove_fold,2668,44,"[2, 0, 1]","[""shove_fold"", ""policy_current"", ""shove_fold""]","[-1.0, 1.0, 0.0]","[-0.5, 0.5, 0.0]"
current_vs_2x_shove_fold,2669,44,"[2, 1, 0]","[""shove_fold"", ""shove_fold"", ""policy_current""]","[-1.0, 1.0, 0.0]","[-0.5, 0.5, 0.0]"
current_vs_2x_shove_fold,2670,45,"[0, 1, 2]","[""policy_current"", ""shove_fold"", ""shove_fold""]","[100.0, -100.0, 0.0]","[50.0, -50.0, 0.0]"
current_vs_2x_shove_fold,2671,45,"[0, 2, 1]","[""policy_current"", ""shove_fold"", ""shove_fold""]","[100.0, -100.0, 0.0]","[50.0, -50.0, 0.0]"
current_vs_2x_shove_fold,2672,45,"[1, 0, 2]","[""shove_fold"", ""policy_current"", ""shove_fold""]","[-1.0, 1.0, 0.0]","[-0.5, 0.5, 0.0]"
current_vs_2x_shove_fold,2673,45,"[1, 2, 0]","[""shove_fold"", ""shove_fold"", ""policy_current""]","[-1.0, 101.0, -100.0]","[-0.5, 50.5, -50.0]"
current_vs_2x_shove_fold,2674,45,"[2, 0, 1]","[""shove_fold"", ""policy_current"", ""shove_fold""]","[-1.0, 1.0, 0.0]","[-0.5, 0.5, 0.0]"
current_vs_2x_shove_fold,2675,45,"[2, 1, 0]","[""shove_fold"", ""shove_fold"", ""policy_current""]","[-1.0, 101.0, -100.0]","[-0.5, 50.5, -50.0]"
current_vs_2x_shove_fold,2676,46,"[0, 1, 2]","[""policy_current"", ""shove_fold"", ""shove_fold""]","[-1.0, 101.0, -100.0]","[-0.5, 50.5, -50.0]"
current_vs_2x_shove_fold,2677,46,"[0, 2, 1]","[""policy_current"", ""shove_fold"", ""shove_fold""]","[-1.0, 101.0, -100.0]","[-0.5, 50.5, -50.0]"
current_vs_2x_shove_fold,2678,46,"[1, 0, 2]","[""shove_fold"", ""policy_current"", ""shove_fold""]","[-1.0, -2.0, 3.0]","[-0.5, -1.0, 1.5]"
current_vs_2x_shove_fold,2679,46,"[1, 2, 0]","[""shove_fold"", ""shove_fold"", ""policy_current""]","[-1.0, 3.0, -2.0]","[-0.5, 1.5, -1.0]"
current_vs_2x_shove_fold,2680,46,"[2, 0, 1]","[""shove_fold"", ""policy_current"", ""shove_fold""]","[-1.0, -2.0, 3.0]","[-0.5, -1.0, 1.5]"
current_vs_2x_shove_fold,2681,46,"[2, 1, 0]","[""shove_fold"", ""shove_fold"", ""policy_current""]","[-1.0, 3.0, -2.0]","[-0.5, 1.5, -1.0]"
current_vs_2x_shove_fold,2682,47,"[0, 1, 2]","[""policy_current"", ""shove_fold"", ""shove_fold""]","[-1.0, -2.0, 3.0]","[-0.5, -1.0, 1.5]"
current_vs_2x_shove_fold,2683,47,"[0, 2, 1]","[""policy_current"", ""shove_fold"", ""shove_fold""]","[-1.0, -2.0, 3.0]","[-0.5, -1.0, 1.5]"
current_vs_2x_shove_fold,2684,47,"[1, 0, 2]","[""shove_fold"", ""policy_current"", ""shove_fold""]","[102.0, -2.0, -100.0]","[51.0, -1.0, -50.0]"
current_vs_2x_shove_fold,2685,47,"[1, 2, 0]","[""shove_fold"", ""shove_fold"", ""policy_current""]","[2.0, -2.0, 0.0]","[1.0, -1.0, 0.0]"
current_vs_2x_shove_fold,2686,47,"[2, 0, 1]","[""shove_fold"", ""policy_current"", ""shove_fold""]","[102.0, -2.0, -100.0]","[51.0, -1.0, -50.0]"
current_vs_2x_shove_fold,2687,47,"[2, 1, 0]","[""shove_fold"", ""shove_fold"", ""policy_current""]","[2.0, -2.0, 0.0]","[1.0, -1.0, 0.0]"
current_vs_2x_shove_fold,2688,48,"[0, 1, 2]","[""policy_current"", ""shove_fold"", ""shove_fold""]","[-100.0, 200.0, -100.0]","[-50.0, 100.0, -50.0]"
current_vs_2x_shove_fold,2689,48,"[0, 2, 1]","[""policy_current"", ""shove_fold"", ""shove_fold""]","[-100.0, 200.0, -100.0]","[-50.0, 100.0, -50.0]"
current_vs_2x_shove_fold,2690,48,"[1, 0, 2]","[""shove_fold"", ""policy_current"", ""shove_fold""]","[-100.0, 200.0, -100.0]","[-50.0, 100.0, -50.0]"
current_vs_2x_shove_fold,2691,48,"[1, 2, 0]","[""shove_fold"", ""shove_fold"", ""policy_current""]","[-100.0, 200.0, -100.0]","[-50.0, 100.0, -50.0]"
current_vs_2x_shove_fold,2692,48,"[2, 0, 1]","[""shove_fold"", ""policy_current"", ""shove_fold""]","[-100.0, 200.0, -100.0]","[-50.0, 100.0, -50.0]"
current_vs_2x_shove_fold,2693,48,"[2, 1, 0]","[""shove_fold"", ""shove_fold"", ""policy_current""]","[-100.0, 200.0, -100.0]","[-50.0, 100.0, -50.0]"
current_vs_2x_shove_fold,2694,49,"[0, 1, 2]","[""policy_current"", ""shove_fold"", ""shove_fold""]","[-2.0, 2.0, 0.0]","[-1.0, 1.0, 0.0]"
current_vs_2x_shove_fold,2695,49,"[0, 2, 1]","[""policy_current"", ""shove_fold"", ""shove_fold""]","[-2.0, 2.0, 0.0]","[-1.0, 1.0, 0.0]"
current_vs_2x_shove_fold,2696,49,"[1, 0, 2]","[""shove_fold"", ""policy_current"", ""shove_fold""]","[100.0, -100.0, 0.0]","[50.0, -50.0, 0.0]"
current_vs_2x_shove_fold,2697,49,"[1, 2, 0]","[""shove_fold"", ""shove_fold"", ""policy_current""]","[100.0, -100.0, 0.0]","[50.0, -50.0, 0.0]"
current_vs_2x_shove_fold,2698,49,"[2, 0, 1]","[""shove_fold"", ""policy_current"", ""shove_fold""]","[100.0, -100.0, 0.0]","[50.0, -50.0, 0.0]"
current_vs_2x_shove_fold,2699,49,"[2, 1, 0]","[""shove_fold"", ""shove_fold"", ""policy_current""]","[100.0, -100.0, 0.0]","[50.0, -50.0, 0.0]"
current_vs_2x_shove_fold,2700,50,"[0, 1, 2]","[""policy_current"", ""shove_fold"", ""shove_fold""]","[-2.0, 2.0, 0.0]","[-1.0, 1.0, 0.0]"
current_vs_2x_shove_fold,2701,50,"[0, 2, 1]","[""policy_current"", ""shove_fold"", ""shove_fold""]","[-2.0, 2.0, 0.0]","[-1.0, 1.0, 0.0]"
current_vs_2x_shove_fold,2702,50,"[1, 0, 2]","[""shove_fold"", ""policy_current"", ""shove_fold""]","[-1.0, 1.0, 0.0]","[-0.5, 0.5, 0.0]"
current_vs_2x_shove_fold,2703,50,"[1, 2, 0]","[""shove_fold"", ""shove_fold"", ""policy_current""]","[-1.0, 9.0, -8.0]","[-0.5, 4.5, -4.0]"
current_vs_2x_shove_fold,2704,50,"[2, 0, 1]","[""shove_fold"", ""policy_current"", ""shove_fold""]","[-1.0, 1.0, 0.0]","[-0.5, 0.5, 0.0]"
current_vs_2x_shove_fold,2705,50,"[2, 1, 0]","[""shove_fold"", ""shove_fold"", ""policy_current""]","[-1.0, 9.0, -8.0]","[-0.5, 4.5, -4.0]"
current_vs_2x_shove_fold,2706,51,"[0, 1, 2]","[""policy_current"", ""shove_fold"", ""shove_fold""]","[-100.0, -2.0, 102.0]","[-50.0, -1.0, 51.0]"
current_vs_2x_shove_fold,2707,51,"[0, 2, 1]","[""policy_current"", ""shove_fold"", ""shove_fold""]","[-100.0, -2.0, 102.0]","[-50.0, -1.0, 51.0]"
current_vs_2x_shove_fold,2708,51,"[1, 0, 2]","[""shove_fold"", ""policy_current"", ""shove_fold""]","[-100.0, -100.0, 200.0]","[-50.0, -50.0, 100.0]"
current_vs_2x_shove_fold,2709,51,"[1, 2, 0]","[""shove_fold"", ""shove_fold"", ""policy_current""]","[-100.0, -2.0, 102.0]","[-50.0, -1.0, 51.0]"
current_vs_2x_shove_fold,2710,51,"[2, 0, 1]","[""shove_fold"", ""policy_current"", ""shove_fold""]","[-100.0, -100.0, 200.0]","[-50.0, -50.0, 100.0]"
current_vs_2x_shove_fold,2711,51,"[2, 1, 0]","[""shove_fold"", ""shove_fold"", ""policy_current""]","[-100.0, -2.0, 102.0]","[-50.0, -1.0, 51.0]"
current_vs_2x_shove_fold,2712,52,"[0, 1, 2]","[""policy_current"", ""shove_fold"", ""shove_fold""]","[2.0, -2.0, 0.0]","[1.0, -1.0, 0.0]"
current_vs_2x_shove_fold,2713,52,"[0, 2, 1]","[""policy_current"", ""shove_fold"", ""shove_fold""]","[2.0, -2.0, 0.0]","[1.0, -1.0, 0.0]"
current_vs_2x_shove_fold,2714,52,"[1, 0, 2]","[""shove_fold"", ""policy_current"", ""shove_fold""]","[-1.0, 1.0, 0.0]","[-0.5, 0.5, 0.0]"
current_vs_2x_shove_fold,2715,52,"[1, 2, 0]","[""shove_fold"", ""shove_fold"", ""policy_current""]","[-1.0, -2.0, 3.0]","[-0.5, -1.0, 1.5]"
current_vs_2x_shove_fold,2716,52,"[2, 0, 1]","[""shove_fold"", ""policy_current"", ""shove_fold""]","[-1.0, 1.0, 0.0]","[-0.5, 0.5, 0.0]"
current_vs_2x_shove_fold,2717,52,"[2, 1, 0]","[""shove_fold"", ""shove_fold"", ""policy_current""]","[-1.0, -2.0, 3.0]","[-0.5, -1.0, 1.5]"
current_vs_2x_shove_fold,2718,53,"[0, 1, 2]","[""policy_current"", ""shove_fold"", ""shove_fold""]","[-1.0, 1.0, 0.0]","[-0.5, 0.5, 0.0]"
current_vs_2x_shove_fold,2719,53,"[0, 2, 1]","[""policy_current"", ""shove_fold"", ""shove_fold""]","[-1.0, 1.0, 0.0]","[-0.5, 0.5, 0.0]"
current_vs_2x_shove_fold,2720,53,"[1, 0, 2]","[""shove_fold"", ""policy_current"", ""shove_fold""]","[-1.0, 1.0, 0.0]","[-0.5, 0.5, 0.0]"
current_vs_2x_shove_fold,2721,53,"[1, 2, 0]","[""shove_fold"", ""shove_fold"", ""policy_current""]","[-1.0, 1.0, 0.0]","[-0.5, 0.5, 0.0]"
current_vs_2x_shove_fold,2722,53,"[2, 0, 1]","[""shove_fold"", ""policy_current"", ""shove_fold""]","[-1.0, 1.0, 0.0]","[-0.5, 0.5, 0.0]"
current_vs_2x_shove_fold,2723,53,"[2, 1, 0]","[""shove_fold"", ""shove_fold"", ""policy_current""]","[-1.0, 1.0, 0.0]","[-0.5, 0.5, 0.0]"
current_vs_2x_shove_fold,2724,54,"[0, 1, 2]","[""policy_current"", ""shove_fold"", ""shove_fold""]","[2.0, -2.0, 0.0]","[1.0, -1.0, 0.0]"
current_vs_2x_shove_fold,2725,54,"[0, 2, 1]","[""policy_current"", ""shove_fold"", ""shove_fold""]","[2.0, -2.0, 0.0]","[1.0, -1.0, 0.0]"
current_vs_2x_shove_fold,2726,54,"[1, 0, 2]","[""shove_fold"", ""policy_current"", ""shove_fold""]","[2.0, -2.0, 0.0]","[1.0, -1.0, 0.0]"
current_vs_2x_shove_fold,2727,54,"[1, 2, 0]","[""shove_fold"", ""shove_fold"", ""policy_current""]","[2.0, -2.0, 0.0]","[1.0, -1.0, 0.0]"
current_vs_2x_shove_fold,2728,54,"[2, 0, 1]","[""shove_fold"", ""policy_current"", ""shove_fold""]","[2.0, -2.0, 0.0]","[1.0, -1.0, 0.0]"
current_vs_2x_shove_fold,2729,54,"[2, 1, 0]","[""shove_fold"", ""shove_fold"", ""policy_current""]","[2.0, -2.0, 0.0]","[1.0, -1.0, 0.0]"
current_vs_2x_shove_fold,2730,55,"[0, 1, 2]","[""policy_current"", ""shove_fold"", ""shove_fold""]","[-1.0, 1.0, 0.0]","[-0.5, 0.5, 0.0]"
current_vs_2x_shove_fold,2731,55,"[0, 2, 1]","[""policy_current"", ""shove_fold"", ""shove_fold""]","[-1.0, 1.0, 0.0]","[-0.5, 0.5, 0.0]"
current_vs_2x_shove_fold,2732,55,"[1, 0, 2]","[""shove_fold"", ""policy_current"", ""shove_fold""]","[2.0, -2.0, 0.0]","[1.0, -1.0, 0.0]"
current_vs_2x_shove_fold,2733,55,"[1, 2, 0]","[""shove_fold"", ""shove_fold"", ""policy_current""]","[2.0, -2.0, 0.0]","[1.0, -1.0, 0.0]"
current_vs_2x_shove_fold,2734,55,"[2, 0, 1]","[""shove_fold"", ""policy_current"", ""shove_fold""]","[2.0, -2.0, 0.0]","[1.0, -1.0, 0.0]"
current_vs_2x_shove_fold,2735,55,"[2, 1, 0]","[""shove_fold"", ""shove_fold"", ""policy_current""]","[2.0, -2.0, 0.0]","[1.0, -1.0, 0.0]"
current_vs_2x_shove_fold,2736,56,"[0, 1, 2]","[""policy_current"", ""shove_fold"", ""shove_fold""]","[-1.0, -2.0, 3.0]","[-0.5, -1.0, 1.5]"
current_vs_2x_shove_fold,2737,56,"[0, 2, 1]","[""policy_current"", ""shove_fold"", ""shove_fold""]","[-1.0, -2.0, 3.0]","[-0.5, -1.0, 1.5]"
current_vs_2x_shove_fold,2738,56,"[1, 0, 2]","[""shove_fold"", ""policy_current"", ""shove_fold""]","[-1.0, -2.0, 3.0]","[-0.5, -1.0, 1.5]"
current_vs_2x_shove_fold,2739,56,"[1, 2, 0]","[""shove_fold"", ""shove_fold"", ""policy_current""]","[-1.0, 1.0, 0.0]","[-0.5, 0.5, 0.0]"
current_vs_2x_shove_fold,2740,56,"[2, 0, 1]","[""shove_fold"", ""policy_current"", ""shove_fold""]","[-1.0, -2.0, 3.0]","[-0.5, -1.0, 1.5]"
current_vs_2x_shove_fold,2741,56,"[2, 1, 0]","[""shove_fold"", ""shove_fold"", ""policy_current""]","[-1.0, 1.0, 0.0]","[-0.5, 0.5, 0.0]"
current_vs_2x_shove_fold,2742,57,"[0, 1, 2]","[""policy_current"", ""shove_fold"", ""shove_fold""]","[-1.0, -2.0, 3.0]","[-0.5, -1.0, 1.5]"
current_vs_2x_shove_fold,2743,57,"[0, 2, 1]","[""policy_current"", ""shove_fold"", ""shove_fold""]","[-1.0, -2.0, 3.0]","[-0.5, -1.0, 1.5]"
current_vs_2x_shove_fold,2744,57,"[1, 0, 2]","[""shove_fold"", ""policy_current"", ""shove_fold""]","[-1.0, -2.0, 3.0]","[-0.5, -1.0, 1.5]"
current_vs_2x_shove_fold,2745,57,"[1, 2, 0]","[""shove_fold"", ""shove_fold"", ""policy_current""]","[-1.0, -2.0, 3.0]","[-0.5, -1.0, 1.5]"
current_vs_2x_shove_fold,2746,57,"[2, 0, 1]","[""shove_fold"", ""policy_current"", ""shove_fold""]","[-1.0, -2.0, 3.0]","[-0.5, -1.0, 1.5]"
current_vs_2x_shove_fold,2747,57,"[2, 1, 0]","[""shove_fold"", ""shove_fold"", ""policy_current""]","[-1.0, -2.0, 3.0]","[-0.5, -1.0, 1.5]"
current_vs_2x_shove_fold,2748,58,"[0, 1, 2]","[""policy_current"", ""shove_fold"", ""shove_fold""]","[2.0, -2.0, 0.0]","[1.0, -1.0, 0.0]"
current_vs_2x_shove_fold,2749,58,"[0, 2, 1]","[""policy_current"", ""shove_fold"", ""shove_fold""]","[2.0, -2.0, 0.0]","[1.0, -1.0, 0.0]"
current_vs_2x_shove_fold,2750,58,"[1, 0, 2]","[""shove_fold"", ""policy_current"", ""shove_fold""]","[-100.0, 100.0, 0.0]","[-50.0, 50.0, 0.0]"
current_vs_2x_shove_fold,2751,58,"[1, 2, 0]","[""shove_fold"", ""shove_fold"", ""policy_current""]","[102.0, -2.0, -100.0]","[51.0, -1.0, -50.0]"
current_vs_2x_shove_fold,2752,58,"[2, 0, 1]","[""shove_fold"", ""policy_current"", ""shove_fold""]","[-100.0, 100.0, 0.0]","[-50.0, 50.0, 0.0]"
current_vs_2x_shove_fold,2753,58,"[2, 1, 0]","[""shove_fold"", ""shove_fold"", ""policy_current""]","[102.0, -2.0, -100.0]","[51.0, -1.0, -50.0]"
current_vs_2x_shove_fold,2754,59,"[0, 1, 2]","[""policy_current"", ""shove_fold"", ""shove_fold""]","[-1.0, -2.0, 3.0]","[-0.5, -1.0, 1.5]"
current_vs_2x_shove_fold,2755,59,"[0, 2, 1]","[""policy_current"", ""shove_fold"", ""shove_fold""]","[-1.0, -2.0, 3.0]","[-0.5, -1.0, 1.5]"
current_vs_2x_shove_fold,2756,59,"[1, 0, 2]","[""shove_fold"", ""policy_current"", ""shove_fold""]","[-100.0, -2.0, 102.0]","[-50.0, -1.0, 51.0]"
current_vs_2x_shove_fold,2757,59,"[1, 2, 0]","[""shove_fold"", ""shove_fold"", ""policy_current""]","[-100.0, -2.0, 102.0]","[-50.0, -1.0, 51.0]"
current_vs_2x_shove_fold,2758,59,"[2, 0, 1]","[""shove_fold"", ""policy_current"", ""shove_fold""]","[-100.0, -2.0, 102.0]","[-50.0, -1.0, 51.0]"
current_vs_2x_shove_fold,2759,59,"[2, 1, 0]","[""shove_fold"", ""shove_fold"", ""policy_current""]","[-100.0, -2.0, 102.0]","[-50.0, -1.0, 51.0]"
current_vs_2x_shove_fold,2760,60,"[0, 1, 2]","[""policy_current"", ""shove_fold"", ""shove_fold""]","[100.0, -100.0, 0.0]","[50.0, -50.0, 0.0]"
current_vs_2x_shove_fold,2761,60,"[0, 2, 1]","[""policy_current"", ""shove_fold"", ""shove_fold""]","[100.0, -100.0, 0.0]","[50.0, -50.0, 0.0]"
current_vs_2x_shove_fold,2762,60,"[1, 0, 2]","[""shove_fold"", ""policy_current"", ""shove_fold""]","[-1.0, 1.0, 0.0]","[-0.5, 0.5, 0.0]"
current_vs_2x_shove_fold,2763,60,"[1, 2, 0]","[""shove_fold"", ""shove_fold"", ""policy_current""]","[-1.0, 0.5, 0.5]","[-0.5, 0.25, 0.25]"
current_vs_2x_shove_fold,2764,60,"[2, 0, 1]","[""shove_fold"", ""policy_current"", ""shove_fold""]","[-1.0, 1.0, 0.0]","[-0.5, 0.5, 0.0]"
current_vs_2x_shove_fold,2765,60,"[2, 1, 0]","[""shove_fold"", ""shove_fold"", ""policy_current""]","[-1.0, 0.5, 0.5]","[-0.5, 0.25, 0.25]"
current_vs_2x_shove_fold,2766,61,"[0, 1, 2]","[""policy_current"", ""shove_fold"", ""shove_fold""]","[-2.0, 2.0, 0.0]","[-1.0, 1.0, 0.0]"
current_vs_2x_shove_fold,2767,61,"[0, 2, 1]","[""policy_current"", ""shove_fold"", ""shove_fold""]","[-2.0, 2.0, 0.0]","[-1.0, 1.0, 0.0]"
current_vs_2x_shove_fold,2768,61,"[1, 0, 2]","[""shove_fold"", ""policy_current"", ""shove_fold""]","[-1.0, 1.0, 0.0]","[-0.5, 0.5, 0.0]"
current_vs_2x_shove_fold,2769,61,"[1, 2, 0]","[""shove_fold"", ""shove_fold"", ""policy_current""]","[-1.0, 9.0, -8.0]","[-0.5, 4.5, -4.0]"
current_vs_2x_shove_fold,2770,61,"[2, 0, 1]","[""shove_fold"", ""policy_current"", ""shove_fold""]","[-1.0, 1.0, 0.0]","[-0.5, 0.5, 0.0]"
current_vs_2x_shove_fold,2771,61,"[2, 1, 0]","[""shove_fold"", ""shove_fold"", ""policy_current""]","[-1.0, 9.0, -8.0]","[-0.5, 4.5, -4.0]"
current_vs_2x_shove_fold,2772,62,"[0, 1, 2]","[""policy_current"", ""shove_fold"", ""shove_fold""]","[2.0, -2.0, 0.0]","[1.0, -1.0, 0.0]"
current_vs_2x_shove_fold,2773,62,"[0, 2, 1]","[""policy_current"", ""shove_fold"", ""shove_fold""]","[2.0, -2.0, 0.0]","[1.0, -1.0, 0.0]"
current_vs_2x_shove_fold,2774,62,"[1, 0, 2]","[""shove_fold"", ""policy_current"", ""shove_fold""]","[-1.0, 1.0, 0.0]","[-0.5, 0.5, 0.0]"
current_vs_2x_shove_fold,2775,62,"[1, 2, 0]","[""shove_fold"", ""shove_fold"", ""policy_current""]","[-1.0, 1.0, 0.0]","[-0.5, 0.5, 0.0]"
current_vs_2x_shove_fold,2776,62,"[2, 0, 1]","[""shove_fold"", ""policy_current"", ""shove_fold""]","[-1.0, 1.0, 0.0]","[-0.5, 0.5, 0.0]"
current_vs_2x_shove_fold,2777,62,"[2, 1, 0]","[""shove_fold"", ""shove_fold"", ""policy_current""]","[-1.0, 1.0, 0.0]","[-0.5, 0.5, 0.0]"
current_vs_2x_shove_fold,2778,63,"[0, 1, 2]","[""policy_current"", ""shove_fold"", ""shove_fold""]","[-100.0, 200.0, -100.0]","[-50.0, 100.0, -50.0]"
current_vs_2x_shove_fold,2779,63,"[0, 2, 1]","[""policy_current"", ""shove_fold"", ""shove_fold""]","[-100.0, 200.0, -100.0]","[-50.0, 100.0, -50.0]"
current_vs_2x_shove_fold,2780,63,"[1, 0, 2]","[""shove_fold"", ""policy_current"", ""shove_fold""]","[-100.0, 200.0, -100.0]","[-50.0, 100.0, -50.0]"
current_vs_2x_shove_fold,2781,63,"[1, 2, 0]","[""shove_fold"", ""shove_fold"", ""policy_current""]","[-100.0, 200.0, -100.0]","[-50.0, 100.0, -50.0]"
current_vs_2x_shove_fold,2782,63,"[2, 0, 1]","[""shove_fold"", ""policy_current"", ""shove_fold""]","[-100.0, 200.0, -100.0]","[-50.0, 100.0, -50.0]"
current_vs_2x_shove_fold,2783,63,"[2, 1, 0]","[""shove_fold"", ""shove_fold"", ""policy_current""]","[-100.0, 200.0, -100.0]","[-50.0, 100.0, -50.0]"
current_vs_2x_shove_fold,2784,64,"[0, 1, 2]","[""policy_current"", ""shove_fold"", ""shove_fold""]","[-1.0, -2.0, 3.0]","[-0.5, -1.0, 1.5]"
current_vs_2x_shove_fold,2785,64,"[0, 2, 1]","[""policy_current"", ""shove_fold"", ""shove_fold""]","[-1.0, -2.0, 3.0]","[-0.5, -1.0, 1.5]"
current_vs_2x_shove_fold,2786,64,"[1, 0, 2]","[""shove_fold"", ""policy_current"", ""shove_fold""]","[-1.0, -2.0, 3.0]","[-0.5, -1.0, 1.5]"
current_vs_2x_shove_fold,2787,64,"[1, 2, 0]","[""shove_fold"", ""shove_fold"", ""policy_current""]","[-1.0, 3.0, -2.0]","[-0.5, 1.5, -1.0]"
current_vs_2x_shove_fold,2788,64,"[2, 0, 1]","[""shove_fold"", ""policy_current"", ""shove_fold""]","[-1.0, -2.0, 3.0]","[-0.5, -1.0, 1.5]"
current_vs_2x_shove_fold,2789,64,"[2, 1, 0]","[""shove_fold"", ""shove_fold"", ""policy_current""]","[-1.0, 3.0, -2.0]","[-0.5, 1.5, -1.0]"
current_vs_2x_shove_fold,2790,65,"[0, 1, 2]","[""policy_current"", ""shove_fold"", ""shove_fold""]","[-100.0, 100.0, 0.0]","[-50.0, 50.0, 0.0]"
current_vs_2x_shove_fold,2791,65,"[0, 2, 1]","[""policy_current"", ""shove_fold"", ""shove_fold""]","[-100.0, 100.0, 0.0]","[-50.0, 50.0, 0.0]"
current_vs_2x_shove_fold,2792,65,"[1, 0, 2]","[""shove_fold"", ""policy_current"", ""shove_fold""]","[-1.0, 1.0, 0.0]","[-0.5, 0.5, 0.0]"
current_vs_2x_shove_fold,2793,65,"[1, 2, 0]","[""shove_fold"", ""shove_fold"", ""policy_current""]","[-1.0, 101.0, -100.0]","[-0.5, 50.5, -50.0]"
current_vs_2x_shove_fold,2794,65,"[2, 0, 1]","[""shove_fold"", ""policy_current"", ""shove_fold""]","[-1.0, 1.0, 0.0]","[-0.5, 0.5, 0.0]"
current_vs_2x_shove_fold,2795,65,"[2, 1, 0]","[""shove_fold"", ""shove_fold"", ""policy_current""]","[-1.0, 101.0, -100.0]","[-0.5, 50.5, -50.0]"
current_vs_2x_shove_fold,2796,66,"[0, 1, 2]","[""policy_current"", ""shove_fold"", ""shove_fold""]","[-1.0, 1.0, 0.0]","[-0.5, 0.5, 0.0]"
current_vs_2x_shove_fold,2797,66,"[0, 2, 1]","[""policy_current"", ""shove_fold"", ""shove_fold""]","[-1.0, 1.0, 0.0]","[-0.5, 0.5, 0.0]"
current_vs_2x_shove_fold,2798,66,"[1, 0, 2]","[""shove_fold"", ""policy_current"", ""shove_fold""]","[2.0, -2.0, 0.0]","[1.0, -1.0, 0.0]"
current_vs_2x_shove_fold,2799,66,"[1, 2, 0]","[""shove_fold"", ""shove_fold"", ""policy_current""]","[2.0, -2.0, 0.0]","[1.0, -1.0, 0.0]"
current_vs_2x_shove_fold,2800,66,"[2, 0, 1]","[""shove_fold"", ""policy_current"", ""shove_fold""]","[2.0, -2.0, 0.0]","[1.0, -1.0, 0.0]"
current_vs_2x_shove_fold,2801,66,"[2, 1, 0]","[""shove_fold"", ""shove_fold"", ""policy_current""]","[2.0, -2.0, 0.0]","[1.0, -1.0, 0.0]"
current_vs_2x_shove_fold,2802,67,"[0, 1, 2]","[""policy_current"", ""shove_fold"", ""shove_fold""]","[-1.0, 1.0, 0.0]","[-0.5, 0.5, 0.0]"
current_vs_2x_shove_fold,2803,67,"[0, 2, 1]","[""policy_current"", ""shove_fold"", ""shove_fold""]","[-1.0, 1.0, 0.0]","[-0.5, 0.5, 0.0]"
current_vs_2x_shove_fold,2804,67,"[1, 0, 2]","[""shove_fold"", ""policy_current"", ""shove_fold""]","[-1.0, 1.0, 0.0]","[-0.5, 0.5, 0.0]"
current_vs_2x_shove_fold,2805,67,"[1, 2, 0]","[""shove_fold"", ""shove_fold"", ""policy_current""]","[-1.0, 1.0, 0.0]","[-0.5, 0.5, 0.0]"
current_vs_2x_shove_fold,2806,67,"[2, 0, 1]","[""shove_fold"", ""policy_current"", ""shove_fold""]","[-1.0, 1.0, 0.0]","[-0.5, 0.5, 0.0]"
current_vs_2x_shove_fold,2807,67,"[2, 1, 0]","[""shove_fold"", ""shove_fold"", ""policy_current""]","[-1.0, 1.0, 0.0]","[-0.5, 0.5, 0.0]"
current_vs_2x_shove_fold,2808,68,"[0, 1, 2]","[""policy_current"", ""shove_fold"", ""shove_fold""]","[2.0, -2.0, 0.0]","[1.0, -1.0, 0.0]"
current_vs_2x_shove_fold,2809,68,"[0, 2, 1]","[""policy_current"", ""shove_fold"", ""shove_fold""]","[2.0, -2.0, 0.0]","[1.0, -1.0, 0.0]"
current_vs_2x_shove_fold,2810,68,"[1, 0, 2]","[""shove_fold"", ""policy_current"", ""shove_fold""]","[-100.0, 100.0, 0.0]","[-50.0, 50.0, 0.0]"
current_vs_2x_shove_fold,2811,68,"[1, 2, 0]","[""shove_fold"", ""shove_fold"", ""policy_current""]","[10.0, -2.0, -8.0]","[5.0, -1.0, -4.0]"
current_vs_2x_shove_fold,2812,68,"[2, 0, 1]","[""shove_fold"", ""policy_current"", ""shove_fold""]","[-100.0, 100.0, 0.0]","[-50.0, 50.0, 0.0]"
current_vs_2x_shove_fold,2813,68,"[2, 1, 0]","[""shove_fold"", ""shove_fold"", ""policy_current""]","[10.0, -2.0, -8.0]","[5.0, -1.0, -4.0]"
current_vs_2x_shove_fold,2814,69,"[0, 1, 2]","[""policy_current"", ""shove_fold"", ""shove_fold""]","[100.0, -100.0, 0.0]","[50.0, -50.0, 0.0]"
current_vs_2x_shove_fold,2815,69,"[0, 2, 1]","[""policy_current"", ""shove_fold"", ""shove_fold""]","[100.0, -100.0, 0.0]","[50.0, -50.0, 0.0]"
current_vs_2x_shove_fold,2816,69,"[1, 0, 2]","[""shove_fold"", ""policy_current"", ""shove_fold""]","[-1.0, 1.0, 0.0]","[-0.5, 0.5, 0.0]"
current_vs_2x_shove_fold,2817,69,"[1, 2, 0]","[""shove_fold"", ""shove_fold"", ""policy_current""]","[-1.0, -100.0, 101.0]","[-0.5, -50.0, 50.5]"
current_vs_2x_shove_fold,2818,69,"[2, 0, 1]","[""shove_fold"", ""policy_current"", ""shove_fold""]","[-1.0, 1.0, 0.0]","[-0.5, 0.5, 0.0]"
current_vs_2x_shove_fold,2819,69,"[2, 1, 0]","[""shove_fold"", ""shove_fold"", ""policy_current""]","[-1.0, -100.0, 101.0]","[-0.5, -50.0, 50.5]"
current_vs_2x_shove_fold,2820,70,"[0, 1, 2]","[""policy_current"", ""shove_fold"", ""shove_fold""]","[-1.0, 1.0, 0.0]","[-0.5, 0.5, 0.0]"
current_vs_2x_shove_fold,2821,70,"[0, 2, 1]","[""policy_current"", ""shove_fold"", ""shove_fold""]","[-1.0, 1.0, 0.0]","[-0.5, 0.5, 0.0]"
current_vs_2x_shove_fold,2822,70,"[1, 0, 2]","[""shove_fold"", ""policy_current"", ""shove_fold""]","[-1.0, 1.0, 0.0]","[-0.5, 0.5, 0.0]"
current_vs_2x_shove_fold,2823,70,"[1, 2, 0]","[""shove_fold"", ""shove_fold"", ""policy_current""]","[-1.0, 1.0, 0.0]","[-0.5, 0.5, 0.0]"
current_vs_2x_shove_fold,2824,70,"[2, 0, 1]","[""shove_fold"", ""policy_current"", ""shove_fold""]","[-1.0, 1.0, 0.0]","[-0.5, 0.5, 0.0]"
current_vs_2x_shove_fold,2825,70,"[2, 1, 0]","[""shove_fold"", ""shove_fold"", ""policy_current""]","[-1.0, 1.0, 0.0]","[-0.5, 0.5, 0.0]"
current_vs_2x_shove_fold,2826,71,"[0, 1, 2]","[""policy_current"", ""shove_fold"", ""shove_fold""]","[-100.0, 100.0, 0.0]","[-50.0, 50.0, 0.0]"
current_vs_2x_shove_fold,2827,71,"[0, 2, 1]","[""policy_current"", ""shove_fold"", ""shove_fold""]","[-100.0, 100.0, 0.0]","[-50.0, 50.0, 0.0]"
current_vs_2x_shove_fold,2828,71,"[1, 0, 2]","[""shove_fold"", ""policy_current"", ""shove_fold""]","[-1.0, 1.0, 0.0]","[-0.5, 0.5, 0.0]"
current_vs_2x_shove_fold,2829,71,"[1, 2, 0]","[""shove_fold"", ""shove_fold"", ""policy_current""]","[-1.0, 1.0, 0.0]","[-0.5, 0.5, 0.0]"
current_vs_2x_shove_fold,2830,71,"[2, 0, 1]","[""shove_fold"", ""policy_current"", ""shove_fold""]","[-1.0, 1.0, 0.0]","[-0.5, 0.5, 0.0]"
current_vs_2x_shove_fold,2831,71,"[2, 1, 0]","[""shove_fold"", ""shove_fold"", ""policy_current""]","[-1.0, 1.0, 0.0]","[-0.5, 0.5, 0.0]"
current_vs_2x_shove_fold,2832,72,"[0, 1, 2]","[""policy_current"", ""shove_fold"", ""shove_fold""]","[-1.0, 1.0, 0.0]","[-0.5, 0.5, 0.0]"
current_vs_2x_shove_fold,2833,72,"[0, 2, 1]","[""policy_current"", ""shove_fold"", ""shove_fold""]","[-1.0, 1.0, 0.0]","[-0.5, 0.5, 0.0]"
current_vs_2x_shove_fold,2834,72,"[1, 0, 2]","[""shove_fold"", ""policy_current"", ""shove_fold""]","[-1.0, 1.0, 0.0]","[-0.5, 0.5, 0.0]"
current_vs_2x_shove_fold,2835,72,"[1, 2, 0]","[""shove_fold"", ""shove_fold"", ""policy_current""]","[-1.0, 1.0, 0.0]","[-0.5, 0.5, 0.0]"
current_vs_2x_shove_fold,2836,72,"[2, 0, 1]","[""shove_fold"", ""policy_current"", ""shove_fold""]","[-1.0, 1.0, 0.0]","[-0.5, 0.5, 0.0]"
current_vs_2x_shove_fold,2837,72,"[2, 1, 0]","[""shove_fold"", ""shove_fold"", ""policy_current""]","[-1.0, 1.0, 0.0]","[-0.5, 0.5, 0.0]"
current_vs_2x_shove_fold,2838,73,"[0, 1, 2]","[""policy_current"", ""shove_fold"", ""shove_fold""]","[-1.0, 1.0, 0.0]","[-0.5, 0.5, 0.0]"
current_vs_2x_shove_fold,2839,73,"[0, 2, 1]","[""policy_current"", ""shove_fold"", ""shove_fold""]","[-1.0, 1.0, 0.0]","[-0.5, 0.5, 0.0]"
current_vs_2x_shove_fold,2840,73,"[1, 0, 2]","[""shove_fold"", ""policy_current"", ""shove_fold""]","[-1.0, 1.0, 0.0]","[-0.5, 0.5, 0.0]"
current_vs_2x_shove_fold,2841,73,"[1, 2, 0]","[""shove_fold"", ""shove_fold"", ""policy_current""]","[-1.0, 1.0, 0.0]","[-0.5, 0.5, 0.0]"
current_vs_2x_shove_fold,2842,73,"[2, 0, 1]","[""shove_fold"", ""policy_current"", ""shove_fold""]","[-1.0, 1.0, 0.0]","[-0.5, 0.5, 0.0]"
current_vs_2x_shove_fold,2843,73,"[2, 1, 0]","[""shove_fold"", ""shove_fold"", ""policy_current""]","[-1.0, 1.0, 0.0]","[-0.5, 0.5, 0.0]"
current_vs_2x_shove_fold,2844,74,"[0, 1, 2]","[""policy_current"", ""shove_fold"", ""shove_fold""]","[-1.0, 1.0, 0.0]","[-0.5, 0.5, 0.0]"
current_vs_2x_shove_fold,2845,74,"[0, 2, 1]","[""policy_current"", ""shove_fold"", ""shove_fold""]","[-1.0, 1.0, 0.0]","[-0.5, 0.5, 0.0]"
current_vs_2x_shove_fold,2846,74,"[1, 0, 2]","[""shove_fold"", ""policy_current"", ""shove_fold""]","[-1.0, 1.0, 0.0]","[-0.5, 0.5, 0.0]"
current_vs_2x_shove_fold,2847,74,"[1, 2, 0]","[""shove_fold"", ""shove_fold"", ""policy_current""]","[-1.0, 1.0, 0.0]","[-0.5, 0.5, 0.0]"
current_vs_2x_shove_fold,2848,74,"[2, 0, 1]","[""shove_fold"", ""policy_current"", ""shove_fold""]","[-1.0, 1.0, 0.0]","[-0.5, 0.5, 0.0]"
current_vs_2x_shove_fold,2849,74,"[2, 1, 0]","[""shove_fold"", ""shove_fold"", ""policy_current""]","[-1.0, 1.0, 0.0]","[-0.5, 0.5, 0.0]"
current_vs_2x_shove_fold,2850,75,"[0, 1, 2]","[""policy_current"", ""shove_fold"", ""shove_fold""]","[-2.0, 2.0, 0.0]","[-1.0, 1.0, 0.0]"
current_vs_2x_shove_fold,2851,75,"[0, 2, 1]","[""policy_current"", ""shove_fold"", ""shove_fold""]","[-2.0, 2.0, 0.0]","[-1.0, 1.0, 0.0]"
current_vs_2x_shove_fold,2852,75,"[1, 0, 2]","[""shove_fold"", ""policy_current"", ""shove_fold""]","[-1.0, 1.0, 0.0]","[-0.5, 0.5, 0.0]"
current_vs_2x_shove_fold,2853,75,"[1, 2, 0]","[""shove_fold"", ""shove_fold"", ""policy_current""]","[-1.0, 101.0, -100.0]","[-0.5, 50.5, -50.0]"
current_vs_2x_shove_fold,2854,75,"[2, 0, 1]","[""shove_fold"", ""policy_current"", ""shove_fold""]","[-1.0, 1.0, 0.0]","[-0.5, 0.5, 0.0]"
current_vs_2x_shove_fold,2855,75,"[2, 1, 0]","[""shove_fold"", ""shove_fold"", ""policy_current""]","[-1.0, 101.0, -100.0]","[-0.5, 50.5, -50.0]"
current_vs_2x_shove_fold,2856,76,"[0, 1, 2]","[""policy_current"", ""shove_fold"", ""shove_fold""]","[-1.0, 1.0, 0.0]","[-0.5, 0.5, 0.0]"
current_vs_2x_shove_fold,2857,76,"[0, 2, 1]","[""policy_current"", ""shove_fold"", ""shove_fold""]","[-1.0, 1.0, 0.0]","[-0.5, 0.5, 0.0]"
current_vs_2x_shove_fold,2858,76,"[1, 0, 2]","[""shove_fold"", ""policy_current"", ""shove_fold""]","[-1.0, 1.0, 0.0]","[-0.5, 0.5, 0.0]"
current_vs_2x_shove_fold,2859,76,"[1, 2, 0]","[""shove_fold"", ""shove_fold"", ""policy_current""]","[-1.0, -2.0, 3.0]","[-0.5, -1.0, 1.5]"
current_vs_2x_shove_fold,2860,76,"[2, 0, 1]","[""shove_fold"", ""policy_current"", ""shove_fold""]","[-1.0, 1.0, 0.0]","[-0.5, 0.5, 0.0]"
current_vs_2x_shove_fold,2861,76,"[2, 1, 0]","[""shove_fold"", ""shove_fold"", ""policy_current""]","[-1.0, -2.0, 3.0]","[-0.5, -1.0, 1.5]"
current_vs_2x_shove_fold,2862,77,"[0, 1, 2]","[""policy_current"", ""shove_fold"", ""shove_fold""]","[-1.0, 1.0, 0.0]","[-0.5, 0.5, 0.0]"
current_vs_2x_shove_fold,2863,77,"[0, 2, 1]","[""policy_current"", ""shove_fold"", ""shove_fold""]","[-1.0, 1.0, 0.0]","[-0.5, 0.5, 0.0]"
current_vs_2x_shove_fold,2864,77,"[1, 0, 2]","[""shove_fold"", ""policy_current"", ""shove_fold""]","[-1.0, 1.0, 0.0]","[-0.5, 0.5, 0.0]"
current_vs_2x_shove_fold,2865,77,"[1, 2, 0]","[""shove_fold"", ""shove_fold"", ""policy_current""]","[-1.0, 1.0, 0.0]","[-0.5, 0.5, 0.0]"
current_vs_2x_shove_fold,2866,77,"[2, 0, 1]","[""shove_fold"", ""policy_current"", ""shove_fold""]","[-1.0, 1.0, 0.0]","[-0.5, 0.5, 0.0]"
current_vs_2x_shove_fold,2867,77,"[2, 1, 0]","[""shove_fold"", ""shove_fold"", ""policy_current""]","[-1.0, 1.0, 0.0]","[-0.5, 0.5, 0.0]"
current_vs_2x_shove_fold,2868,78,"[0, 1, 2]","[""policy_current"", ""shove_fold"", ""shove_fold""]","[-1.0, 1.0, 0.0]","[-0.5, 0.5, 0.0]"
current_vs_2x_shove_fold,2869,78,"[0, 2, 1]","[""policy_current"", ""shove_fold"", ""shove_fold""]","[-1.0, 1.0, 0.0]","[-0.5, 0.5, 0.0]"
current_vs_2x_shove_fold,2870,78,"[1, 0, 2]","[""shove_fold"", ""policy_current"", ""shove_fold""]","[-1.0, 1.0, 0.0]","[-0.5, 0.5, 0.0]"
current_vs_2x_shove_fold,2871,78,"[1, 2, 0]","[""shove_fold"", ""shove_fold"", ""policy_current""]","[-1.0, -2.0, 3.0]","[-0.5, -1.0, 1.5]"
current_vs_2x_shove_fold,2872,78,"[2, 0, 1]","[""shove_fold"", ""policy_current"", ""shove_fold""]","[-1.0, 1.0, 0.0]","[-0.5, 0.5, 0.0]"
current_vs_2x_shove_fold,2873,78,"[2, 1, 0]","[""shove_fold"", ""shove_fold"", ""policy_current""]","[-1.0, -2.0, 3.0]","[-0.5, -1.0, 1.5]"
current_vs_2x_shove_fold,2874,79,"[0, 1, 2]","[""policy_current"", ""shove_fold"", ""shove_fold""]","[2.0, -2.0, 0.0]","[1.0, -1.0, 0.0]"
current_vs_2x_shove_fold,2875,79,"[0, 2, 1]","[""policy_current"", ""shove_fold"", ""shove_fold""]","[2.0, -2.0, 0.0]","[1.0, -1.0, 0.0]"
current_vs_2x_shove_fold,2876,79,"[1, 0, 2]","[""shove_fold"", ""policy_current"", ""shove_fold""]","[-1.0, 1.0, 0.0]","[-0.5, 0.5, 0.0]"
current_vs_2x_shove_fold,2877,79,"[1, 2, 0]","[""shove_fold"", ""shove_fold"", ""policy_current""]","[-1.0, 1.0, 0.0]","[-0.5, 0.5, 0.0]"
current_vs_2x_shove_fold,2878,79,"[2, 0, 1]","[""shove_fold"", ""policy_current"", ""shove_fold""]","[-1.0, 1.0, 0.0]","[-0.5, 0.5, 0.0]"
current_vs_2x_shove_fold,2879,79,"[2, 1, 0]","[""shove_fold"", ""shove_fold"", ""policy_current""]","[-1.0, 1.0, 0.0]","[-0.5, 0.5, 0.0]"
current_vs_2x_shove_fold,2880,80,"[0, 1, 2]","[""policy_current"", ""shove_fold"", ""shove_fold""]","[2.0, -2.0, 0.0]","[1.0, -1.0, 0.0]"
current_vs_2x_shove_fold,2881,80,"[0, 2, 1]","[""policy_current"", ""shove_fold"", ""shove_fold""]","[2.0, -2.0, 0.0]","[1.0, -1.0, 0.0]"
current_vs_2x_shove_fold,2882,80,"[1, 0, 2]","[""shove_fold"", ""policy_current"", ""shove_fold""]","[-1.0, 1.0, 0.0]","[-0.5, 0.5, 0.0]"
current_vs_2x_shove_fold,2883,80,"[1, 2, 0]","[""shove_fold"", ""shove_fold"", ""policy_current""]","[-1.0, 3.0, -2.0]","[-0.5, 1.5, -1.0]"
current_vs_2x_shove_fold,2884,80,"[2, 0, 1]","[""shove_fold"", ""policy_current"", ""shove_fold""]","[-1.0, 1.0, 0.0]","[-0.5, 0.5, 0.0]"
current_vs_2x_shove_fold,2885,80,"[2, 1, 0]","[""shove_fold"", ""shove_fold"", ""policy_current""]","[-1.0, 3.0, -2.0]","[-0.5, 1.5, -1.0]"
current_vs_2x_shove_fold,2886,81,"[0, 1, 2]","[""policy_current"", ""shove_fold"", ""shove_fold""]","[2.0, -2.0, 0.0]","[1.0, -1.0, 0.0]"
current_vs_2x_shove_fold,2887,81,"[0, 2, 1]","[""policy_current"", ""shove_fold"", ""shove_fold""]","[2.0, -2.0, 0.0]","[1.0, -1.0, 0.0]"
current_vs_2x_shove_fold,2888,81,"[1, 0, 2]","[""shove_fold"", ""policy_current"", ""shove_fold""]","[-1.0, 1.0, 0.0]","[-0.5, 0.5, 0.0]"
current_vs_2x_shove_fold,2889,81,"[1, 2, 0]","[""shove_fold"", ""shove_fold"", ""policy_current""]","[-1.0, -2.0, 3.0]","[-0.5, -1.0, 1.5]"
current_vs_2x_shove_fold,2890,81,"[2, 0, 1]","[""shove_fold"", ""policy_current"", ""shove_fold""]","[-1.0, 1.0, 0.0]","[-0.5, 0.5, 0.0]"
current_vs_2x_shove_fold,2891,81,"[2, 1, 0]","[""shove_fold"", ""shove_fold"", ""policy_current""]","[-1.0, -2.0, 3.0]","[-0.5, -1.0, 1.5]"
current_vs_2x_shove_fold,2892,82,"[0, 1, 2]","[""policy_current"", ""shove_fold"", ""shove_fold""]","[-1.0, 1.0, 0.0]","[-0.5, 0.5, 0.0]"
current_vs_2x_shove_fold,2893,82,"[0, 2, 1]","[""policy_current"", ""shove_fold"", ""shove_fold""]","[-1.0, 1.0, 0.0]","[-0.5, 0.5, 0.0]"
current_vs_2x_shove_fold,2894,82,"[1, 0, 2]","[""shove_fold"", ""policy_current"", ""shove_fold""]","[2.0, -2.0, 0.0]","[1.0, -1.0, 0.0]"
current_vs_2x_shove_fold,2895,82,"[1, 2, 0]","[""shove_fold"", ""shove_fold"", ""policy_current""]","[2.0, -2.0, 0.0]","[1.0, -1.0, 0.0]"
current_vs_2x_shove_fold,2896,82,"[2, 0, 1]","[""shove_fold"", ""policy_current"", ""shove_fold""]","[2.0, -2.0, 0.0]","[1.0, -1.0, 0.0]"
current_vs_2x_shove_fold,2897,82,"[2, 1, 0]","[""shove_fold"", ""shove_fold"", ""policy_current""]","[2.0, -2.0, 0.0]","[1.0, -1.0, 0.0]"
current_vs_2x_shove_fold,2898,83,"[0, 1, 2]","[""policy_current"", ""shove_fold"", ""shove_fold""]","[-1.0, 1.0, 0.0]","[-0.5, 0.5, 0.0]"
current_vs_2x_shove_fold,2899,83,"[0, 2, 1]","[""policy_current"", ""shove_fold"", ""shove_fold""]","[-1.0, 1.0, 0.0]","[-0.5, 0.5, 0.0]"
current_vs_2x_shove_fold,2900,83,"[1, 0, 2]","[""shove_fold"", ""policy_current"", ""shove_fold""]","[-1.0, 1.0, 0.0]","[-0.5, 0.5, 0.0]"
current_vs_2x_shove_fold,2901,83,"[1, 2, 0]","[""shove_fold"", ""shove_fold"", ""policy_current""]","[-1.0, 1.0, 0.0]","[-0.5, 0.5, 0.0]"
current_vs_2x_shove_fold,2902,83,"[2, 0, 1]","[""shove_fold"", ""policy_current"", ""shove_fold""]","[-1.0, 1.0, 0.0]","[-0.5, 0.5, 0.0]"
current_vs_2x_shove_fold,2903,83,"[2, 1, 0]","[""shove_fold"", ""shove_fold"", ""policy_current""]","[-1.0, 1.0, 0.0]","[-0.5, 0.5, 0.0]"
current_vs_2x_shove_fold,2904,84,"[0, 1, 2]","[""policy_current"", ""shove_fold"", ""shove_fold""]","[-1.0, -2.0, 3.0]","[-0.5, -1.0, 1.5]"
current_vs_2x_shove_fold,2905,84,"[0, 2, 1]","[""policy_current"", ""shove_fold"", ""shove_fold""]","[-1.0, -2.0, 3.0]","[-0.5, -1.0, 1.5]"
current_vs_2x_shove_fold,2906,84,"[1, 0, 2]","[""shove_fold"", ""policy_current"", ""shove_fold""]","[-1.0, -2.0, 3.0]","[-0.5, -1.0, 1.5]"
current_vs_2x_shove_fold,2907,84,"[1, 2, 0]","[""shove_fold"", ""shove_fold"", ""policy_current""]","[-1.0, 1.0, 0.0]","[-0.5, 0.5, 0.0]"
current_vs_2x_shove_fold,2908,84,"[2, 0, 1]","[""shove_fold"", ""policy_current"", ""shove_fold""]","[-1.0, -2.0, 3.0]","[-0.5, -1.0, 1.5]"
current_vs_2x_shove_fold,2909,84,"[2, 1, 0]","[""shove_fold"", ""shove_fold"", ""policy_current""]","[-1.0, 1.0, 0.0]","[-0.5, 0.5, 0.0]"
current_vs_2x_shove_fold,2910,85,"[0, 1, 2]","[""policy_current"", ""shove_fold"", ""shove_fold""]","[-1.0, 1.0, 0.0]","[-0.5, 0.5, 0.0]"
current_vs_2x_shove_fold,2911,85,"[0, 2, 1]","[""policy_current"", ""shove_fold"", ""shove_fold""]","[-1.0, 1.0, 0.0]","[-0.5, 0.5, 0.0]"
current_vs_2x_shove_fold,2912,85,"[1, 0, 2]","[""shove_fold"", ""policy_current"", ""shove_fold""]","[-1.0, 1.0, 0.0]","[-0.5, 0.5, 0.0]"
current_vs_2x_shove_fold,2913,85,"[1, 2, 0]","[""shove_fold"", ""shove_fold"", ""policy_current""]","[-1.0, 1.0, 0.0]","[-0.5, 0.5, 0.0]"
current_vs_2x_shove_fold,2914,85,"[2, 0, 1]","[""shove_fold"", ""policy_current"", ""shove_fold""]","[-1.0, 1.0, 0.0]","[-0.5, 0.5, 0.0]"
current_vs_2x_shove_fold,2915,85,"[2, 1, 0]","[""shove_fold"", ""shove_fold"", ""policy_current""]","[-1.0, 1.0, 0.0]","[-0.5, 0.5, 0.0]"
current_vs_2x_shove_fold,2916,86,"[0, 1, 2]","[""policy_current"", ""shove_fold"", ""shove_fold""]","[-100.0, 100.0, 0.0]","[-50.0, 50.0, 0.0]"
current_vs_2x_shove_fold,2917,86,"[0, 2, 1]","[""policy_current"", ""shove_fold"", ""shove_fold""]","[-100.0, 100.0, 0.0]","[-50.0, 50.0, 0.0]"
current_vs_2x_shove_fold,2918,86,"[1, 0, 2]","[""shove_fold"", ""policy_current"", ""shove_fold""]","[-100.0, 100.0, 0.0]","[-50.0, 50.0, 0.0]"
current_vs_2x_shove_fold,2919,86,"[1, 2, 0]","[""shove_fold"", ""shove_fold"", ""policy_current""]","[-100.0, 200.0, -100.0]","[-50.0, 100.0, -50.0]"
current_vs_2x_shove_fold,2920,86,"[2, 0, 1]","[""shove_fold"", ""policy_current"", ""shove_fold""]","[-100.0, 100.0, 0.0]","[-50.0, 50.0, 0.0]"
current_vs_2x_shove_fold,2921,86,"[2, 1, 0]","[""shove_fold"", ""shove_fold"", ""policy_current""]","[-100.0, 200.0, -100.0]","[-50.0, 100.0, -50.0]"
current_vs_2x_shove_fold,2922,87,"[0, 1, 2]","[""policy_current"", ""shove_fold"", ""shove_fold""]","[-1.0, -2.0, 3.0]","[-0.5, -1.0, 1.5]"
current_vs_2x_shove_fold,2923,87,"[0, 2, 1]","[""policy_current"", ""shove_fold"", ""shove_fold""]","[-1.0, -2.0, 3.0]","[-0.5, -1.0, 1.5]"
current_vs_2x_shove_fold,2924,87,"[1, 0, 2]","[""shove_fold"", ""policy_current"", ""shove_fold""]","[-1.0, -2.0, 3.0]","[-0.5, -1.0, 1.5]"
current_vs_2x_shove_fold,2925,87,"[1, 2, 0]","[""shove_fold"", ""shove_fold"", ""policy_current""]","[-1.0, 1.0, 0.0]","[-0.5, 0.5, 0.0]"
current_vs_2x_shove_fold,2926,87,"[2, 0, 1]","[""shove_fold"", ""policy_current"", ""shove_fold""]","[-1.0, -2.0, 3.0]","[-0.5, -1.0, 1.5]"
current_vs_2x_shove_fold,2927,87,"[2, 1, 0]","[""shove_fold"", ""shove_fold"", ""policy_current""]","[-1.0, 1.0, 0.0]","[-0.5, 0.5, 0.0]"
current_vs_2x_shove_fold,2928,88,"[0, 1, 2]","[""policy_current"", ""shove_fold"", ""shove_fold""]","[2.0, -2.0, 0.0]","[1.0, -1.0, 0.0]"
current_vs_2x_shove_fold,2929,88,"[0, 2, 1]","[""policy_current"", ""shove_fold"", ""shove_fold""]","[2.0, -2.0, 0.0]","[1.0, -1.0, 0.0]"
current_vs_2x_shove_fold,2930,88,"[1, 0, 2]","[""shove_fold"", ""policy_current"", ""shove_fold""]","[-100.0, 100.0, 0.0]","[-50.0, 50.0, 0.0]"
current_vs_2x_shove_fold,2931,88,"[1, 2, 0]","[""shove_fold"", ""shove_fold"", ""policy_current""]","[4.0, -2.0, -2.0]","[2.0, -1.0, -1.0]"
current_vs_2x_shove_fold,2932,88,"[2, 0, 1]","[""shove_fold"", ""policy_current"", ""shove_fold""]","[-100.0, 100.0, 0.0]","[-50.0, 50.0, 0.0]"
current_vs_2x_shove_fold,2933,88,"[2, 1, 0]","[""shove_fold"", ""shove_fold"", ""policy_current""]","[4.0, -2.0, -2.0]","[2.0, -1.0, -1.0]"
current_vs_2x_shove_fold,2934,89,"[0, 1, 2]","[""policy_current"", ""shove_fold"", ""shove_fold""]","[-1.0, -2.0, 3.0]","[-0.5, -1.0, 1.5]"
current_vs_2x_shove_fold,2935,89,"[0, 2, 1]","[""policy_current"", ""shove_fold"", ""shove_fold""]","[-1.0, -2.0, 3.0]","[-0.5, -1.0, 1.5]"
current_vs_2x_shove_fold,2936,89,"[1, 0, 2]","[""shove_fold"", ""policy_current"", ""shove_fold""]","[-1.0, -2.0, 3.0]","[-0.5, -1.0, 1.5]"
current_vs_2x_shove_fold,2937,89,"[1, 2, 0]","[""shove_fold"", ""shove_fold"", ""policy_current""]","[-1.0, 1.0, 0.0]","[-0.5, 0.5, 0.0]"
current_vs_2x_shove_fold,2938,89,"[2, 0, 1]","[""shove_fold"", ""policy_current"", ""shove_fold""]","[-1.0, -2.0, 3.0]","[-0.5, -1.0, 1.5]"
current_vs_2x_shove_fold,2939,89,"[2, 1, 0]","[""shove_fold"", ""shove_fold"", ""policy_current""]","[-1.0, 1.0, 0.0]","[-0.5, 0.5, 0.0]"
current_vs_2x_shove_fold,2940,90,"[0, 1, 2]","[""policy_current"", ""shove_fold"", ""shove_fold""]","[-1.0, -2.0, 3.0]","[-0.5, -1.0, 1.5]"
current_vs_2x_shove_fold,2941,90,"[0, 2, 1]","[""policy_current"", ""shove_fold"", ""shove_fold""]","[-1.0, -2.0, 3.0]","[-0.5, -1.0, 1.5]"
current_vs_2x_shove_fold,2942,90,"[1, 0, 2]","[""shove_fold"", ""policy_current"", ""shove_fold""]","[-1.0, -2.0, 3.0]","[-0.5, -1.0, 1.5]"
current_vs_2x_shove_fold,2943,90,"[1, 2, 0]","[""shove_fold"", ""shove_fold"", ""policy_current""]","[-1.0, -2.0, 3.0]","[-0.5, -1.0, 1.5]"
current_vs_2x_shove_fold,2944,90,"[2, 0, 1]","[""shove_fold"", ""policy_current"", ""shove_fold""]","[-1.0, -2.0, 3.0]","[-0.5, -1.0, 1.5]"
current_vs_2x_shove_fold,2945,90,"[2, 1, 0]","[""shove_fold"", ""shove_fold"", ""policy_current""]","[-1.0, -2.0, 3.0]","[-0.5, -1.0, 1.5]"
current_vs_2x_shove_fold,2946,91,"[0, 1, 2]","[""policy_current"", ""shove_fold"", ""shove_fold""]","[2.0, -2.0, 0.0]","[1.0, -1.0, 0.0]"
current_vs_2x_shove_fold,2947,91,"[0, 2, 1]","[""policy_current"", ""shove_fold"", ""shove_fold""]","[2.0, -2.0, 0.0]","[1.0, -1.0, 0.0]"
current_vs_2x_shove_fold,2948,91,"[1, 0, 2]","[""shove_fold"", ""policy_current"", ""shove_fold""]","[-1.0, 1.0, 0.0]","[-0.5, 0.5, 0.0]"
current_vs_2x_shove_fold,2949,91,"[1, 2, 0]","[""shove_fold"", ""shove_fold"", ""policy_current""]","[-1.0, 1.0, 0.0]","[-0.5, 0.5, 0.0]"
current_vs_2x_shove_fold,2950,91,"[2, 0, 1]","[""shove_fold"", ""policy_current"", ""shove_fold""]","[-1.0, 1.0, 0.0]","[-0.5, 0.5, 0.0]"
current_vs_2x_shove_fold,2951,91,"[2, 1, 0]","[""shove_fold"", ""shove_fold"", ""policy_current""]","[-1.0, 1.0, 0.0]","[-0.5, 0.5, 0.0]"
current_vs_2x_shove_fold,2952,92,"[0, 1, 2]","[""policy_current"", ""shove_fold"", ""shove_fold""]","[2.0, -2.0, 0.0]","[1.0, -1.0, 0.0]"
current_vs_2x_shove_fold,2953,92,"[0, 2, 1]","[""policy_current"", ""shove_fold"", ""shove_fold""]","[2.0, -2.0, 0.0]","[1.0, -1.0, 0.0]"
current_vs_2x_shove_fold,2954,92,"[1, 0, 2]","[""shove_fold"", ""policy_current"", ""shove_fold""]","[-1.0, 1.0, 0.0]","[-0.5, 0.5, 0.0]"
current_vs_2x_shove_fold,2955,92,"[1, 2, 0]","[""shove_fold"", ""shove_fold"", ""policy_current""]","[-1.0, -2.0, 3.0]","[-0.5, -1.0, 1.5]"
current_vs_2x_shove_fold,2956,92,"[2, 0, 1]","[""shove_fold"", ""policy_current"", ""shove_fold""]","[-1.0, 1.0, 0.0]","[-0.5, 0.5, 0.0]"
current_vs_2x_shove_fold,2957,92,"[2, 1, 0]","[""shove_fold"", ""shove_fold"", ""policy_current""]","[-1.0, -2.0, 3.0]","[-0.5, -1.0, 1.5]"
current_vs_2x_shove_fold,2958,93,"[0, 1, 2]","[""policy_current"", ""shove_fold"", ""shove_fold""]","[-1.0, -100.0, 101.0]","[-0.5, -50.0, 50.5]"
current_vs_2x_shove_fold,2959,93,"[0, 2, 1]","[""policy_current"", ""shove_fold"", ""shove_fold""]","[-1.0, -100.0, 101.0]","[-0.5, -50.0, 50.5]"
current_vs_2x_shove_fold,2960,93,"[1, 0, 2]","[""shove_fold"", ""policy_current"", ""shove_fold""]","[-1.0, -2.0, 3.0]","[-0.5, -1.0, 1.5]"
current_vs_2x_shove_fold,2961,93,"[1, 2, 0]","[""shove_fold"", ""shove_fold"", ""policy_current""]","[-1.0, -100.0, 101.0]","[-0.5, -50.0, 50.5]"
current_vs_2x_shove_fold,2962,93,"[2, 0, 1]","[""shove_fold"", ""policy_current"", ""shove_fold""]","[-1.0, -2.0, 3.0]","[-0.5, -1.0, 1.5]"
current_vs_2x_shove_fold,2963,93,"[2, 1, 0]","[""shove_fold"", ""shove_fold"", ""policy_current""]","[-1.0, -100.0, 101.0]","[-0.5, -50.0, 50.5]"
current_vs_2x_shove_fold,2964,94,"[0, 1, 2]","[""policy_current"", ""shove_fold"", ""shove_fold""]","[-1.0, 1.0, 0.0]","[-0.5, 0.5, 0.0]"
current_vs_2x_shove_fold,2965,94,"[0, 2, 1]","[""policy_current"", ""shove_fold"", ""shove_fold""]","[-1.0, 1.0, 0.0]","[-0.5, 0.5, 0.0]"
current_vs_2x_shove_fold,2966,94,"[1, 0, 2]","[""shove_fold"", ""policy_current"", ""shove_fold""]","[-1.0, 1.0, 0.0]","[-0.5, 0.5, 0.0]"
current_vs_2x_shove_fold,2967,94,"[1, 2, 0]","[""shove_fold"", ""shove_fold"", ""policy_current""]","[-1.0, 1.0, 0.0]","[-0.5, 0.5, 0.0]"
current_vs_2x_shove_fold,2968,94,"[2, 0, 1]","[""shove_fold"", ""policy_current"", ""shove_fold""]","[-1.0, 1.0, 0.0]","[-0.5, 0.5, 0.0]"
current_vs_2x_shove_fold,2969,94,"[2, 1, 0]","[""shove_fold"", ""shove_fold"", ""policy_current""]","[-1.0, 1.0, 0.0]","[-0.5, 0.5, 0.0]"
current_vs_2x_shove_fold,2970,95,"[0, 1, 2]","[""policy_current"", ""shove_fold"", ""shove_fold""]","[-1.0, 1.0, 0.0]","[-0.5, 0.5, 0.0]"
current_vs_2x_shove_fold,2971,95,"[0, 2, 1]","[""policy_current"", ""shove_fold"", ""shove_fold""]","[-1.0, 1.0, 0.0]","[-0.5, 0.5, 0.0]"
current_vs_2x_shove_fold,2972,95,"[1, 0, 2]","[""shove_fold"", ""policy_current"", ""shove_fold""]","[-1.0, 1.0, 0.0]","[-0.5, 0.5, 0.0]"
current_vs_2x_shove_fold,2973,95,"[1, 2, 0]","[""shove_fold"", ""shove_fold"", ""policy_current""]","[-1.0, 3.0, -2.0]","[-0.5, 1.5, -1.0]"
current_vs_2x_shove_fold,2974,95,"[2, 0, 1]","[""shove_fold"", ""policy_current"", ""shove_fold""]","[-1.0, 1.0, 0.0]","[-0.5, 0.5, 0.0]"
current_vs_2x_shove_fold,2975,95,"[2, 1, 0]","[""shove_fold"", ""shove_fold"", ""policy_current""]","[-1.0, 3.0, -2.0]","[-0.5, 1.5, -1.0]"
current_vs_2x_shove_fold,2976,96,"[0, 1, 2]","[""policy_current"", ""shove_fold"", ""shove_fold""]","[-1.0, -2.0, 3.0]","[-0.5, -1.0, 1.5]"
current_vs_2x_shove_fold,2977,96,"[0, 2, 1]","[""policy_current"", ""shove_fold"", ""shove_fold""]","[-1.0, -2.0, 3.0]","[-0.5, -1.0, 1.5]"
current_vs_2x_shove_fold,2978,96,"[1, 0, 2]","[""shove_fold"", ""policy_current"", ""shove_fold""]","[-1.0, -2.0, 3.0]","[-0.5, -1.0, 1.5]"
current_vs_2x_shove_fold,2979,96,"[1, 2, 0]","[""shove_fold"", ""shove_fold"", ""policy_current""]","[-1.0, -2.0, 3.0]","[-0.5, -1.0, 1.5]"
current_vs_2x_shove_fold,2980,96,"[2, 0, 1]","[""shove_fold"", ""policy_current"", ""shove_fold""]","[-1.0, -2.0, 3.0]","[-0.5, -1.0, 1.5]"
current_vs_2x_shove_fold,2981,96,"[2, 1, 0]","[""shove_fold"", ""shove_fold"", ""policy_current""]","[-1.0, -2.0, 3.0]","[-0.5, -1.0, 1.5]"
current_vs_2x_shove_fold,2982,97,"[0, 1, 2]","[""policy_current"", ""shove_fold"", ""shove_fold""]","[-1.0, 1.0, 0.0]","[-0.5, 0.5, 0.0]"
current_vs_2x_shove_fold,2983,97,"[0, 2, 1]","[""policy_current"", ""shove_fold"", ""shove_fold""]","[-1.0, 1.0, 0.0]","[-0.5, 0.5, 0.0]"
current_vs_2x_shove_fold,2984,97,"[1, 0, 2]","[""shove_fold"", ""policy_current"", ""shove_fold""]","[2.0, -2.0, 0.0]","[1.0, -1.0, 0.0]"
current_vs_2x_shove_fold,2985,97,"[1, 2, 0]","[""shove_fold"", ""shove_fold"", ""policy_current""]","[2.0, -2.0, 0.0]","[1.0, -1.0, 0.0]"
current_vs_2x_shove_fold,2986,97,"[2, 0, 1]","[""shove_fold"", ""policy_current"", ""shove_fold""]","[2.0, -2.0, 0.0]","[1.0, -1.0, 0.0]"
current_vs_2x_shove_fold,2987,97,"[2, 1, 0]","[""shove_fold"", ""shove_fold"", ""policy_current""]","[2.0, -2.0, 0.0]","[1.0, -1.0, 0.0]"
current_vs_2x_shove_fold,2988,98,"[0, 1, 2]","[""policy_current"", ""shove_fold"", ""shove_fold""]","[-2.0, 2.0, 0.0]","[-1.0, 1.0, 0.0]"
current_vs_2x_shove_fold,2989,98,"[0, 2, 1]","[""policy_current"", ""shove_fold"", ""shove_fold""]","[-2.0, 2.0, 0.0]","[-1.0, 1.0, 0.0]"
current_vs_2x_shove_fold,2990,98,"[1, 0, 2]","[""shove_fold"", ""policy_current"", ""shove_fold""]","[2.0, -2.0, 0.0]","[1.0, -1.0, 0.0]"
current_vs_2x_shove_fold,2991,98,"[1, 2, 0]","[""shove_fold"", ""shove_fold"", ""policy_current""]","[100.0, -100.0, 0.0]","[50.0, -50.0, 0.0]"
current_vs_2x_shove_fold,2992,98,"[2, 0, 1]","[""shove_fold"", ""policy_current"", ""shove_fold""]","[2.0, -2.0, 0.0]","[1.0, -1.0, 0.0]"
current_vs_2x_shove_fold,2993,98,"[2, 1, 0]","[""shove_fold"", ""shove_fold"", ""policy_current""]","[100.0, -100.0, 0.0]","[50.0, -50.0, 0.0]"
current_vs_2x_shove_fold,2994,99,"[0, 1, 2]","[""policy_current"", ""shove_fold"", ""shove_fold""]","[2.0, -2.0, 0.0]","[1.0, -1.0, 0.0]"
current_vs_2x_shove_fold,2995,99,"[0, 2, 1]","[""policy_current"", ""shove_fold"", ""shove_fold""]","[2.0, -2.0, 0.0]","[1.0, -1.0, 0.0]"
current_vs_2x_shove_fold,2996,99,"[1, 0, 2]","[""shove_fold"", ""policy_current"", ""shove_fold""]","[-100.0, 100.0, 0.0]","[-50.0, 50.0, 0.0]"
current_vs_2x_shove_fold,2997,99,"[1, 2, 0]","[""shove_fold"", ""shove_fold"", ""policy_current""]","[4.0, -2.0, -2.0]","[2.0, -1.0, -1.0]"
current_vs_2x_shove_fold,2998,99,"[2, 0, 1]","[""shove_fold"", ""policy_current"", ""shove_fold""]","[-100.0, 100.0, 0.0]","[-50.0, 50.0, 0.0]"
current_vs_2x_shove_fold,2999,99,"[2, 1, 0]","[""shove_fold"", ""shove_fold"", ""policy_current""]","[4.0, -2.0, -2.0]","[2.0, -1.0, -1.0]"
current_vs_old_vs_random,3000,0,"[0, 1, 2]","[""policy_current"", ""policy_old"", ""random""]","[-1.0, 1.0, 0.0]","[-0.5, 0.5, 0.0]"
current_vs_old_vs_random,3001,0,"[0, 2, 1]","[""policy_current"", ""random"", ""policy_old""]","[-20.0, 20.0, 0.0]","[-10.0, 10.0, 0.0]"
current_vs_old_vs_random,3002,0,"[1, 0, 2]","[""policy_old"", ""policy_current"", ""random""]","[-1.0, 1.0, 0.0]","[-0.5, 0.5, 0.0]"
current_vs_old_vs_random,3003,0,"[1, 2, 0]","[""policy_old"", ""random"", ""policy_current""]","[-20.0, 20.0, 0.0]","[-10.0, 10.0, 0.0]"
current_vs_old_vs_random,3004,0,"[2, 0, 1]","[""random"", ""policy_current"", ""policy_old""]","[-1.0, 1.0, 0.0]","[-0.5, 0.5, 0.0]"
current_vs_old_vs_random,3005,0,"[2, 1, 0]","[""random"", ""policy_old"", ""policy_current""]","[-1.0, 1.0, 0.0]","[-0.5, 0.5, 0.0]"
current_vs_old_vs_random,3006,1,"[0, 1, 2]","[""policy_current"", ""policy_old"", ""random""]","[-8.0, 8.0, 0.0]","[-4.0, 4.0, 0.0]"
current_vs_old_vs_random,3007,1,"[0, 2, 1]","[""policy_current"", ""random"", ""policy_old""]","[-100.0, 100.0, 0.0]","[-50.0, 50.0, 0.0]"
current_vs_old_vs_random,3008,1,"[1, 0, 2]","[""policy_old"", ""policy_current"", ""random""]","[2.0, -2.0, 0.0]","[1.0, -1.0, 0.0]"
current_vs_old_vs_random,3009,1,"[1, 2, 0]","[""policy_old"", ""random"", ""policy_current""]","[-8.0, 10.0, -2.0]","[-4.0, 5.0, -1.0]"
current_vs_old_vs_random,3010,1,"[2, 0, 1]","[""random"", ""policy_current"", ""policy_old""]","[2.0, -2.0, 0.0]","[1.0, -1.0, 0.0]"
current_vs_old_vs_random,3011,1,"[2, 1, 0]","[""random"", ""policy_old"", ""policy_current""]","[-100.0, -2.0, 102.0]","[-50.0, -1.0, 51.0]"
current_vs_old_vs_random,3012,2,"[0, 1, 2]","[""policy_current"", ""policy_old"", ""random""]","[-2.0, 2.0, 0.0]","[-1.0, 1.0, 0.0]"
current_vs_old_vs_random,3013,2,"[0, 2, 1]","[""policy_current"", ""random"", ""policy_old""]","[-1.0, 1.0, 0.0]","[-0.5, 0.5, 0.0]"
current_vs_old_vs_random,3014,2,"[1, 0, 2]","[""policy_old"", ""policy_current"", ""random""]","[-2.0, 2.0, 0.0]","[-1.0, 1.0, 0.0]"
current_vs_old_vs_random,3015,2,"[1, 2, 0]","[""policy_old"", ""random"", ""policy_current""]","[-1.0, 1.0, 0.0]","[-0.5, 0.5, 0.0]"
current_vs_old_vs_random,3016,2,"[2, 0, 1]","[""random"", ""policy_current"", ""policy_old""]","[100.0, -100.0, 0.0]","[50.0, -50.0, 0.0]"
current_vs_old_vs_random,3017,2,"[2, 1, 0]","[""random"", ""policy_old"", ""policy_current""]","[100.0, -100.0, 0.0]","[50.0, -50.0, 0.0]"
current_vs_old_vs_random,3018,3,"[0, 1, 2]","[""policy_current"", ""policy_old"", ""random""]","[-1.0, -2.0, 3.0]","[-0.5, -1.0, 1.5]"
current_vs_old_vs_random,3019,3,"[0, 2, 1]","[""policy_current"", ""random"", ""policy_old""]","[-1.0, 3.0, -2.0]","[-0.5, 1.5, -1.0]"
current_vs_old_vs_random,3020,3,"[1, 0, 2]","[""policy_old"", ""policy_current"", ""random""]","[-1.0, -2.0, 3.0]","[-0.5, -1.0, 1.5]"
current_vs_old_vs_random,3021,3,"[1, 2, 0]","[""policy_old"", ""random"", ""policy_current""]","[-1.0, 3.0, -2.0]","[-0.5, 1.5, -1.0]"
current_vs_old_vs_random,3022,3,"[2, 0, 1]","[""random"", ""policy_current"", ""policy_old""]","[-100.0, 102.0, -2.0]","[-50.0, 51.0, -1.0]"
current_vs_old_vs_random,3023,3,"[2, 1, 0]","[""random"", ""policy_old"", ""policy_current""]","[-100.0, 102.0, -2.0]","[-50.0, 51.0, -1.0]"
current_vs_old_vs_random,3024,4,"[0, 1, 2]","[""policy_current"", ""policy_old"", ""random""]","[-1.0, 1.0, 0.0]","[-0.5, 0.5, 0.0]"
current_vs_old_vs_random,3025,4,"[0, 2, 1]","[""policy_current"", ""random"", ""policy_old""]","[-100.0, 100.0, 0.0]","[-50.0, 50.0, 0.0]"
current_vs_old_vs_random,3026,4,"[1, 0, 2]","[""policy_old"", ""policy_current"", ""random""]","[-1.0, 1.0, 0.0]","[-0.5, 0.5, 0.0]"
current_vs_old_vs_random,3027,4,"[1, 2, 0]","[""policy_old"", ""random"", ""policy_current""]","[-100.0, 100.0, 0.0]","[-50.0, 50.0, 0.0]"
current_vs_old_vs_random,3028,4,"[2, 0, 1]","[""random"", ""policy_current"", ""policy_old""]","[2.0, -2.0, 0.0]","[1.0, -1.0, 0.0]"
current_vs_old_vs_random,3029,4,"[2, 1, 0]","[""random"", ""policy_old"", ""policy_current""]","[2.0, -2.0, 0.0]","[1.0, -1.0, 0.0]"
current_vs_old_vs_random,3030,5,"[0, 1, 2]","[""policy_current"", ""policy_old"", ""random""]","[-1.0, 3.0, -2.0]","[-0.5, 1.5, -1.0]"
current_vs_old_vs_random,3031,5,"[0, 2, 1]","[""policy_current"", ""random"", ""policy_old""]","[-2.0, 2.0, 0.0]","[-1.0, 1.0, 0.0]"
current_vs_old_vs_random,3032,5,"[1, 0, 2]","[""policy_old"", ""policy_current"", ""random""]","[-1.0, 3.0, -2.0]","[-0.5, 1.5, -1.0]"
current_vs_old_vs_random,3033,5,"[1, 2, 0]","[""policy_old"", ""random"", ""policy_current""]","[-2.0, 2.0, 0.0]","[-1.0, 1.0, 0.0]"
current_vs_old_vs_random,3034,5,"[2, 0, 1]","[""random"", ""policy_current"", ""policy_old""]","[2.0, -2.0, 0.0]","[1.0, -1.0, 0.0]"
current_vs_old_vs_random,3035,5,"[2, 1, 0]","[""random"", ""policy_old"", ""policy_current""]","[2.0, -2.0, 0.0]","[1.0, -1.0, 0.0]"
current_vs_old_vs_random,3036,6,"[0, 1, 2]","[""policy_current"", ""policy_old"", ""random""]","[-2.0, 2.0, 0.0]","[-1.0, 1.0, 0.0]"
current_vs_old_vs_random,3037,6,"[0, 2, 1]","[""policy_current"", ""random"", ""policy_old""]","[-1.0, -2.0, 3.0]","[-0.5, -1.0, 1.5]"
current_vs_old_vs_random,3038,6,"[1, 0, 2]","[""policy_old"", ""policy_current"", ""random""]","[-2.0, 2.0, 0.0]","[-1.0, 1.0, 0.0]"
current_vs_old_vs_random,3039,6,"[1, 2, 0]","[""policy_old"", ""random"", ""policy_current""]","[-1.0, -2.0, 3.0]","[-0.5, -1.0, 1.5]"
current_vs_old_vs_random,3040,6,"[2, 0, 1]","[""random"", ""policy_current"", ""policy_old""]","[-1.0, -2.0, 3.0]","[-0.5, -1.0, 1.5]"
current_vs_old_vs_random,3041,6,"[2, 1, 0]","[""random"", ""policy_old"", ""policy_current""]","[-1.0, -2.0, 3.0]","[-0.5, -1.0, 1.5]"
current_vs_old_vs_random,3042,7,"[0, 1, 2]","[""policy_current"", ""policy_old"", ""random""]","[-8.0, 8.0, 0.0]","[-4.0, 4.0, 0.0]"
current_vs_old_vs_random,3043,7,"[0, 2, 1]","[""policy_current"", ""random"", ""policy_old""]","[102.0, -2.0, -100.0]","[51.0, -1.0, -50.0]"
current_vs_old_vs_random,3044,7,"[1, 0, 2]","[""policy_old"", ""policy_current"", ""random""]","[100.0, -100.0, 0.0]","[50.0, -50.0, 0.0]"
current_vs_old_vs_random,3045,7,"[1, 2, 0]","[""policy_old"", ""random"", ""policy_current""]","[102.0, -2.0, -100.0]","[51.0, -1.0, -50.0]"
current_vs_old_vs_random,3046,7,"[2, 0, 1]","[""random"", ""policy_current"", ""policy_old""]","[-1.0, 101.0, -100.0]","[-0.5, 50.5, -50.0]"
current_vs_old_vs_random,3047,7,"[2, 1, 0]","[""random"", ""policy_old"", ""policy_current""]","[-1.0, 101.0, -100.0]","[-0.5, 50.5, -50.0]"
current_vs_old_vs_random,3048,8,"[0, 1, 2]","[""policy_current"", ""policy_old"", ""random""]","[-1.0, -2.0, 3.0]","[-0.5, -1.0, 1.5]"
current_vs_old_vs_random,3049,8,"[0, 2, 1]","[""policy_current"", ""random"", ""policy_old""]","[-1.0, 1.0, 0.0]","[-0.5, 0.5, 0.0]"
current_vs_old_vs_random,3050,8,"[1, 0, 2]","[""policy_old"", ""policy_current"", ""random""]","[-1.0, -2.0, 3.0]","[-0.5, -1.0, 1.5]"
current_vs_old_vs_random,3051,8,"[1, 2, 0]","[""policy_old"", ""random"", ""policy_current""]","[-1.0, 1.0, 0.0]","[-0.5, 0.5, 0.0]"
current_vs_old_vs_random,3052,8,"[2, 0, 1]","[""random"", ""policy_current"", ""policy_old""]","[2.0, -2.0, 0.0]","[1.0, -1.0, 0.0]"
current_vs_old_vs_random,3053,8,"[2, 1, 0]","[""random"", ""policy_old"", ""policy_current""]","[2.0, -2.0, 0.0]","[1.0, -1.0, 0.0]"
current_vs_old_vs_random,3054,9,"[0, 1, 2]","[""policy_current"", ""policy_old"", ""random""]","[102.0, -2.0, -100.0]","[51.0, -1.0, -50.0]"
current_vs_old_vs_random,3055,9,"[0, 2, 1]","[""policy_current"", ""random"", ""policy_old""]","[8.0, -8.0, 0.0]","[4.0, -4.0, 0.0]"
current_vs_old_vs_random,3056,9,"[1, 0, 2]","[""policy_old"", ""policy_current"", ""random""]","[102.0, -2.0, -100.0]","[51.0, -1.0, -50.0]"
current_vs_old_vs_random,3057,9,"[1, 2, 0]","[""policy_old"", ""random"", ""policy_current""]","[-1.0, 1.0, 0.0]","[-0.5, 0.5, 0.0]"
current_vs_old_vs_random,3058,9,"[2, 0, 1]","[""random"", ""policy_current"", ""policy_old""]","[-1.0, 1.0, 0.0]","[-0.5, 0.5, 0.0]"
current_vs_old_vs_random,3059,9,"[2, 1, 0]","[""random"", ""policy_old"", ""policy_current""]","[-1.0, 1.0, 0.0]","[-0.5, 0.5, 0.0]"
current_vs_old_vs_random,3060,10,"[0, 1, 2]","[""policy_current"", ""policy_old"", ""random""]","[-2.0, 102.0, -100.0]","[-1.0, 51.0, -50.0]"
current_vs_old_vs_random,3061,10,"[0, 2, 1]","[""policy_current"", ""random"", ""policy_old""]","[-1.0, 1.0, 0.0]","[-0.5, 0.5, 0.0]"
current_vs_old_vs_random,3062,10,"[1, 0, 2]","[""policy_old"", ""policy_current"", ""random""]","[-100.0, -2.0, 102.0]","[-50.0, -1.0, 51.0]"
current_vs_old_vs_random,3063,10,"[1, 2, 0]","[""policy_old"", ""random"", ""policy_current""]","[-1.0, 1.0, 0.0]","[-0.5, 0.5, 0.0]"
current_vs_old_vs_random,3064,10,"[2, 0, 1]","[""random"", ""policy_current"", ""policy_old""]","[14.0, -14.0, 0.0]","[7.0, -7.0, 0.0]"
current_vs_old_vs_random,3065,10,"[2, 1, 0]","[""random"", ""policy_old"", ""policy_current""]","[14.0, -14.0, 0.0]","[7.0, -7.0, 0.0]"
current_vs_old_vs_random,3066,11,"[0, 1, 2]","[""policy_current"", ""policy_old"", ""random""]","[-100.0, -100.0, 200.0]","[-50.0, -50.0, 100.0]"
current_vs_old_vs_random,3067,11,"[0, 2, 1]","[""policy_current"", ""random"", ""policy_old""]","[-2.0, -100.0, 102.0]","[-1.0, -50.0, 51.0]"
current_vs_old_vs_random,3068,11,"[1, 0, 2]","[""policy_old"", ""policy_current"", ""random""]","[-100.0, -100.0, 200.0]","[-50.0, -50.0, 100.0]"
current_vs_old_vs_random,3069,11,"[1, 2, 0]","[""policy_old"", ""random"", ""policy_current""]","[-100.0, -100.0, 200.0]","[-50.0, -50.0, 100.0]"
current_vs_old_vs_random,3070,11,"[2, 0, 1]","[""random"", ""policy_current"", ""policy_old""]","[-8.0, -8.0, 16.0]","[-4.0, -4.0, 8.0]"
current_vs_old_vs_random,3071,11,"[2, 1, 0]","[""random"", ""policy_old"", ""policy_current""]","[-14.0, -14.0, 28.0]","[-7.0, -7.0, 14.0]"
current_vs_old_vs_random,3072,12,"[0, 1, 2]","[""policy_current"", ""policy_old"", ""random""]","[-1.0, 15.0, -14.0]","[-0.5, 7.5, -7.0]"
current_vs_old_vs_random,3073,12,"[0, 2, 1]","[""policy_current"", ""random"", ""policy_old""]","[-1.0, -20.0, 21.0]","[-0.5, -10.0, 10.5]"
current_vs_old_vs_random,3074,12,"[1, 0, 2]","[""policy_old"", ""policy_current"", ""random""]","[10.0, -2.0, -8.0]","[5.0, -1.0, -4.0]"
current_vs_old_vs_random,3075,12,"[1, 2, 0]","[""policy_old"", ""random"", ""policy_current""]","[-1.0, -100.0, 101.0]","[-0.5, -50.0, 50.5]"
current_vs_old_vs_random,3076,12,"[2, 0, 1]","[""random"", ""policy_current"", ""policy_old""]","[-100.0, -2.0, 102.0]","[-50.0, -1.0, 51.0]"
current_vs_old_vs_random,3077,12,"[2, 1, 0]","[""random"", ""policy_old"", ""policy_current""]","[-100.0, -2.0, 102.0]","[-50.0, -1.0, 51.0]"
current_vs_old_vs_random,3078,13,"[0, 1, 2]","[""policy_current"", ""policy_old"", ""random""]","[-2.0, -100.0, 102.0]","[-1.0, -50.0, 51.0]"
current_vs_old_vs_random,3079,13,"[0, 2, 1]","[""policy_current"", ""random"", ""policy_old""]","[-100.0, -2.0, 102.0]","[-50.0, -1.0, 51.0]"
current_vs_old_vs_random,3080,13,"[1, 0, 2]","[""policy_old"", ""policy_current"", ""random""]","[-2.0, -100.0, 102.0]","[-1.0, -50.0, 51.0]"
current_vs_old_vs_random,3081,13,"[1, 2, 0]","[""policy_old"", ""random"", ""policy_current""]","[-100.0, -2.0, 102.0]","[-50.0, -1.0, 51.0]"
current_vs_old_vs_random,3082,13,"[2, 0, 1]","[""random"", ""policy_current"", ""policy_old""]","[-1.0, -2.0, 3.0]","[-0.5, -1.0, 1.5]"
current_vs_old_vs_random,3083,13,"[2, 1, 0]","[""random"", ""policy_old"", ""policy_current""]","[-1.0, -2.0, 3.0]","[-0.5, -1.0, 1.5]"
current_vs_old_vs_random,3084,14,"[0, 1, 2]","[""policy_current"", ""policy_old"", ""random""]","[10.0, -2.0, -8.0]","[5.0, -1.0, -4.0]"
current_vs_old_vs_random,3085,14,"[0, 2, 1]","[""policy_current"", ""random"", ""policy_old""]","[-2.0, 2.0, 0.0]","[-1.0, 1.0, 0.0]"
current_vs_old_vs_random,3086,14,"[1, 0, 2]","[""policy_old"", ""policy_current"", ""random""]","[10.0, -2.0, -8.0]","[5.0, -1.0, -4.0]"
current_vs_old_vs_random,3087,14,"[1, 2, 0]","[""policy_old"", ""random"", ""policy_current""]","[-2.0, 2.0, 0.0]","[-1.0, 1.0, 0.0]"
current_vs_old_vs_random,3088,14,"[2, 0, 1]","[""random"", ""policy_current"", ""policy_old""]","[14.0, -14.0, 0.0]","[7.0, -7.0, 0.0]"
current_vs_old_vs_random,3089,14,"[2, 1, 0]","[""random"", ""policy_old"", ""policy_current""]","[14.0, -14.0, 0.0]","[7.0, -7.0, 0.0]"
current_vs_old_vs_random,3090,15,"[0, 1, 2]","[""policy_current"", ""policy_old"", ""random""]","[4.0, -2.0, -2.0]","[2.0, -1.0, -1.0]"
current_vs_old_vs_random,3091,15,"[0, 2, 1]","[""policy_current"", ""random"", ""policy_old""]","[-1.0, 15.0, -14.0]","[-0.5, 7.5, -7.0]"
current_vs_old_vs_random,3092,15,"[1, 0, 2]","[""policy_old"", ""policy_current"", ""random""]","[4.0, -2.0, -2.0]","[2.0, -1.0, -1.0]"
current_vs_old_vs_random,3093,15,"[1, 2, 0]","[""policy_old"", ""random"", ""policy_current""]","[-100.0, 100.0, 0.0]","[-50.0, 50.0, 0.0]"
current_vs_old_vs_random,3094,15,"[2, 0, 1]","[""random"", ""policy_current"", ""policy_old""]","[-100.0, 102.0, -2.0]","[-50.0, 51.0, -1.0]"
current_vs_old_vs_random,3095,15,"[2, 1, 0]","[""random"", ""policy_old"", ""policy_current""]","[-100.0, 100.0, 0.0]","[-50.0, 50.0, 0.0]"
current_vs_old_vs_random,3096,16,"[0, 1, 2]","[""policy_current"", ""policy_old"", ""random""]","[-100.0, -2.0, 102.0]","[-50.0, -1.0, 51.0]"
current_vs_old_vs_random,3097,16,"[0, 2, 1]","[""policy_current"", ""random"", ""policy_old""]","[-2.0, 2.0, 0.0]","[-1.0, 1.0, 0.0]"
current_vs_old_vs_random,3098,16,"[1, 0, 2]","[""policy_old"", ""policy_current"", ""random""]","[-14.0, -20.0, 34.0]","[-7.0, -10.0, 17.0]"
current_vs_old_vs_random,3099,16,"[1, 2, 0]","[""policy_old"", ""random"", ""policy_current""]","[-2.0, 2.0, 0.0]","[-1.0, 1.0, 0.0]"
current_vs_old_vs_random,3100,16,"[2, 0, 1]","[""random"", ""policy_current"", ""policy_old""]","[-100.0, 100.0, 0.0]","[-50.0, 50.0, 0.0]"
current_vs_old_vs_random,3101,16,"[2, 1, 0]","[""random"", ""policy_old"", ""policy_current""]","[-100.0, 100.0, 0.0]","[-50.0, 50.0, 0.0]"
current_vs_old_vs_random,3102,17,"[0, 1, 2]","[""policy_current"", ""policy_old"", ""random""]","[-14.0, 114.0, -100.0]","[-7.0, 57.0, -50.0]"
current_vs_old_vs_random,3103,17,"[0, 2, 1]","[""policy_current"", ""random"", ""policy_old""]","[-8.0, 8.0, 0.0]","[-4.0, 4.0, 0.0]"
current_vs_old_vs_random,3104,17,"[1, 0, 2]","[""policy_old"", ""policy_current"", ""random""]","[-14.0, 114.0, -100.0]","[-7.0, 57.0, -50.0]"
current_vs_old_vs_random,3105,17,"[1, 2, 0]","[""policy_old"", ""random"", ""policy_current""]","[-8.0, 8.0, 0.0]","[-4.0, 4.0, 0.0]"
current_vs_old_vs_random,3106,17,"[2, 0, 1]","[""random"", ""policy_current"", ""policy_old""]","[-100.0, 100.0, 0.0]","[-50.0, 50.0, 0.0]"
current_vs_old_vs_random,3107,17,"[2, 1, 0]","[""random"", ""policy_old"", ""policy_current""]","[-100.0, 100.0, 0.0]","[-50.0, 50.0, 0.0]"
current_vs_old_vs_random,3108,18,"[0, 1, 2]","[""policy_current"", ""policy_old"", ""random""]","[-1.0, 9.0, -8.0]","[-0.5, 4.5, -4.0]"
current_vs_old_vs_random,3109,18,"[0, 2, 1]","[""policy_current"", ""random"", ""policy_old""]","[-1.0, 3.0, -2.0]","[-0.5, 1.5, -1.0]"
current_vs_old_vs_random,3110,18,"[1, 0, 2]","[""policy_old"", ""policy_current"", ""random""]","[-1.0, 9.0, -8.0]","[-0.5, 4.5, -4.0]"
current_vs_old_vs_random,3111,18,"[1, 2, 0]","[""policy_old"", ""random"", ""policy_current""]","[-1.0, 3.0, -2.0]","[-0.5, 1.5, -1.0]"
current_vs_old_vs_random,3112,18,"[2, 0, 1]","[""random"", ""policy_current"", ""policy_old""]","[-8.0, -2.0, 10.0]","[-4.0, -1.0, 5.0]"
current_vs_old_vs_random,3113,18,"[2, 1, 0]","[""random"", ""policy_old"", ""policy_current""]","[-14.0, -2.0, 16.0]","[-7.0, -1.0, 8.0]"
current_vs_old_vs_random,3114,19,"[0, 1, 2]","[""policy_current"", ""policy_old"", ""random""]","[16.0, -2.0, -14.0]","[8.0, -1.0, -7.0]"
current_vs_old_vs_random,3115,19,"[0, 2, 1]","[""policy_current"", ""random"", ""policy_old""]","[2.0, -2.0, 0.0]","[1.0, -1.0, 0.0]"
current_vs_old_vs_random,3116,19,"[1, 0, 2]","[""policy_old"", ""policy_current"", ""random""]","[16.0, -2.0, -14.0]","[8.0, -1.0, -7.0]"
current_vs_old_vs_random,3117,19,"[1, 2, 0]","[""policy_old"", ""random"", ""policy_current""]","[2.0, -2.0, 0.0]","[1.0, -1.0, 0.0]"
current_vs_old_vs_random,3118,19,"[2, 0, 1]","[""random"", ""policy_current"", ""policy_old""]","[2.0, -2.0, 0.0]","[1.0, -1.0, 0.0]"
current_vs_old_vs_random,3119,19,"[2, 1, 0]","[""random"", ""policy_old"", ""policy_current""]","[2.0, -2.0, 0.0]","[1.0, -1.0, 0.0]"
current_vs_old_vs_random,3120,20,"[0, 1, 2]","[""policy_current"", ""policy_old"", ""random""]","[-1.0, -8.0, 9.0]","[-0.5, -4.0, 4.5]"
current_vs_old_vs_random,3121,20,"[0, 2, 1]","[""policy_current"", ""random"", ""policy_old""]","[-1.0, 9.0, -8.0]","[-0.5, 4.5, -4.0]"
current_vs_old_vs_random,3122,20,"[1, 0, 2]","[""policy_old"", ""policy_current"", ""random""]","[-1.0, -8.0, 9.0]","[-0.5, -4.0, 4.5]"
current_vs_old_vs_random,3123,20,"[1, 2, 0]","[""policy_old"", ""random"", ""policy_current""]","[-1.0, 9.0, -8.0]","[-0.5, 4.5, -4.0]"
current_vs_old_vs_random,3124,20,"[2, 0, 1]","[""random"", ""policy_current"", ""policy_old""]","[10.0, -2.0, -8.0]","[5.0, -1.0, -4.0]"
current_vs_old_vs_random,3125,20,"[2, 1, 0]","[""random"", ""policy_old"", ""policy_current""]","[10.0, -2.0, -8.0]","[5.0, -1.0, -4.0]"
current_vs_old_vs_random,3126,21,"[0, 1, 2]","[""policy_current"", ""policy_old"", ""random""]","[-2.0, 2.0, 0.0]","[-1.0, 1.0, 0.0]"
current_vs_old_vs_random,3127,21,"[0, 2, 1]","[""policy_current"", ""random"", ""policy_old""]","[-2.0, 2.0, 0.0]","[-1.0, 1.0, 0.0]"
current_vs_old_vs_random,3128,21,"[1, 0, 2]","[""policy_old"", ""policy_current"", ""random""]","[-2.0, 2.0, 0.0]","[-1.0, 1.0, 0.0]"
current_vs_old_vs_random,3129,21,"[1, 2, 0]","[""policy_old"", ""random"", ""policy_current""]","[-2.0, 2.0, 0.0]","[-1.0, 1.0, 0.0]"
current_vs_old_vs_random,3130,21,"[2, 0, 1]","[""random"", ""policy_current"", ""policy_old""]","[-1.0, 1.0, 0.0]","[-0.5, 0.5, 0.0]"
current_vs_old_vs_random,3131,21,"[2, 1, 0]","[""random"", ""policy_old"", ""policy_current""]","[-1.0, 1.0, 0.0]","[-0.5, 0.5, 0.0]"
current_vs_old_vs_random,3132,22,"[0, 1, 2]","[""policy_current"", ""policy_old"", ""random""]","[-1.0, -2.0, 3.0]","[-0.5, -1.0, 1.5]"
current_vs_old_vs_random,3133,22,"[0, 2, 1]","[""policy_current"", ""random"", ""policy_old""]","[-2.0, 2.0, 0.0]","[-1.0, 1.0, 0.0]"
current_vs_old_vs_random,3134,22,"[1, 0, 2]","[""policy_old"", ""policy_current"", ""random""]","[-1.0, -2.0, 3.0]","[-0.5, -1.0, 1.5]"
current_vs_old_vs_random,3135,22,"[1, 2, 0]","[""policy_old"", ""random"", ""policy_current""]","[-2.0, 2.0, 0.0]","[-1.0, 1.0, 0.0]"
current_vs_old_vs_random,3136,22,"[2, 0, 1]","[""random"", ""policy_current"", ""policy_old""]","[-100.0, 100.0, 0.0]","[-50.0, 50.0, 0.0]"
current_vs_old_vs_random,3137,22,"[2, 1, 0]","[""random"", ""policy_old"", ""policy_current""]","[-100.0, 100.0, 0.0]","[-50.0, 50.0, 0.0]"
current_vs_old_vs_random,3138,23,"[0, 1, 2]","[""policy_current"", ""policy_old"", ""random""]","[102.0, -2.0, -100.0]","[51.0, -1.0, -50.0]"
current_vs_old_vs_random,3139,23,"[0, 2, 1]","[""policy_current"", ""random"", ""policy_old""]","[-1.0, 1.0, 0.0]","[-0.5, 0.5, 0.0]"
current_vs_old_vs_random,3140,23,"[1, 0, 2]","[""policy_old"", ""policy_current"", ""random""]","[102.0, -2.0, -100.0]","[51.0, -1.0, -50.0]"
current_vs_old_vs_random,3141,23,"[1, 2, 0]","[""policy_old"", ""random"", ""policy_current""]","[100.0, -100.0, 0.0]","[50.0, -50.0, 0.0]"
current_vs_old_vs_random,3142,23,"[2, 0, 1]","[""random"", ""policy_current"", ""policy_old""]","[8.0, -8.0, 0.0]","[4.0, -4.0, 0.0]"
current_vs_old_vs_random,3143,23,"[2, 1, 0]","[""random"", ""policy_old"", ""policy_current""]","[8.0, -8.0, 0.0]","[4.0, -4.0, 0.0]"
current_vs_old_vs_random,3144,24,"[0, 1, 2]","[""policy_current"", ""policy_old"", ""random""]","[102.0, -2.0, -100.0]","[51.0, -1.0, -50.0]"
current_vs_old_vs_random,3145,24,"[0, 2, 1]","[""policy_current"", ""random"", ""policy_old""]","[-8.0, 8.0, 0.0]","[-4.0, 4.0, 0.0]"
current_vs_old_vs_random,3146,24,"[1, 0, 2]","[""policy_old"", ""policy_current"", ""random""]","[102.0, -2.0, -100.0]","[51.0, -1.0, -50.0]"
current_vs_old_vs_random,3147,24,"[1, 2, 0]","[""policy_old"", ""random"", ""policy_current""]","[-8.0, 8.0, 0.0]","[-4.0, 4.0, 0.0]"
current_vs_old_vs_random,3148,24,"[2, 0, 1]","[""random"", ""policy_current"", ""policy_old""]","[2.0, -2.0, 0.0]","[1.0, -1.0, 0.0]"
current_vs_old_vs_random,3149,24,"[2, 1, 0]","[""random"", ""policy_old"", ""policy_current""]","[2.0, -2.0, 0.0]","[1.0, -1.0, 0.0]"
current_vs_old_vs_random,3150,25,"[0, 1, 2]","[""policy_current"", ""policy_old"", ""random""]","[4.0, -2.0, -2.0]","[2.0, -1.0, -1.0]"
current_vs_old_vs_random,3151,25,"[0, 2, 1]","[""policy_current"", ""random"", ""policy_old""]","[-1.0, -2.0, 3.0]","[-0.5, -1.0, 1.5]"
current_vs_old_vs_random,3152,25,"[1, 0, 2]","[""policy_old"", ""policy_current"", ""random""]","[4.0, -2.0, -2.0]","[2.0, -1.0, -1.0]"
current_vs_old_vs_random,3153,25,"[1, 2, 0]","[""policy_old"", ""random"", ""policy_current""]","[-1.0, -2.0, 3.0]","[-0.5, -1.0, 1.5]"
current_vs_old_vs_random,3154,25,"[2, 0, 1]","[""random"", ""policy_current"", ""policy_old""]","[-1.0, -100.0, 101.0]","[-0.5, -50.0, 50.5]"
current_vs_old_vs_random,3155,25,"[2, 1, 0]","[""random"", ""policy_old"", ""policy_current""]","[-8.0, 16.0, -8.0]","[-4.0, 8.0, -4.0]"
current_vs_old_vs_random,3156,26,"[0, 1, 2]","[""policy_current"", ""policy_old"", ""random""]","[4.0, -2.0, -2.0]","[2.0, -1.0, -1.0]"
current_vs_old_vs_random,3157,26,"[0, 2, 1]","[""policy_current"", ""random"", ""policy_old""]","[2.0, -2.0, 0.0]","[1.0, -1.0, 0.0]"
current_vs_old_vs_random,3158,26,"[1, 0, 2]","[""policy_old"", ""policy_current"", ""random""]","[4.0, -2.0, -2.0]","[2.0, -1.0, -1.0]"
current_vs_old_vs_random,3159,26,"[1, 2, 0]","[""policy_old"", ""random"", ""policy_current""]","[2.0, -2.0, 0.0]","[1.0, -1.0, 0.0]"
current_vs_old_vs_random,3160,26,"[2, 0, 1]","[""random"", ""policy_current"", ""policy_old""]","[-1.0, 1.0, 0.0]","[-0.5, 0.5, 0.0]"
current_vs_old_vs_random,3161,26,"[2, 1, 0]","[""random"", ""policy_old"", ""policy_current""]","[-1.0, 1.0, 0.0]","[-0.5, 0.5, 0.0]"
current_vs_old_vs_random,3162,27,"[0, 1, 2]","[""policy_current"", ""policy_old"", ""random""]","[-1.0, -2.0, 3.0]","[-0.5, -1.0, 1.5]"
current_vs_old_vs_random,3163,27,"[0, 2, 1]","[""policy_current"", ""random"", ""policy_old""]","[-1.0, 1.0, 0.0]","[-0.5, 0.5, 0.0]"
current_vs_old_vs_random,3164,27,"[1, 0, 2]","[""policy_old"", ""policy_current"", ""random""]","[-1.0, -2.0, 3.0]","[-0.5, -1.0, 1.5]"
current_vs_old_vs_random,3165,27,"[1, 2, 0]","[""policy_old"", ""random"", ""policy_current""]","[-1.0, 1.0, 0.0]","[-0.5, 0.5, 0.0]"
current_vs_old_vs_random,3166,27,"[2, 0, 1]","[""random"", ""policy_current"", ""policy_old""]","[-20.0, 20.0, 0.0]","[-10.0, 10.0, 0.0]"
current_vs_old_vs_random,3167,27,"[2, 1, 0]","[""random"", ""policy_old"", ""policy_current""]","[-20.0, 20.0, 0.0]","[-10.0, 10.0, 0.0]"
current_vs_old_vs_random,3168,28,"[0, 1, 2]","[""policy_current"", ""policy_old"", ""random""]","[-100.0, 100.0, 0.0]","[-50.0, 50.0, 0.0]"
current_vs_old_vs_random,3169,28,"[0, 2, 1]","[""policy_current"", ""random"", ""policy_old""]","[-1.0, 1.0, 0.0]","[-0.5, 0.5, 0.0]"
current_vs_old_vs_random,3170,28,"[1, 0, 2]","[""policy_old"", ""policy_current"", ""random""]","[-2.0, 2.0, 0.0]","[-1.0, 1.0, 0.0]"
current_vs_old_vs_random,3171,28,"[1, 2, 0]","[""policy_old"", ""random"", ""policy_current""]","[-1.0, 1.0, 0.0]","[-0.5, 0.5, 0.0]"
current_vs_old_vs_random,3172,28,"[2, 0, 1]","[""random"", ""policy_current"", ""policy_old""]","[-1.0, 1.0, 0.0]","[-0.5, 0.5, 0.0]"
current_vs_old_vs_random,3173,28,"[2, 1, 0]","[""random"", ""policy_old"", ""policy_current""]","[-1.0, 1.0, 0.0]","[-0.5, 0.5, 0.0]"
current_vs_old_vs_random,3174,29,"[0, 1, 2]","[""policy_current"", ""policy_old"", ""random""]","[-1.0, -2.0, 3.0]","[-0.5, -1.0, 1.5]"
current_vs_old_vs_random,3175,29,"[0, 2, 1]","[""policy_current"", ""random"", ""policy_old""]","[2.0, -2.0, 0.0]","[1.0, -1.0, 0.0]"
current_vs_old_vs_random,3176,29,"[1, 0, 2]","[""policy_old"", ""policy_current"", ""random""]","[-1.0, -2.0, 3.0]","[-0.5, -1.0, 1.5]"
current_vs_old_vs_random,3177,29,"[1, 2, 0]","[""policy_old"", ""random"", ""policy_current""]","[-8.0, 8.0, 0.0]","[-4.0, 4.0, 0.0]"
current_vs_old_vs_random,3178,29,"[2, 0, 1]","[""random"", ""policy_current"", ""policy_old""]","[-100.0, 100.0, 0.0]","[-50.0, 50.0, 0.0]"
current_vs_old_vs_random,3179,29,"[2, 1, 0]","[""random"", ""policy_old"", ""policy_current""]","[-100.0, 100.0, 0.0]","[-50.0, 50.0, 0.0]"
current_vs_old_vs_random,3180,30,"[0, 1, 2]","[""policy_current"", ""policy_old"", ""random""]","[-1.0, 101.0, -100.0]","[-0.5, 50.5, -50.0]"
current_vs_old_vs_random,3181,30,"[0, 2, 1]","[""policy_current"", ""random"", ""policy_old""]","[-1.0, 1.0, 0.0]","[-0.5, 0.5, 0.0]"
current_vs_old_vs_random,3182,30,"[1, 0, 2]","[""policy_old"", ""policy_current"", ""random""]","[-1.0, 101.0, -100.0]","[-0.5, 50.5, -50.0]"
current_vs_old_vs_random,3183,30,"[1, 2, 0]","[""policy_old"", ""random"", ""policy_current""]","[2.0, -2.0, 0.0]","[1.0, -1.0, 0.0]"
current_vs_old_vs_random,3184,30,"[2, 0, 1]","[""random"", ""policy_current"", ""policy_old""]","[-1.0, 1.0, 0.0]","[-0.5, 0.5, 0.0]"
current_vs_old_vs_random,3185,30,"[2, 1, 0]","[""random"", ""policy_old"", ""policy_current""]","[-1.0, 1.0, 0.0]","[-0.5, 0.5, 0.0]"
current_vs_old_vs_random,3186,31,"[0, 1, 2]","[""policy_current"", ""policy_old"", ""random""]","[108.0, -100.0, -8.0]","[54.0, -50.0, -4.0]"
current_vs_old_vs_random,3187,31,"[0, 2, 1]","[""policy_current"", ""random"", ""policy_old""]","[-2.0, 2.0, 0.0]","[-1.0, 1.0, 0.0]"
current_vs_old_vs_random,3188,31,"[1, 0, 2]","[""policy_old"", ""policy_current"", ""random""]","[108.0, -100.0, -8.0]","[54.0, -50.0, -4.0]"
current_vs_old_vs_random,3189,31,"[1, 2, 0]","[""policy_old"", ""random"", ""policy_current""]","[2.0, -2.0, 0.0]","[1.0, -1.0, 0.0]"
current_vs_old_vs_random,3190,31,"[2, 0, 1]","[""random"", ""policy_current"", ""policy_old""]","[-1.0, 1.0, 0.0]","[-0.5, 0.5, 0.0]"
current_vs_old_vs_random,3191,31,"[2, 1, 0]","[""random"", ""policy_old"", ""policy_current""]","[-1.0, 1.0, 0.0]","[-0.5, 0.5, 0.0]"
current_vs_old_vs_random,3192,32,"[0, 1, 2]","[""policy_current"", ""policy_old"", ""random""]","[102.0, -2.0, -100.0]","[51.0, -1.0, -50.0]"
current_vs_old_vs_random,3193,32,"[0, 2, 1]","[""policy_current"", ""random"", ""policy_old""]","[-1.0, 1.0, 0.0]","[-0.5, 0.5, 0.0]"
current_vs_old_vs_random,3194,32,"[1, 0, 2]","[""policy_old"", ""policy_current"", ""random""]","[102.0, -2.0, -100.0]","[51.0, -1.0, -50.0]"
current_vs_old_vs_random,3195,32,"[1, 2, 0]","[""policy_old"", ""random"", ""policy_current""]","[-1.0, 1.0, 0.0]","[-0.5, 0.5, 0.0]"
current_vs_old_vs_random,3196,32,"[2, 0, 1]","[""random"", ""policy_current"", ""policy_old""]","[-2.0, 2.0, 0.0]","[-1.0, 1.0, 0.0]"
current_vs_old_vs_random,3197,32,"[2, 1, 0]","[""random"", ""policy_old"", ""policy_current""]","[-2.0, 2.0, 0.0]","[-1.0, 1.0, 0.0]"
current_vs_old_vs_random,3198,33,"[0, 1, 2]","[""policy_current"", ""policy_old"", ""random""]","[-2.0, 2.0, 0.0]","[-1.0, 1.0, 0.0]"
current_vs_old_vs_random,3199,33,"[0, 2, 1]","[""policy_current"", ""random"", ""policy_old""]","[-1.0, 101.0, -100.0]","[-0.5, 50.5, -50.0]"
current_vs_old_vs_random,3200,33,"[1, 0, 2]","[""policy_old"", ""policy_current"", ""random""]","[-1.0, 1.0, 0.0]","[-0.5, 0.5, 0.0]"
current_vs_old_vs_random,3201,33,"[1, 2, 0]","[""policy_old"", ""random"", ""policy_current""]","[-1.0, 101.0, -100.0]","[-0.5, 50.5, -50.0]"
current_vs_old_vs_random,3202,33,"[2, 0, 1]","[""random"", ""policy_current"", ""policy_old""]","[-1.0, -2.0, 3.0]","[-0.5, -1.0, 1.5]"
current_vs_old_vs_random,3203,33,"[2, 1, 0]","[""random"", ""policy_old"", ""policy_current""]","[-1.0, -2.0, 3.0]","[-0.5, -1.0, 1.5]"
current_vs_old_vs_random,3204,34,"[0, 1, 2]","[""policy_current"", ""policy_old"", ""random""]","[-14.0, 22.0, -8.0]","[-7.0, 11.0, -4.0]"
current_vs_old_vs_random,3205,34,"[0, 2, 1]","[""policy_current"", ""random"", ""policy_old""]","[-1.0, -2.0, 3.0]","[-0.5, -1.0, 1.5]"
current_vs_old_vs_random,3206,34,"[1, 0, 2]","[""policy_old"", ""policy_current"", ""random""]","[-14.0, 22.0, -8.0]","[-7.0, 11.0, -4.0]"
current_vs_old_vs_random,3207,34,"[1, 2, 0]","[""policy_old"", ""random"", ""policy_current""]","[-100.0, -2.0, 102.0]","[-50.0, -1.0, 51.0]"
current_vs_old_vs_random,3208,34,"[2, 0, 1]","[""random"", ""policy_current"", ""policy_old""]","[4.0, -2.0, -2.0]","[2.0, -1.0, -1.0]"
current_vs_old_vs_random,3209,34,"[2, 1, 0]","[""random"", ""policy_old"", ""policy_current""]","[10.0, -2.0, -8.0]","[5.0, -1.0, -4.0]"
current_vs_old_vs_random,3210,35,"[0, 1, 2]","[""policy_current"", ""policy_old"", ""random""]","[-1.0, -100.0, 101.0]","[-0.5, -50.0, 50.5]"
current_vs_old_vs_random,3211,35,"[0, 2, 1]","[""policy_current"", ""random"", ""policy_old""]","[-100.0, -2.0, 102.0]","[-50.0, -1.0, 51.0]"
current_vs_old_vs_random,3212,35,"[1, 0, 2]","[""policy_old"", ""policy_current"", ""random""]","[-1.0, -100.0, 101.0]","[-0.5, -50.0, 50.5]"
current_vs_old_vs_random,3213,35,"[1, 2, 0]","[""policy_old"", ""random"", ""policy_current""]","[-100.0, -2.0, 102.0]","[-50.0, -1.0, 51.0]"
current_vs_old_vs_random,3214,35,"[2, 0, 1]","[""random"", ""policy_current"", ""policy_old""]","[-100.0, -2.0, 102.0]","[-50.0, -1.0, 51.0]"
current_vs_old_vs_random,3215,35,"[2, 1, 0]","[""random"", ""policy_old"", ""policy_current""]","[-100.0, -2.0, 102.0]","[-50.0, -1.0, 51.0]"
current_vs_old_vs_random,3216,36,"[0, 1, 2]","[""policy_current"", ""policy_old"", ""random""]","[10.0, -2.0, -8.0]","[5.0, -1.0, -4.0]"
current_vs_old_vs_random,3217,36,"[0, 2, 1]","[""policy_current"", ""random"", ""policy_old""]","[200.0, -100.0, -100.0]","[100.0, -50.0, -50.0]"
current_vs_old_vs_random,3218,36,"[1, 0, 2]","[""policy_old"", ""policy_current"", ""random""]","[10.0, -2.0, -8.0]","[5.0, -1.0, -4.0]"
current_vs_old_vs_random,3219,36,"[1, 2, 0]","[""policy_old"", ""random"", ""policy_current""]","[200.0, -100.0, -100.0]","[100.0, -50.0, -50.0]"
current_vs_old_vs_random,3220,36,"[2, 0, 1]","[""random"", ""policy_current"", ""policy_old""]","[-1.0, 3.0, -2.0]","[-0.5, 1.5, -1.0]"
current_vs_old_vs_random,3221,36,"[2, 1, 0]","[""random"", ""policy_old"", ""policy_current""]","[-1.0, 3.0, -2.0]","[-0.5, 1.5, -1.0]"
current_vs_old_vs_random,3222,37,"[0, 1, 2]","[""policy_current"", ""policy_old"", ""random""]","[-1.0, 3.0, -2.0]","[-0.5, 1.5, -1.0]"
current_vs_old_vs_random,3223,37,"[0, 2, 1]","[""policy_current"", ""random"", ""policy_old""]","[-1.0, 9.0, -8.0]","[-0.5, 4.5, -4.0]"
current_vs_old_vs_random,3224,37,"[1, 0, 2]","[""policy_old"", ""policy_current"", ""random""]","[-1.0, 3.0, -2.0]","[-0.5, 1.5, -1.0]"
current_vs_old_vs_random,3225,37,"[1, 2, 0]","[""policy_old"", ""random"", ""policy_current""]","[-1.0, 9.0, -8.0]","[-0.5, 4.5, -4.0]"
current_vs_old_vs_random,3226,37,"[2, 0, 1]","[""random"", ""policy_current"", ""policy_old""]","[-1.0, 9.0, -8.0]","[-0.5, 4.5, -4.0]"
current_vs_old_vs_random,3227,37,"[2, 1, 0]","[""random"", ""policy_old"", ""policy_current""]","[-1.0, 3.0, -2.0]","[-0.5, 1.5, -1.0]"
current_vs_old_vs_random,3228,38,"[0, 1, 2]","[""policy_current"", ""policy_old"", ""random""]","[-1.0, -2.0, 3.0]","[-0.5, -1.0, 1.5]"
current_vs_old_vs_random,3229,38,"[0, 2, 1]","[""policy_current"", ""random"", ""policy_old""]","[-1.0, 101.0, -100.0]","[-0.5, 50.5, -50.0]"
current_vs_old_vs_random,3230,38,"[1, 0, 2]","[""policy_old"", ""policy_current"", ""random""]","[-1.0, -2.0, 3.0]","[-0.5, -1.0, 1.5]"
current_vs_old_vs_random,3231,38,"[1, 2, 0]","[""policy_old"", ""random"", ""policy_current""]","[-1.0, 101.0, -100.0]","[-0.5, 50.5, -50.0]"
current_vs_old_vs_random,3232,38,"[2, 0, 1]","[""random"", ""policy_current"", ""policy_old""]","[102.0, -2.0, -100.0]","[51.0, -1.0, -50.0]"
current_vs_old_vs_random,3233,38,"[2, 1, 0]","[""random"", ""policy_old"", ""policy_current""]","[102.0, -2.0, -100.0]","[51.0, -1.0, -50.0]"
current_vs_old_vs_random,3234,39,"[0, 1, 2]","[""policy_current"", ""policy_old"", ""random""]","[-1.0, 0.5, 0.5]","[-0.5, 0.25, 0.25]"
current_vs_old_vs_random,3235,39,"[0, 2, 1]","[""policy_current"", ""random"", ""policy_old""]","[100.0, -100.0, 0.0]","[50.0, -50.0, 0.0]"
current_vs_old_vs_random,3236,39,"[1, 0, 2]","[""policy_old"", ""policy_current"", ""random""]","[-1.0, 0.5, 0.5]","[-0.5, 0.25, 0.25]"
current_vs_old_vs_random,3237,39,"[1, 2, 0]","[""policy_old"", ""random"", ""policy_current""]","[100.0, -100.0, 0.0]","[50.0, -50.0, 0.0]"
current_vs_old_vs_random,3238,39,"[2, 0, 1]","[""random"", ""policy_current"", ""policy_old""]","[-1.0, 1.0, 0.0]","[-0.5, 0.5, 0.0]"
current_vs_old_vs_random,3239,39,"[2, 1, 0]","[""random"", ""policy_old"", ""policy_current""]","[-1.0, 1.0, 0.0]","[-0.5, 0.5, 0.0]"
current_vs_old_vs_random,3240,40,"[0, 1, 2]","[""policy_current"", ""policy_old"", ""random""]","[-100.0, -2.0, 102.0]","[-50.0, -1.0, 51.0]"
current_vs_old_vs_random,3241,40,"[0, 2, 1]","[""policy_current"", ""random"", ""policy_old""]","[-1.0, 1.0, 0.0]","[-0.5, 0.5, 0.0]"
current_vs_old_vs_random,3242,40,"[1, 0, 2]","[""policy_old"", ""policy_current"", ""random""]","[-100.0, -2.0, 102.0]","[-50.0, -1.0, 51.0]"
current_vs_old_vs_random,3243,40,"[1, 2, 0]","[""policy_old"", ""random"", ""policy_current""]","[-1.0, 1.0, 0.0]","[-0.5, 0.5, 0.0]"
current_vs_old_vs_random,3244,40,"[2, 0, 1]","[""random"", ""policy_current"", ""policy_old""]","[-1.0, 1.0, 0.0]","[-0.5, 0.5, 0.0]"
current_vs_old_vs_random,3245,40,"[2, 1, 0]","[""random"", ""policy_old"", ""policy_current""]","[-1.0, 1.0, 0.0]","[-0.5, 0.5, 0.0]"
current_vs_old_vs_random,3246,41,"[0, 1, 2]","[""policy_current"", ""policy_old"", ""random""]","[-1.0, 3.0, -2.0]","[-0.5, 1.5, -1.0]"
current_vs_old_vs_random,3247,41,"[0, 2, 1]","[""policy_current"", ""random"", ""policy_old""]","[100.0, -100.0, 0.0]","[50.0, -50.0, 0.0]"
current_vs_old_vs_random,3248,41,"[1, 0, 2]","[""policy_old"", ""policy_current"", ""random""]","[-1.0, 3.0, -2.0]","[-0.5, 1.5, -1.0]"
current_vs_old_vs_random,3249,41,"[1, 2, 0]","[""policy_old"", ""random"", ""policy_current""]","[-1.0, 1.0, 0.0]","[-0.5, 0.5, 0.0]"
current_vs_old_vs_random,3250,41,"[2, 0, 1]","[""random"", ""policy_current"", ""policy_old""]","[20.0, -20.0, 0.0]","[10.0, -10.0, 0.0]"
current_vs_old_vs_random,3251,41,"[2, 1, 0]","[""random"", ""policy_old"", ""policy_current""]","[20.0, -20.0, 0.0]","[10.0, -10.0, 0.0]"
current_vs_old_vs_random,3252,42,"[0, 1, 2]","[""policy_current"", ""policy_old"", ""random""]","[10.0, -2.0, -8.0]","[5.0, -1.0, -4.0]"
current_vs_old_vs_random,3253,42,"[0, 2, 1]","[""policy_current"", ""random"", ""policy_old""]","[-8.0, 8.0, 0.0]","[-4.0, 4.0, 0.0]"
current_vs_old_vs_random,3254,42,"[1, 0, 2]","[""policy_old"", ""policy_current"", ""random""]","[10.0, -2.0, -8.0]","[5.0, -1.0, -4.0]"
current_vs_old_vs_random,3255,42,"[1, 2, 0]","[""policy_old"", ""random"", ""policy_current""]","[2.0, -2.0, 0.0]","[1.0, -1.0, 0.0]"
current_vs_old_vs_random,3256,42,"[2, 0, 1]","[""random"", ""policy_current"", ""policy_old""]","[-2.0, 2.0, 0.0]","[-1.0, 1.0, 0.0]"
current_vs_old_vs_random,3257,42,"[2, 1, 0]","[""random"", ""policy_old"", ""policy_current""]","[-2.0, 2.0, 0.0]","[-1.0, 1.0, 0.0]"
current_vs_old_vs_random,3258,43,"[0, 1, 2]","[""policy_current"", ""policy_old"", ""random""]","[2.0, -2.0, 0.0]","[1.0, -1.0, 0.0]"
current_vs_old_vs_random,3259,43,"[0, 2, 1]","[""policy_current"", ""random"", ""policy_old""]","[100.0, -100.0, 0.0]","[50.0, -50.0, 0.0]"
current_vs_old_vs_random,3260,43,"[1, 0, 2]","[""policy_old"", ""policy_current"", ""random""]","[-1.0, 1.0, 0.0]","[-0.5, 0.5, 0.0]"
current_vs_old_vs_random,3261,43,"[1, 2, 0]","[""policy_old"", ""random"", ""policy_current""]","[100.0, -100.0, 0.0]","[50.0, -50.0, 0.0]"
current_vs_old_vs_random,3262,43,"[2, 0, 1]","[""random"", ""policy_current"", ""policy_old""]","[2.0, -2.0, 0.0]","[1.0, -1.0, 0.0]"
current_vs_old_vs_random,3263,43,"[2, 1, 0]","[""random"", ""policy_old"", ""policy_current""]","[2.0, -2.0, 0.0]","[1.0, -1.0, 0.0]"
current_vs_old_vs_random,3264,44,"[0, 1, 2]","[""policy_current"", ""policy_old"", ""random""]","[-1.0, -2.0, 3.0]","[-0.5, -1.0, 1.5]"
current_vs_old_vs_random,3265,44,"[0, 2, 1]","[""policy_current"", ""random"", ""policy_old""]","[-1.0, 1.0, 0.0]","[-0.5, 0.5, 0.0]"
current_vs_old_vs_random,3266,44,"[1, 0, 2]","[""policy_old"", ""policy_current"", ""random""]","[-1.0, -2.0, 3.0]","[-0.5, -1.0, 1.5]"
current_vs_old_vs_random,3267,44,"[1, 2, 0]","[""policy_old"", ""random"", ""policy_current""]","[-1.0, 1.0, 0.0]","[-0.5, 0.5, 0.0]"
current_vs_old_vs_random,3268,44,"[2, 0, 1]","[""random"", ""policy_current"", ""policy_old""]","[2.0, -2.0, 0.0]","[1.0, -1.0, 0.0]"
current_vs_old_vs_random,3269,44,"[2, 1, 0]","[""random"", ""policy_old"", ""policy_current""]","[2.0, -2.0, 0.0]","[1.0, -1.0, 0.0]"
current_vs_old_vs_random,3270,45,"[0, 1, 2]","[""policy_current"", ""policy_old"", ""random""]","[200.0, -100.0, -100.0]","[100.0, -50.0, -50.0]"
current_vs_old_vs_random,3271,45,"[0, 2, 1]","[""policy_current"", ""random"", ""policy_old""]","[-1.0, -2.0, 3.0]","[-0.5, -1.0, 1.5]"
current_vs_old_vs_random,3272,45,"[1, 0, 2]","[""policy_old"", ""policy_current"", ""random""]","[200.0, -100.0, -100.0]","[100.0, -50.0, -50.0]"
current_vs_old_vs_random,3273,45,"[1, 2, 0]","[""policy_old"", ""random"", ""policy_current""]","[-1.0, -2.0, 3.0]","[-0.5, -1.0, 1.5]"
current_vs_old_vs_random,3274,45,"[2, 0, 1]","[""random"", ""policy_current"", ""policy_old""]","[-1.0, 101.0, -100.0]","[-0.5, 50.5, -50.0]"
current_vs_old_vs_random,3275,45,"[2, 1, 0]","[""random"", ""policy_old"", ""policy_current""]","[-1.0, 101.0, -100.0]","[-0.5, 50.5, -50.0]"
current_vs_old_vs_random,3276,46,"[0, 1, 2]","[""policy_current"", ""policy_old"", ""random""]","[-8.0, 10.0, -2.0]","[-4.0, 5.0, -1.0]"
current_vs_old_vs_random,3277,46,"[0, 2, 1]","[""policy_current"", ""random"", ""policy_old""]","[-2.0, 2.0, 0.0]","[-1.0, 1.0, 0.0]"
current_vs_old_vs_random,3278,46,"[1, 0, 2]","[""policy_old"", ""policy_current"", ""random""]","[-2.0, 102.0, -100.0]","[-1.0, 51.0, -50.0]"
current_vs_old_vs_random,3279,46,"[1, 2, 0]","[""policy_old"", ""random"", ""policy_current""]","[-2.0, 2.0, 0.0]","[-1.0, 1.0, 0.0]"
current_vs_old_vs_random,3280,46,"[2, 0, 1]","[""random"", ""policy_current"", ""policy_old""]","[-100.0, 100.0, 0.0]","[-50.0, 50.0, 0.0]"
current_vs_old_vs_random,3281,46,"[2, 1, 0]","[""random"", ""policy_old"", ""policy_current""]","[-100.0, 100.0, 0.0]","[-50.0, 50.0, 0.0]"
current_vs_old_vs_random,3282,47,"[0, 1, 2]","[""policy_current"", ""policy_old"", ""random""]","[102.0, -2.0, -100.0]","[51.0, -1.0, -50.0]"
current_vs_old_vs_random,3283,47,"[0, 2, 1]","[""policy_current"", ""random"", ""policy_old""]","[-8.0, 8.0, 0.0]","[-4.0, 4.0, 0.0]"
current_vs_old_vs_random,3284,47,"[1, 0, 2]","[""policy_old"", ""policy_current"", ""random""]","[102.0, -2.0, -100.0]","[51.0, -1.0, -50.0]"
current_vs_old_vs_random,3285,47,"[1, 2, 0]","[""policy_old"", ""random"", ""policy_current""]","[-8.0, 8.0, 0.0]","[-4.0, 4.0, 0.0]"
current_vs_old_vs_random,3286,47,"[2, 0, 1]","[""random"", ""policy_current"", ""policy_old""]","[100.0, -100.0, 0.0]","[50.0, -50.0, 0.0]"
current_vs_old_vs_random,3287,47,"[2, 1, 0]","[""random"", ""policy_old"", ""policy_current""]","[26.0, -26.0, 0.0]","[13.0, -13.0, 0.0]"
current_vs_old_vs_random,3288,48,"[0, 1, 2]","[""policy_current"", ""policy_old"", ""random""]","[102.0, -2.0, -100.0]","[51.0, -1.0, -50.0]"
current_vs_old_vs_random,3289,48,"[0, 2, 1]","[""policy_current"", ""random"", ""policy_old""]","[102.0, -2.0, -100.0]","[51.0, -1.0, -50.0]"
current_vs_old_vs_random,3290,48,"[1, 0, 2]","[""policy_old"", ""policy_current"", ""random""]","[-1.0, -2.0, 3.0]","[-0.5, -1.0, 1.5]"
current_vs_old_vs_random,3291,48,"[1, 2, 0]","[""policy_old"", ""random"", ""policy_current""]","[-1.0, -2.0, 3.0]","[-0.5, -1.0, 1.5]"
current_vs_old_vs_random,3292,48,"[2, 0, 1]","[""random"", ""policy_current"", ""policy_old""]","[-1.0, -2.0, 3.0]","[-0.5, -1.0, 1.5]"
current_vs_old_vs_random,3293,48,"[2, 1, 0]","[""random"", ""policy_old"", ""policy_current""]","[-1.0, -2.0, 3.0]","[-0.5, -1.0, 1.5]"
current_vs_old_vs_random,3294,49,"[0, 1, 2]","[""policy_current"", ""policy_old"", ""random""]","[-8.0, 108.0, -100.0]","[-4.0, 54.0, -50.0]"
current_vs_old_vs_random,3295,49,"[0, 2, 1]","[""policy_current"", ""random"", ""policy_old""]","[14.0, -14.0, 0.0]","[7.0, -7.0, 0.0]"
current_vs_old_vs_random,3296,49,"[1, 0, 2]","[""policy_old"", ""policy_current"", ""random""]","[-2.0, 102.0, -100.0]","[-1.0, 51.0, -50.0]"
current_vs_old_vs_random,3297,49,"[1, 2, 0]","[""policy_old"", ""random"", ""policy_current""]","[14.0, -14.0, 0.0]","[7.0, -7.0, 0.0]"
current_vs_old_vs_random,3298,49,"[2, 0, 1]","[""random"", ""policy_current"", ""policy_old""]","[2.0, -2.0, 0.0]","[1.0, -1.0, 0.0]"
current_vs_old_vs_random,3299,49,"[2, 1, 0]","[""random"", ""policy_old"", ""policy_current""]","[2.0, -2.0, 0.0]","[1.0, -1.0, 0.0]"
current_vs_old_vs_random,3300,50,"[0, 1, 2]","[""policy_current"", ""policy_old"", ""random""]","[-1.0, 1.0, 0.0]","[-0.5, 0.5, 0.0]"
current_vs_old_vs_random,3301,50,"[0, 2, 1]","[""policy_current"", ""random"", ""policy_old""]","[-1.0, -100.0, 101.0]","[-0.5, -50.0, 50.5]"
current_vs_old_vs_random,3302,50,"[1, 0, 2]","[""policy_old"", ""policy_current"", ""random""]","[-1.0, 1.0, 0.0]","[-0.5, 0.5, 0.0]"
current_vs_old_vs_random,3303,50,"[1, 2, 0]","[""policy_old"", ""random"", ""policy_current""]","[-1.0, -100.0, 101.0]","[-0.5, -50.0, 50.5]"
current_vs_old_vs_random,3304,50,"[2, 0, 1]","[""random"", ""policy_current"", ""policy_old""]","[-1.0, -2.0, 3.0]","[-0.5, -1.0, 1.5]"
current_vs_old_vs_random,3305,50,"[2, 1, 0]","[""random"", ""policy_old"", ""policy_current""]","[-1.0, -2.0, 3.0]","[-0.5, -1.0, 1.5]"
current_vs_old_vs_random,3306,51,"[0, 1, 2]","[""policy_current"", ""policy_old"", ""random""]","[-1.0, 101.0, -100.0]","[-0.5, 50.5, -50.0]"
current_vs_old_vs_random,3307,51,"[0, 2, 1]","[""policy_current"", ""random"", ""policy_old""]","[-8.0, 8.0, 0.0]","[-4.0, 4.0, 0.0]"
current_vs_old_vs_random,3308,51,"[1, 0, 2]","[""policy_old"", ""policy_current"", ""random""]","[-1.0, 101.0, -100.0]","[-0.5, 50.5, -50.0]"
current_vs_old_vs_random,3309,51,"[1, 2, 0]","[""policy_old"", ""random"", ""policy_current""]","[-14.0, 14.0, 0.0]","[-7.0, 7.0, 0.0]"
current_vs_old_vs_random,3310,51,"[2, 0, 1]","[""random"", ""policy_current"", ""policy_old""]","[2.0, -2.0, 0.0]","[1.0, -1.0, 0.0]"
current_vs_old_vs_random,3311,51,"[2, 1, 0]","[""random"", ""policy_old"", ""policy_current""]","[2.0, -2.0, 0.0]","[1.0, -1.0, 0.0]"
current_vs_old_vs_random,3312,52,"[0, 1, 2]","[""policy_current"", ""policy_old"", ""random""]","[2.0, -2.0, 0.0]","[1.0, -1.0, 0.0]"
current_vs_old_vs_random,3313,52,"[0, 2, 1]","[""policy_current"", ""random"", ""policy_old""]","[-20.0, -2.0, 22.0]","[-10.0, -1.0, 11.0]"
current_vs_old_vs_random,3314,52,"[1, 0, 2]","[""policy_old"", ""policy_current"", ""random""]","[-8.0, 8.0, 0.0]","[-4.0, 4.0, 0.0]"
current_vs_old_vs_random,3315,52,"[1, 2, 0]","[""policy_old"", ""random"", ""policy_current""]","[4.0, -2.0, -2.0]","[2.0, -1.0, -1.0]"
current_vs_old_vs_random,3316,52,"[2, 0, 1]","[""random"", ""policy_current"", ""policy_old""]","[-1.0, -2.0, 3.0]","[-0.5, -1.0, 1.5]"
current_vs_old_vs_random,3317,52,"[2, 1, 0]","[""random"", ""policy_old"", ""policy_current""]","[-1.0, -2.0, 3.0]","[-0.5, -1.0, 1.5]"
current_vs_old_vs_random,3318,53,"[0, 1, 2]","[""policy_current"", ""policy_old"", ""random""]","[102.0, -2.0, -100.0]","[51.0, -1.0, -50.0]"
current_vs_old_vs_random,3319,53,"[0, 2, 1]","[""policy_current"", ""random"", ""policy_old""]","[100.0, -100.0, 0.0]","[50.0, -50.0, 0.0]"
current_vs_old_vs_random,3320,53,"[1, 0, 2]","[""policy_old"", ""policy_current"", ""random""]","[102.0, -2.0, -100.0]","[51.0, -1.0, -50.0]"
current_vs_old_vs_random,3321,53,"[1, 2, 0]","[""policy_old"", ""random"", ""policy_current""]","[-20.0, 20.0, 0.0]","[-10.0, 10.0, 0.0]"
current_vs_old_vs_random,3322,53,"[2, 0, 1]","[""random"", ""policy_current"", ""policy_old""]","[100.0, -100.0, 0.0]","[50.0, -50.0, 0.0]"
current_vs_old_vs_random,3323,53,"[2, 1, 0]","[""random"", ""policy_old"", ""policy_current""]","[100.0, -100.0, 0.0]","[50.0, -50.0, 0.0]"
current_vs_old_vs_random,3324,54,"[0, 1, 2]","[""policy_current"", ""policy_old"", ""random""]","[-1.0, 3.0, -2.0]","[-0.5, 1.5, -1.0]"
current_vs_old_vs_random,3325,54,"[0, 2, 1]","[""policy_current"", ""random"", ""policy_old""]","[-1.0, 1.0, 0.0]","[-0.5, 0.5, 0.0]"
current_vs_old_vs_random,3326,54,"[1, 0, 2]","[""policy_old"", ""policy_current"", ""random""]","[108.0, -100.0, -8.0]","[54.0, -50.0, -4.0]"
current_vs_old_vs_random,3327,54,"[1, 2, 0]","[""policy_old"", ""random"", ""policy_current""]","[-1.0, 1.0, 0.0]","[-0.5, 0.5, 0.0]"
current_vs_old_vs_random,3328,54,"[2, 0, 1]","[""random"", ""policy_current"", ""policy_old""]","[8.0, -8.0, 0.0]","[4.0, -4.0, 0.0]"
current_vs_old_vs_random,3329,54,"[2, 1, 0]","[""random"", ""policy_old"", ""policy_current""]","[8.0, -8.0, 0.0]","[4.0, -4.0, 0.0]"
current_vs_old_vs_random,3330,55,"[0, 1, 2]","[""policy_current"", ""policy_old"", ""random""]","[-100.0, -2.0, 102.0]","[-50.0, -1.0, 51.0]"
current_vs_old_vs_random,3331,55,"[0, 2, 1]","[""policy_current"", ""random"", ""policy_old""]","[-100.0, 100.0, 0.0]","[-50.0, 50.0, 0.0]"
current_vs_old_vs_random,3332,55,"[1, 0, 2]","[""policy_old"", ""policy_current"", ""random""]","[-8.0, 108.0, -100.0]","[-4.0, 54.0, -50.0]"
current_vs_old_vs_random,3333,55,"[1, 2, 0]","[""policy_old"", ""random"", ""policy_current""]","[-8.0, 8.0, 0.0]","[-4.0, 4.0, 0.0]"
current_vs_old_vs_random,3334,55,"[2, 0, 1]","[""random"", ""policy_current"", ""policy_old""]","[2.0, -2.0, 0.0]","[1.0, -1.0, 0.0]"
current_vs_old_vs_random,3335,55,"[2, 1, 0]","[""random"", ""policy_old"", ""policy_current""]","[2.0, -2.0, 0.0]","[1.0, -1.0, 0.0]"
current_vs_old_vs_random,3336,56,"[0, 1, 2]","[""policy_current"", ""policy_old"", ""random""]","[8.0, -8.0, 0.0]","[4.0, -4.0, 0.0]"
current_vs_old_vs_random,3337,56,"[0, 2, 1]","[""policy_current"", ""random"", ""policy_old""]","[-2.0, 28.0, -26.0]","[-1.0, 14.0, -13.0]"
current_vs_old_vs_random,3338,56,"[1, 0, 2]","[""policy_old"", ""policy_current"", ""random""]","[2.0, -2.0, 0.0]","[1.0, -1.0, 0.0]"
current_vs_old_vs_random,3339,56,"[1, 2, 0]","[""policy_old"", ""random"", ""policy_current""]","[-2.0, 28.0, -26.0]","[-1.0, 14.0, -13.0]"
current_vs_old_vs_random,3340,56,"[2, 0, 1]","[""random"", ""policy_current"", ""policy_old""]","[-1.0, 9.0, -8.0]","[-0.5, 4.5, -4.0]"
current_vs_old_vs_random,3341,56,"[2, 1, 0]","[""random"", ""policy_old"", ""policy_current""]","[-1.0, 9.0, -8.0]","[-0.5, 4.5, -4.0]"
current_vs_old_vs_random,3342,57,"[0, 1, 2]","[""policy_current"", ""policy_old"", ""random""]","[-100.0, -100.0, 200.0]","[-50.0, -50.0, 100.0]"
current_vs_old_vs_random,3343,57,"[0, 2, 1]","[""policy_current"", ""random"", ""policy_old""]","[-1.0, 1.0, 0.0]","[-0.5, 0.5, 0.0]"
current_vs_old_vs_random,3344,57,"[1, 0, 2]","[""policy_old"", ""policy_current"", ""random""]","[-100.0, -100.0, 200.0]","[-50.0, -50.0, 100.0]"
current_vs_old_vs_random,3345,57,"[1, 2, 0]","[""policy_old"", ""random"", ""policy_current""]","[-1.0, -100.0, 101.0]","[-0.5, -50.0, 50.5]"
current_vs_old_vs_random,3346,57,"[2, 0, 1]","[""random"", ""policy_current"", ""policy_old""]","[-100.0, 100.0, 0.0]","[-50.0, 50.0, 0.0]"
current_vs_old_vs_random,3347,57,"[2, 1, 0]","[""random"", ""policy_old"", ""policy_current""]","[-8.0, -100.0, 108.0]","[-4.0, -50.0, 54.0]"
current_vs_old_vs_random,3348,58,"[0, 1, 2]","[""policy_current"", ""policy_old"", ""random""]","[-1.0, -100.0, 101.0]","[-0.5, -50.0, 50.5]"
current_vs_old_vs_random,3349,58,"[0, 2, 1]","[""policy_current"", ""random"", ""policy_old""]","[-2.0, 2.0, 0.0]","[-1.0, 1.0, 0.0]"
current_vs_old_vs_random,3350,58,"[1, 0, 2]","[""policy_old"", ""policy_current"", ""random""]","[-1.0, -100.0, 101.0]","[-0.5, -50.0, 50.5]"
current_vs_old_vs_random,3351,58,"[1, 2, 0]","[""policy_old"", ""random"", ""policy_current""]","[-2.0, 2.0, 0.0]","[-1.0, 1.0, 0.0]"
current_vs_old_vs_random,3352,58,"[2, 0, 1]","[""random"", ""policy_current"", ""policy_old""]","[-100.0, 100.0, 0.0]","[-50.0, 50.0, 0.0]"
current_vs_old_vs_random,3353,58,"[2, 1, 0]","[""random"", ""policy_old"", ""policy_current""]","[-100.0, 100.0, 0.0]","[-50.0, 50.0, 0.0]"
current_vs_old_vs_random,3354,59,"[0, 1, 2]","[""policy_current"", ""policy_old"", ""random""]","[102.0, -2.0, -100.0]","[51.0, -1.0, -50.0]"
current_vs_old_vs_random,3355,59,"[0, 2, 1]","[""policy_current"", ""random"", ""policy_old""]","[200.0, -100.0, -100.0]","[100.0, -50.0, -50.0]"
current_vs_old_vs_random,3356,59,"[1, 0, 2]","[""policy_old"", ""policy_current"", ""random""]","[-1.0, -2.0, 3.0]","[-0.5, -1.0, 1.5]"
current_vs_old_vs_random,3357,59,"[1, 2, 0]","[""policy_old"", ""random"", ""policy_current""]","[-1.0, 101.0, -100.0]","[-0.5, 50.5, -50.0]"
current_vs_old_vs_random,3358,59,"[2, 0, 1]","[""random"", ""policy_current"", ""policy_old""]","[-1.0, -2.0, 3.0]","[-0.5, -1.0, 1.5]"
current_vs_old_vs_random,3359,59,"[2, 1, 0]","[""random"", ""policy_old"", ""policy_current""]","[-1.0, -2.0, 3.0]","[-0.5, -1.0, 1.5]"
current_vs_old_vs_random,3360,60,"[0, 1, 2]","[""policy_current"", ""policy_old"", ""random""]","[-1.0, 1.0, 0.0]","[-0.5, 0.5, 0.0]"
current_vs_old_vs_random,3361,60,"[0, 2, 1]","[""policy_current"", ""random"", ""policy_old""]","[2.0, -2.0, 0.0]","[1.0, -1.0, 0.0]"
current_vs_old_vs_random,3362,60,"[1, 0, 2]","[""policy_old"", ""policy_current"", ""random""]","[-1.0, 1.0, 0.0]","[-0.5, 0.5, 0.0]"
current_vs_old_vs_random,3363,60,"[1, 2, 0]","[""policy_old"", ""random"", ""policy_current""]","[2.0, -2.0, 0.0]","[1.0, -1.0, 0.0]"
current_vs_old_vs_random,3364,60,"[2, 0, 1]","[""random"", ""policy_current"", ""policy_old""]","[-2.0, 2.0, 0.0]","[-1.0, 1.0, 0.0]"
current_vs_old_vs_random,3365,60,"[2, 1, 0]","[""random"", ""policy_old"", ""policy_current""]","[-2.0, 2.0, 0.0]","[-1.0, 1.0, 0.0]"
current_vs_old_vs_random,3366,61,"[0, 1, 2]","[""policy_current"", ""policy_old"", ""random""]","[-1.0, -100.0, 101.0]","[-0.5, -50.0, 50.5]"
current_vs_old_vs_random,3367,61,"[0, 2, 1]","[""policy_current"", ""random"", ""policy_old""]","[-1.0, 9.0, -8.0]","[-0.5, 4.5, -4.0]"
current_vs_old_vs_random,3368,61,"[1, 0, 2]","[""policy_old"", ""policy_current"", ""random""]","[-1.0, -100.0, 101.0]","[-0.5, -50.0, 50.5]"
current_vs_old_vs_random,3369,61,"[1, 2, 0]","[""policy_old"", ""random"", ""policy_current""]","[-1.0, 9.0, -8.0]","[-0.5, 4.5, -4.0]"
current_vs_old_vs_random,3370,61,"[2, 0, 1]","[""random"", ""policy_current"", ""policy_old""]","[-26.0, -8.0, 34.0]","[-13.0, -4.0, 17.0]"
current_vs_old_vs_random,3371,61,"[2, 1, 0]","[""random"", ""policy_old"", ""policy_current""]","[-26.0, -8.0, 34.0]","[-13.0, -4.0, 17.0]"
current_vs_old_vs_random,3372,62,"[0, 1, 2]","[""policy_current"", ""policy_old"", ""random""]","[-1.0, 15.0, -14.0]","[-0.5, 7.5, -7.0]"
current_vs_old_vs_random,3373,62,"[0, 2, 1]","[""policy_current"", ""random"", ""policy_old""]","[-1.0, 1.0, 0.0]","[-0.5, 0.5, 0.0]"
current_vs_old_vs_random,3374,62,"[1, 0, 2]","[""policy_old"", ""policy_current"", ""random""]","[-1.0, 15.0, -14.0]","[-0.5, 7.5, -7.0]"
current_vs_old_vs_random,3375,62,"[1, 2, 0]","[""policy_old"", ""random"", ""policy_current""]","[-1.0, 1.0, 0.0]","[-0.5, 0.5, 0.0]"
current_vs_old_vs_random,3376,62,"[2, 0, 1]","[""random"", ""policy_current"", ""policy_old""]","[-20.0, 20.0, 0.0]","[-10.0, 10.0, 0.0]"
current_vs_old_vs_random,3377,62,"[2, 1, 0]","[""random"", ""policy_old"", ""policy_current""]","[-20.0, 20.0, 0.0]","[-10.0, 10.0, 0.0]"
current_vs_old_vs_random,3378,63,"[0, 1, 2]","[""policy_current"", ""policy_old"", ""random""]","[-2.0, 2.0, 0.0]","[-1.0, 1.0, 0.0]"
current_vs_old_vs_random,3379,63,"[0, 2, 1]","[""policy_current"", ""random"", ""policy_old""]","[-1.0, -2.0, 3.0]","[-0.5, -1.0, 1.5]"
current_vs_old_vs_random,3380,63,"[1, 0, 2]","[""policy_old"", ""policy_current"", ""random""]","[-2.0, 2.0, 0.0]","[-1.0, 1.0, 0.0]"
current_vs_old_vs_random,3381,63,"[1, 2, 0]","[""policy_old"", ""random"", ""policy_current""]","[-1.0, -2.0, 3.0]","[-0.5, -1.0, 1.5]"
current_vs_old_vs_random,3382,63,"[2, 0, 1]","[""random"", ""policy_current"", ""policy_old""]","[-1.0, -2.0, 3.0]","[-0.5, -1.0, 1.5]"
current_vs_old_vs_random,3383,63,"[2, 1, 0]","[""random"", ""policy_old"", ""policy_current""]","[-1.0, 101.0, -100.0]","[-0.5, 50.5, -50.0]"
current_vs_old_vs_random,3384,64,"[0, 1, 2]","[""policy_current"", ""policy_old"", ""random""]","[-1.0, 3.0, -2.0]","[-0.5, 1.5, -1.0]"
current_vs_old_vs_random,3385,64,"[0, 2, 1]","[""policy_current"", ""random"", ""policy_old""]","[16.0, -2.0, -14.0]","[8.0, -1.0, -7.0]"
current_vs_old_vs_random,3386,64,"[1, 0, 2]","[""policy_old"", ""policy_current"", ""random""]","[-1.0, 3.0, -2.0]","[-0.5, 1.5, -1.0]"
current_vs_old_vs_random,3387,64,"[1, 2, 0]","[""policy_old"", ""random"", ""policy_current""]","[8.0, -8.0, 0.0]","[4.0, -4.0, 0.0]"
current_vs_old_vs_random,3388,64,"[2, 0, 1]","[""random"", ""policy_current"", ""policy_old""]","[102.0, -2.0, -100.0]","[51.0, -1.0, -50.0]"
current_vs_old_vs_random,3389,64,"[2, 1, 0]","[""random"", ""policy_old"", ""policy_current""]","[2.0, -2.0, 0.0]","[1.0, -1.0, 0.0]"
current_vs_old_vs_random,3390,65,"[0, 1, 2]","[""policy_current"", ""policy_old"", ""random""]","[-1.0, 1.0, 0.0]","[-0.5, 0.5, 0.0]"
current_vs_old_vs_random,3391,65,"[0, 2, 1]","[""policy_current"", ""random"", ""policy_old""]","[100.0, -100.0, 0.0]","[50.0, -50.0, 0.0]"
current_vs_old_vs_random,3392,65,"[1, 0, 2]","[""policy_old"", ""policy_current"", ""random""]","[-1.0, 1.0, 0.0]","[-0.5, 0.5, 0.0]"
current_vs_old_vs_random,3393,65,"[1, 2, 0]","[""policy_old"", ""random"", ""policy_current""]","[-2.0, 2.0, 0.0]","[-1.0, 1.0, 0.0]"
current_vs_old_vs_random,3394,65,"[2, 0, 1]","[""random"", ""policy_current"", ""policy_old""]","[2.0, -2.0, 0.0]","[1.0, -1.0, 0.0]"
current_vs_old_vs_random,3395,65,"[2, 1, 0]","[""random"", ""policy_old"", ""policy_current""]","[2.0, -2.0, 0.0]","[1.0, -1.0, 0.0]"
current_vs_old_vs_random,3396,66,"[0, 1, 2]","[""policy_current"", ""policy_old"", ""random""]","[-1.0, -2.0, 3.0]","[-0.5, -1.0, 1.5]"
current_vs_old_vs_random,3397,66,"[0, 2, 1]","[""policy_current"", ""random"", ""policy_old""]","[-1.0, -100.0, 101.0]","[-0.5, -50.0, 50.5]"
current_vs_old_vs_random,3398,66,"[1, 0, 2]","[""policy_old"", ""policy_current"", ""random""]","[-1.0, -2.0, 3.0]","[-0.5, -1.0, 1.5]"
current_vs_old_vs_random,3399,66,"[1, 2, 0]","[""policy_old"", ""random"", ""policy_current""]","[-1.0, -100.0, 101.0]","[-0.5, -50.0, 50.5]"
current_vs_old_vs_random,3400,66,"[2, 0, 1]","[""random"", ""policy_current"", ""policy_old""]","[102.0, -2.0, -100.0]","[51.0, -1.0, -50.0]"
current_vs_old_vs_random,3401,66,"[2, 1, 0]","[""random"", ""policy_old"", ""policy_current""]","[102.0, -2.0, -100.0]","[51.0, -1.0, -50.0]"
current_vs_old_vs_random,3402,67,"[0, 1, 2]","[""policy_current"", ""policy_old"", ""random""]","[-100.0, 200.0, -100.0]","[-50.0, 100.0, -50.0]"
current_vs_old_vs_random,3403,67,"[0, 2, 1]","[""policy_current"", ""random"", ""policy_old""]","[-100.0, 100.0, 0.0]","[-50.0, 50.0, 0.0]"
current_vs_old_vs_random,3404,67,"[1, 0, 2]","[""policy_old"", ""policy_current"", ""random""]","[-100.0, 200.0, -100.0]","[-50.0, 100.0, -50.0]"
current_vs_old_vs_random,3405,67,"[1, 2, 0]","[""policy_old"", ""random"", ""policy_current""]","[-100.0, 100.0, 0.0]","[-50.0, 50.0, 0.0]"
current_vs_old_vs_random,3406,67,"[2, 0, 1]","[""random"", ""policy_current"", ""policy_old""]","[-1.0, 1.0, 0.0]","[-0.5, 0.5, 0.0]"
current_vs_old_vs_random,3407,67,"[2, 1, 0]","[""random"", ""policy_old"", ""policy_current""]","[-1.0, 1.0, 0.0]","[-0.5, 0.5, 0.0]"
current_vs_old_vs_random,3408,68,"[0, 1, 2]","[""policy_current"", ""policy_old"", ""random""]","[-1.0, -2.0, 3.0]","[-0.5, -1.0, 1.5]"
current_vs_old_vs_random,3409,68,"[0, 2, 1]","[""policy_current"", ""random"", ""policy_old""]","[4.0, 4.0, -8.0]","[2.0, 2.0, -4.0]"
current_vs_old_vs_random,3410,68,"[1, 0, 2]","[""policy_old"", ""policy_current"", ""random""]","[-1.0, -2.0, 3.0]","[-0.5, -1.0, 1.5]"
current_vs_old_vs_random,3411,68,"[1, 2, 0]","[""policy_old"", ""random"", ""policy_current""]","[4.0, 4.0, -8.0]","[2.0, 2.0, -4.0]"
current_vs_old_vs_random,3412,68,"[2, 0, 1]","[""random"", ""policy_current"", ""policy_old""]","[10.0, -2.0, -8.0]","[5.0, -1.0, -4.0]"
current_vs_old_vs_random,3413,68,"[2, 1, 0]","[""random"", ""policy_old"", ""policy_current""]","[10.0, -2.0, -8.0]","[5.0, -1.0, -4.0]"
current_vs_old_vs_random,3414,69,"[0, 1, 2]","[""policy_current"", ""policy_old"", ""random""]","[108.0, -100.0, -8.0]","[54.0, -50.0, -4.0]"
current_vs_old_vs_random,3415,69,"[0, 2, 1]","[""policy_current"", ""random"", ""policy_old""]","[8.0, -8.0, 0.0]","[4.0, -4.0, 0.0]"
current_vs_old_vs_random,3416,69,"[1, 0, 2]","[""policy_old"", ""policy_current"", ""random""]","[108.0, -100.0, -8.0]","[54.0, -50.0, -4.0]"
current_vs_old_vs_random,3417,69,"[1, 2, 0]","[""policy_old"", ""random"", ""policy_current""]","[100.0, -100.0, 0.0]","[50.0, -50.0, 0.0]"
current_vs_old_vs_random,3418,69,"[2, 0, 1]","[""random"", ""policy_current"", ""policy_old""]","[100.0, -100.0, 0.0]","[50.0, -50.0, 0.0]"
current_vs_old_vs_random,3419,69,"[2, 1, 0]","[""random"", ""policy_old"", ""policy_current""]","[100.0, -100.0, 0.0]","[50.0, -50.0, 0.0]"
current_vs_old_vs_random,3420,70,"[0, 1, 2]","[""policy_current"", ""policy_old"", ""random""]","[-1.0, -100.0, 101.0]","[-0.5, -50.0, 50.5]"
current_vs_old_vs_random,3421,70,"[0, 2, 1]","[""policy_current"", ""random"", ""policy_old""]","[-1.0, 1.0, 0.0]","[-0.5, 0.5, 0.0]"
current_vs_old_vs_random,3422,70,"[1, 0, 2]","[""policy_old"", ""policy_current"", ""random""]","[-1.0, -100.0, 101.0]","[-0.5, -50.0, 50.5]"
current_vs_old_vs_random,3423,70,"[1, 2, 0]","[""policy_old"", ""random"", ""policy_current""]","[-1.0, 1.0, 0.0]","[-0.5, 0.5, 0.0]"
current_vs_old_vs_random,3424,70,"[2, 0, 1]","[""random"", ""policy_current"", ""policy_old""]","[-100.0, 100.0, 0.0]","[-50.0, 50.0, 0.0]"
current_vs_old_vs_random,3425,70,"[2, 1, 0]","[""random"", ""policy_old"", ""policy_current""]","[-100.0, 100.0, 0.0]","[-50.0, 50.0, 0.0]"
current_vs_old_vs_random,3426,71,"[0, 1, 2]","[""policy_current"", ""policy_old"", ""random""]","[-1.0, -2.0, 3.0]","[-0.5, -1.0, 1.5]"
current_vs_old_vs_random,3427,71,"[0, 2, 1]","[""policy_current"", ""random"", ""policy_old""]","[-1.0, 1.0, 0.0]","[-0.5, 0.5, 0.0]"
current_vs_old_vs_random,3428,71,"[1, 0, 2]","[""policy_old"", ""policy_current"", ""random""]","[-1.0, -2.0, 3.0]","[-0.5, -1.0, 1.5]"
current_vs_old_vs_random,3429,71,"[1, 2, 0]","[""policy_old"", ""random"", ""policy_current""]","[-1.0, 1.0, 0.0]","[-0.5, 0.5, 0.0]"
current_vs_old_vs_random,3430,71,"[2, 0, 1]","[""random"", ""policy_current"", ""policy_old""]","[-1.0, 1.0, 0.0]","[-0.5, 0.5, 0.0]"
current_vs_old_vs_random,3431,71,"[2, 1, 0]","[""random"", ""policy_old"", ""policy_current""]","[-1.0, 1.0, 0.0]","[-0.5, 0.5, 0.0]"
current_vs_old_vs_random,3432,72,"[0, 1, 2]","[""policy_current"", ""policy_old"", ""random""]","[-1.0, -2.0, 3.0]","[-0.5, -1.0, 1.5]"
current_vs_old_vs_random,3433,72,"[0, 2, 1]","[""policy_current"", ""random"", ""policy_old""]","[10.0, -2.0, -8.0]","[5.0, -1.0, -4.0]"
current_vs_old_vs_random,3434,72,"[1, 0, 2]","[""policy_old"", ""policy_current"", ""random""]","[-8.0, 16.0, -8.0]","[-4.0, 8.0, -4.0]"
current_vs_old_vs_random,3435,72,"[1, 2, 0]","[""policy_old"", ""random"", ""policy_current""]","[10.0, -2.0, -8.0]","[5.0, -1.0, -4.0]"
current_vs_old_vs_random,3436,72,"[2, 0, 1]","[""random"", ""policy_current"", ""policy_old""]","[10.0, -2.0, -8.0]","[5.0, -1.0, -4.0]"
current_vs_old_vs_random,3437,72,"[2, 1, 0]","[""random"", ""policy_old"", ""policy_current""]","[10.0, -2.0, -8.0]","[5.0, -1.0, -4.0]"
current_vs_old_vs_random,3438,73,"[0, 1, 2]","[""policy_current"", ""policy_old"", ""random""]","[-1.0, -2.0, 3.0]","[-0.5, -1.0, 1.5]"
current_vs_old_vs_random,3439,73,"[0, 2, 1]","[""policy_current"", ""random"", ""policy_old""]","[-1.0, 9.0, -8.0]","[-0.5, 4.5, -4.0]"
current_vs_old_vs_random,3440,73,"[1, 0, 2]","[""policy_old"", ""policy_current"", ""random""]","[-1.0, -2.0, 3.0]","[-0.5, -1.0, 1.5]"
current_vs_old_vs_random,3441,73,"[1, 2, 0]","[""policy_old"", ""random"", ""policy_current""]","[-1.0, 9.0, -8.0]","[-0.5, 4.5, -4.0]"
current_vs_old_vs_random,3442,73,"[2, 0, 1]","[""random"", ""policy_current"", ""policy_old""]","[22.0, -2.0, -20.0]","[11.0, -1.0, -10.0]"
current_vs_old_vs_random,3443,73,"[2, 1, 0]","[""random"", ""policy_old"", ""policy_current""]","[22.0, -2.0, -20.0]","[11.0, -1.0, -10.0]"
current_vs_old_vs_random,3444,74,"[0, 1, 2]","[""policy_current"", ""policy_old"", ""random""]","[100.0, -100.0, 0.0]","[50.0, -50.0, 0.0]"
current_vs_old_vs_random,3445,74,"[0, 2, 1]","[""policy_current"", ""random"", ""policy_old""]","[-1.0, 3.0, -2.0]","[-0.5, 1.5, -1.0]"
current_vs_old_vs_random,3446,74,"[1, 0, 2]","[""policy_old"", ""policy_current"", ""random""]","[-8.0, 8.0, 0.0]","[-4.0, 4.0, 0.0]"
current_vs_old_vs_random,3447,74,"[1, 2, 0]","[""policy_old"", ""random"", ""policy_current""]","[-1.0, 3.0, -2.0]","[-0.5, 1.5, -1.0]"
current_vs_old_vs_random,3448,74,"[2, 0, 1]","[""random"", ""policy_current"", ""policy_old""]","[102.0, -100.0, -2.0]","[51.0, -50.0, -1.0]"
current_vs_old_vs_random,3449,74,"[2, 1, 0]","[""random"", ""policy_old"", ""policy_current""]","[102.0, -100.0, -2.0]","[51.0, -50.0, -1.0]"
current_vs_old_vs_random,3450,75,"[0, 1, 2]","[""policy_current"", ""policy_old"", ""random""]","[8.0, -8.0, 0.0]","[4.0, -4.0, 0.0]"
current_vs_old_vs_random,3451,75,"[0, 2, 1]","[""policy_current"", ""random"", ""policy_old""]","[-2.0, 2.0, 0.0]","[-1.0, 1.0, 0.0]"
current_vs_old_vs_random,3452,75,"[1, 0, 2]","[""policy_old"", ""policy_current"", ""random""]","[8.0, -8.0, 0.0]","[4.0, -4.0, 0.0]"
current_vs_old_vs_random,3453,75,"[1, 2, 0]","[""policy_old"", ""random"", ""policy_current""]","[-2.0, 2.0, 0.0]","[-1.0, 1.0, 0.0]"
current_vs_old_vs_random,3454,75,"[2, 0, 1]","[""random"", ""policy_current"", ""policy_old""]","[14.0, -14.0, 0.0]","[7.0, -7.0, 0.0]"
current_vs_old_vs_random,3455,75,"[2, 1, 0]","[""random"", ""policy_old"", ""policy_current""]","[14.0, -14.0, 0.0]","[7.0, -7.0, 0.0]"
current_vs_old_vs_random,3456,76,"[0, 1, 2]","[""policy_current"", ""policy_old"", ""random""]","[-1.0, -100.0, 101.0]","[-0.5, -50.0, 50.5]"
current_vs_old_vs_random,3457,76,"[0, 2, 1]","[""policy_current"", ""random"", ""policy_old""]","[2.0, -2.0, 0.0]","[1.0, -1.0, 0.0]"
current_vs_old_vs_random,3458,76,"[1, 0, 2]","[""policy_old"", ""policy_current"", ""random""]","[-1.0, -100.0, 101.0]","[-0.5, -50.0, 50.5]"
current_vs_old_vs_random,3459,76,"[1, 2, 0]","[""policy_old"", ""random"", ""policy_current""]","[-100.0, 100.0, 0.0]","[-50.0, 50.0, 0.0]"
current_vs_old_vs_random,3460,76,"[2, 0, 1]","[""random"", ""policy_current"", ""policy_old""]","[-1.0, 1.0, 0.0]","[-0.5, 0.5, 0.0]"
current_vs_old_vs_random,3461,76,"[2, 1, 0]","[""random"", ""policy_old"", ""policy_current""]","[-1.0, 1.0, 0.0]","[-0.5, 0.5, 0.0]"
current_vs_old_vs_random,3462,77,"[0, 1, 2]","[""policy_current"", ""policy_old"", ""random""]","[-100.0, -2.0, 102.0]","[-50.0, -1.0, 51.0]"
current_vs_old_vs_random,3463,77,"[0, 2, 1]","[""policy_current"", ""random"", ""policy_old""]","[8.0, -8.0, 0.0]","[4.0, -4.0, 0.0]"
current_vs_old_vs_random,3464,77,"[1, 0, 2]","[""policy_old"", ""policy_current"", ""random""]","[-100.0, -2.0, 102.0]","[-50.0, -1.0, 51.0]"
current_vs_old_vs_random,3465,77,"[1, 2, 0]","[""policy_old"", ""random"", ""policy_current""]","[2.0, -2.0, 0.0]","[1.0, -1.0, 0.0]"
current_vs_old_vs_random,3466,77,"[2, 0, 1]","[""random"", ""policy_current"", ""policy_old""]","[2.0, -2.0, 0.0]","[1.0, -1.0, 0.0]"
current_vs_old_vs_random,3467,77,"[2, 1, 0]","[""random"", ""policy_old"", ""policy_current""]","[2.0, -2.0, 0.0]","[1.0, -1.0, 0.0]"
current_vs_old_vs_random,3468,78,"[0, 1, 2]","[""policy_current"", ""policy_old"", ""random""]","[-1.0, 27.0, -26.0]","[-0.5, 13.5, -13.0]"
current_vs_old_vs_random,3469,78,"[0, 2, 1]","[""policy_current"", ""random"", ""policy_old""]","[-14.0, 14.0, 0.0]","[-7.0, 7.0, 0.0]"
current_vs_old_vs_random,3470,78,"[1, 0, 2]","[""policy_old"", ""policy_current"", ""random""]","[-1.0, 27.0, -26.0]","[-0.5, 13.5, -13.0]"
current_vs_old_vs_random,3471,78,"[1, 2, 0]","[""policy_old"", ""random"", ""policy_current""]","[-14.0, 14.0, 0.0]","[-7.0, 7.0, 0.0]"
current_vs_old_vs_random,3472,78,"[2, 0, 1]","[""random"", ""policy_current"", ""policy_old""]","[100.0, -100.0, 0.0]","[50.0, -50.0, 0.0]"
current_vs_old_vs_random,3473,78,"[2, 1, 0]","[""random"", ""policy_old"", ""policy_current""]","[100.0, -100.0, 0.0]","[50.0, -50.0, 0.0]"
current_vs_old_vs_random,3474,79,"[0, 1, 2]","[""policy_current"", ""policy_old"", ""random""]","[-1.0, 101.0, -100.0]","[-0.5, 50.5, -50.0]"
current_vs_old_vs_random,3475,79,"[0, 2, 1]","[""policy_current"", ""random"", ""policy_old""]","[-1.0, 1.0, 0.0]","[-0.5, 0.5, 0.0]"
current_vs_old_vs_random,3476,79,"[1, 0, 2]","[""policy_old"", ""policy_current"", ""random""]","[-1.0, 101.0, -100.0]","[-0.5, 50.5, -50.0]"
current_vs_old_vs_random,3477,79,"[1, 2, 0]","[""policy_old"", ""random"", ""policy_current""]","[-2.0, 2.0, 0.0]","[-1.0, 1.0, 0.0]"
current_vs_old_vs_random,3478,79,"[2, 0, 1]","[""random"", ""policy_current"", ""policy_old""]","[2.0, -2.0, 0.0]","[1.0, -1.0, 0.0]"
current_vs_old_vs_random,3479,79,"[2, 1, 0]","[""random"", ""policy_old"", ""policy_current""]","[2.0, -2.0, 0.0]","[1.0, -1.0, 0.0]"
current_vs_old_vs_random,3480,80,"[0, 1, 2]","[""policy_current"", ""policy_old"", ""random""]","[108.0, -8.0, -100.0]","[54.0, -4.0, -50.0]"
current_vs_old_vs_random,3481,80,"[0, 2, 1]","[""policy_current"", ""random"", ""policy_old""]","[-1.0, -14.0, 15.0]","[-0.5, -7.0, 7.5]"
current_vs_old_vs_random,3482,80,"[1, 0, 2]","[""policy_old"", ""policy_current"", ""random""]","[-1.0, 9.0, -8.0]","[-0.5, 4.5, -4.0]"
current_vs_old_vs_random,3483,80,"[1, 2, 0]","[""policy_old"", ""random"", ""policy_current""]","[-1.0, -14.0, 15.0]","[-0.5, -7.0, 7.5]"
current_vs_old_vs_random,3484,80,"[2, 0, 1]","[""random"", ""policy_current"", ""policy_old""]","[-14.0, 40.0, -26.0]","[-7.0, 20.0, -13.0]"
current_vs_old_vs_random,3485,80,"[2, 1, 0]","[""random"", ""policy_old"", ""policy_current""]","[-14.0, 40.0, -26.0]","[-7.0, 20.0, -13.0]"
current_vs_old_vs_random,3486,81,"[0, 1, 2]","[""policy_current"", ""policy_old"", ""random""]","[-1.0, -2.0, 3.0]","[-0.5, -1.0, 1.5]"
current_vs_old_vs_random,3487,81,"[0, 2, 1]","[""policy_current"", ""random"", ""policy_old""]","[-1.0, 1.0, 0.0]","[-0.5, 0.5, 0.0]"
current_vs_old_vs_random,3488,81,"[1, 0, 2]","[""policy_old"", ""policy_current"", ""random""]","[-1.0, -2.0, 3.0]","[-0.5, -1.0, 1.5]"
current_vs_old_vs_random,3489,81,"[1, 2, 0]","[""policy_old"", ""random"", ""policy_current""]","[-1.0, 1.0, 0.0]","[-0.5, 0.5, 0.0]"
current_vs_old_vs_random,3490,81,"[2, 0, 1]","[""random"", ""policy_current"", ""policy_old""]","[-1.0, 1.0, 0.0]","[-0.5, 0.5, 0.0]"
current_vs_old_vs_random,3491,81,"[2, 1, 0]","[""random"", ""policy_old"", ""policy_current""]","[-1.0, 1.0, 0.0]","[-0.5, 0.5, 0.0]"
current_vs_old_vs_random,3492,82,"[0, 1, 2]","[""policy_current"", ""policy_old"", ""random""]","[-1.0, 1.0, 0.0]","[-0.5, 0.5, 0.0]"
current_vs_old_vs_random,3493,82,"[0, 2, 1]","[""policy_current"", ""random"", ""policy_old""]","[-1.0, 1.0, 0.0]","[-0.5, 0.5, 0.0]"
current_vs_old_vs_random,3494,82,"[1, 0, 2]","[""policy_old"", ""policy_current"", ""random""]","[-1.0, 1.0, 0.0]","[-0.5, 0.5, 0.0]"
current_vs_old_vs_random,3495,82,"[1, 2, 0]","[""policy_old"", ""random"", ""policy_current""]","[-1.0, 1.0, 0.0]","[-0.5, 0.5, 0.0]"
current_vs_old_vs_random,3496,82,"[2, 0, 1]","[""random"", ""policy_current"", ""policy_old""]","[-8.0, 8.0, 0.0]","[-4.0, 4.0, 0.0]"
current_vs_old_vs_random,3497,82,"[2, 1, 0]","[""random"", ""policy_old"", ""policy_current""]","[-8.0, 8.0, 0.0]","[-4.0, 4.0, 0.0]"
current_vs_old_vs_random,3498,83,"[0, 1, 2]","[""policy_current"", ""policy_old"", ""random""]","[-2.0, 4.0, -2.0]","[-1.0, 2.0, -1.0]"
current_vs_old_vs_random,3499,83,"[0, 2, 1]","[""policy_current"", ""random"", ""policy_old""]","[-2.0, -2.0, 4.0]","[-1.0, -1.0, 2.0]"
current_vs_old_vs_random,3500,83,"[1, 0, 2]","[""policy_old"", ""policy_current"", ""random""]","[-1.0, 3.0, -2.0]","[-0.5, 1.5, -1.0]"
current_vs_old_vs_random,3501,83,"[1, 2, 0]","[""policy_old"", ""random"", ""policy_current""]","[-2.0, -2.0, 4.0]","[-1.0, -1.0, 2.0]"
current_vs_old_vs_random,3502,83,"[2, 0, 1]","[""random"", ""policy_current"", ""policy_old""]","[-2.0, 4.0, -2.0]","[-1.0, 2.0, -1.0]"
current_vs_old_vs_random,3503,83,"[2, 1, 0]","[""random"", ""policy_old"", ""policy_current""]","[-2.0, 4.0, -2.0]","[-1.0, 2.0, -1.0]"
current_vs_old_vs_random,3504,84,"[0, 1, 2]","[""policy_current"", ""policy_old"", ""random""]","[-1.0, 3.0, -2.0]","[-0.5, 1.5, -1.0]"
current_vs_old_vs_random,3505,84,"[0, 2, 1]","[""policy_current"", ""random"", ""policy_old""]","[2.0, -2.0, 0.0]","[1.0, -1.0, 0.0]"
current_vs_old_vs_random,3506,84,"[1, 0, 2]","[""policy_old"", ""policy_current"", ""random""]","[-1.0, 3.0, -2.0]","[-0.5, 1.5, -1.0]"
current_vs_old_vs_random,3507,84,"[1, 2, 0]","[""policy_old"", ""random"", ""policy_current""]","[2.0, -2.0, 0.0]","[1.0, -1.0, 0.0]"
current_vs_old_vs_random,3508,84,"[2, 0, 1]","[""random"", ""policy_current"", ""policy_old""]","[-8.0, 8.0, 0.0]","[-4.0, 4.0, 0.0]"
current_vs_old_vs_random,3509,84,"[2, 1, 0]","[""random"", ""policy_old"", ""policy_current""]","[-8.0, 8.0, 0.0]","[-4.0, 4.0, 0.0]"
current_vs_old_vs_random,3510,85,"[0, 1, 2]","[""policy_current"", ""policy_old"", ""random""]","[-1.0, 1.0, 0.0]","[-0.5, 0.5, 0.0]"
current_vs_old_vs_random,3511,85,"[0, 2, 1]","[""policy_current"", ""random"", ""policy_old""]","[-1.0, -2.0, 3.0]","[-0.5, -1.0, 1.5]"
current_vs_old_vs_random,3512,85,"[1, 0, 2]","[""policy_old"", ""policy_current"", ""random""]","[-1.0, 1.0, 0.0]","[-0.5, 0.5, 0.0]"
current_vs_old_vs_random,3513,85,"[1, 2, 0]","[""policy_old"", ""random"", ""policy_current""]","[-1.0, -2.0, 3.0]","[-0.5, -1.0, 1.5]"
current_vs_old_vs_random,3514,85,"[2, 0, 1]","[""random"", ""policy_current"", ""policy_old""]","[200.0, -100.0, -100.0]","[100.0, -50.0, -50.0]"
current_vs_old_vs_random,3515,85,"[2, 1, 0]","[""random"", ""policy_old"", ""policy_current""]","[200.0, -100.0, -100.0]","[100.0, -50.0, -50.0]"
current_vs_old_vs_random,3516,86,"[0, 1, 2]","[""policy_current"", ""policy_old"", ""random""]","[-1.0, -2.0, 3.0]","[-0.5, -1.0, 1.5]"
current_vs_old_vs_random,3517,86,"[0, 2, 1]","[""policy_current"", ""random"", ""policy_old""]","[-2.0, 2.0, 0.0]","[-1.0, 1.0, 0.0]"
current_vs_old_vs_random,3518,86,"[1, 0, 2]","[""policy_old"", ""policy_current"", ""random""]","[-1.0, -2.0, 3.0]","[-0.5, -1.0, 1.5]"
current_vs_old_vs_random,3519,86,"[1, 2, 0]","[""policy_old"", ""random"", ""policy_current""]","[-2.0, 2.0, 0.0]","[-1.0, 1.0, 0.0]"
current_vs_old_vs_random,3520,86,"[2, 0, 1]","[""random"", ""policy_current"", ""policy_old""]","[2.0, -2.0, 0.0]","[1.0, -1.0, 0.0]"
current_vs_old_vs_random,3521,86,"[2, 1, 0]","[""random"", ""policy_old"", ""policy_current""]","[2.0, -2.0, 0.0]","[1.0, -1.0, 0.0]"
current_vs_old_vs_random,3522,87,"[0, 1, 2]","[""policy_current"", ""policy_old"", ""random""]","[102.0, -2.0, -100.0]","[51.0, -1.0, -50.0]"
current_vs_old_vs_random,3523,87,"[0, 2, 1]","[""policy_current"", ""random"", ""policy_old""]","[-100.0, 100.0, 0.0]","[-50.0, 50.0, 0.0]"
current_vs_old_vs_random,3524,87,"[1, 0, 2]","[""policy_old"", ""policy_current"", ""random""]","[102.0, -2.0, -100.0]","[51.0, -1.0, -50.0]"
current_vs_old_vs_random,3525,87,"[1, 2, 0]","[""policy_old"", ""random"", ""policy_current""]","[-100.0, 102.0, -2.0]","[-50.0, 51.0, -1.0]"
current_vs_old_vs_random,3526,87,"[2, 0, 1]","[""random"", ""policy_current"", ""policy_old""]","[2.0, -2.0, 0.0]","[1.0, -1.0, 0.0]"
current_vs_old_vs_random,3527,87,"[2, 1, 0]","[""random"", ""policy_old"", ""policy_current""]","[16.0, -2.0, -14.0]","[8.0, -1.0, -7.0]"
current_vs_old_vs_random,3528,88,"[0, 1, 2]","[""policy_current"", ""policy_old"", ""random""]","[-100.0, 50.0, 50.0]","[-50.0, 25.0, 25.0]"
current_vs_old_vs_random,3529,88,"[0, 2, 1]","[""policy_current"", ""random"", ""policy_old""]","[4.0, -2.0, -2.0]","[2.0, -1.0, -1.0]"
current_vs_old_vs_random,3530,88,"[1, 0, 2]","[""policy_old"", ""policy_current"", ""random""]","[-100.0, -2.0, 102.0]","[-50.0, -1.0, 51.0]"
current_vs_old_vs_random,3531,88,"[1, 2, 0]","[""policy_old"", ""random"", ""policy_current""]","[4.0, -2.0, -2.0]","[2.0, -1.0, -1.0]"
current_vs_old_vs_random,3532,88,"[2, 0, 1]","[""random"", ""policy_current"", ""policy_old""]","[-100.0, 50.0, 50.0]","[-50.0, 25.0, 25.0]"
current_vs_old_vs_random,3533,88,"[2, 1, 0]","[""random"", ""policy_old"", ""policy_current""]","[-100.0, 50.0, 50.0]","[-50.0, 25.0, 25.0]"
current_vs_old_vs_random,3534,89,"[0, 1, 2]","[""policy_current"", ""policy_old"", ""random""]","[-1.0, 1.0, 0.0]","[-0.5, 0.5, 0.0]"
current_vs_old_vs_random,3535,89,"[0, 2, 1]","[""policy_current"", ""random"", ""policy_old""]","[-1.0, 1.0, 0.0]","[-0.5, 0.5, 0.0]"
current_vs_old_vs_random,3536,89,"[1, 0, 2]","[""policy_old"", ""policy_current"", ""random""]","[-1.0, 1.0, 0.0]","[-0.5, 0.5, 0.0]"
current_vs_old_vs_random,3537,89,"[1, 2, 0]","[""policy_old"", ""random"", ""policy_current""]","[-1.0, 15.0, -14.0]","[-0.5, 7.5, -7.0]"
current_vs_old_vs_random,3538,89,"[2, 0, 1]","[""random"", ""policy_current"", ""policy_old""]","[-1.0, 1.0, 0.0]","[-0.5, 0.5, 0.0]"
current_vs_old_vs_random,3539,89,"[2, 1, 0]","[""random"", ""policy_old"", ""policy_current""]","[-1.0, -20.0, 21.0]","[-0.5, -10.0, 10.5]"
current_vs_old_vs_random,3540,90,"[0, 1, 2]","[""policy_current"", ""policy_old"", ""random""]","[-1.0, -2.0, 3.0]","[-0.5, -1.0, 1.5]"
current_vs_old_vs_random,3541,90,"[0, 2, 1]","[""policy_current"", ""random"", ""policy_old""]","[-1.0, 1.0, 0.0]","[-0.5, 0.5, 0.0]"
current_vs_old_vs_random,3542,90,"[1, 0, 2]","[""policy_old"", ""policy_current"", ""random""]","[-1.0, -2.0, 3.0]","[-0.5, -1.0, 1.5]"
current_vs_old_vs_random,3543,90,"[1, 2, 0]","[""policy_old"", ""random"", ""policy_current""]","[-1.0, 1.0, 0.0]","[-0.5, 0.5, 0.0]"
current_vs_old_vs_random,3544,90,"[2, 0, 1]","[""random"", ""policy_current"", ""policy_old""]","[-1.0, 1.0, 0.0]","[-0.5, 0.5, 0.0]"
current_vs_old_vs_random,3545,90,"[2, 1, 0]","[""random"", ""policy_old"", ""policy_current""]","[-1.0, 1.0, 0.0]","[-0.5, 0.5, 0.0]"
current_vs_old_vs_random,3546,91,"[0, 1, 2]","[""policy_current"", ""policy_old"", ""random""]","[-1.0, 9.0, -8.0]","[-0.5, 4.5, -4.0]"
current_vs_old_vs_random,3547,91,"[0, 2, 1]","[""policy_current"", ""random"", ""policy_old""]","[100.0, -100.0, 0.0]","[50.0, -50.0, 0.0]"
current_vs_old_vs_random,3548,91,"[1, 0, 2]","[""policy_old"", ""policy_current"", ""random""]","[-1.0, -2.0, 3.0]","[-0.5, -1.0, 1.5]"
current_vs_old_vs_random,3549,91,"[1, 2, 0]","[""policy_old"", ""random"", ""policy_current""]","[100.0, -100.0, 0.0]","[50.0, -50.0, 0.0]"
current_vs_old_vs_random,3550,91,"[2, 0, 1]","[""random"", ""policy_current"", ""policy_old""]","[100.0, -100.0, 0.0]","[50.0, -50.0, 0.0]"
current_vs_old_vs_random,3551,91,"[2, 1, 0]","[""random"", ""policy_old"", ""policy_current""]","[100.0, -100.0, 0.0]","[50.0, -50.0, 0.0]"
current_vs_old_vs_random,3552,92,"[0, 1, 2]","[""policy_current"", ""policy_old"", ""random""]","[-1.0, -100.0, 101.0]","[-0.5, -50.0, 50.5]"
current_vs_old_vs_random,3553,92,"[0, 2, 1]","[""policy_current"", ""random"", ""policy_old""]","[-2.0, 4.0, -2.0]","[-1.0, 2.0, -1.0]"
current_vs_old_vs_random,3554,92,"[1, 0, 2]","[""policy_old"", ""policy_current"", ""random""]","[-1.0, -100.0, 101.0]","[-0.5, -50.0, 50.5]"
current_vs_old_vs_random,3555,92,"[1, 2, 0]","[""policy_old"", ""random"", ""policy_current""]","[-2.0, 2.0, 0.0]","[-1.0, 1.0, 0.0]"
current_vs_old_vs_random,3556,92,"[2, 0, 1]","[""random"", ""policy_current"", ""policy_old""]","[40.0, -20.0, -20.0]","[20.0, -10.0, -10.0]"
current_vs_old_vs_random,3557,92,"[2, 1, 0]","[""random"", ""policy_old"", ""policy_current""]","[2.0, -2.0, 0.0]","[1.0, -1.0, 0.0]"
current_vs_old_vs_random,3558,93,"[0, 1, 2]","[""policy_current"", ""policy_old"", ""random""]","[100.0, -100.0, 0.0]","[50.0, -50.0, 0.0]"
current_vs_old_vs_random,3559,93,"[0, 2, 1]","[""policy_current"", ""random"", ""policy_old""]","[4.0, -2.0, -2.0]","[2.0, -1.0, -1.0]"
current_vs_old_vs_random,3560,93,"[1, 0, 2]","[""policy_old"", ""policy_current"", ""random""]","[100.0, -100.0, 0.0]","[50.0, -50.0, 0.0]"
current_vs_old_vs_random,3561,93,"[1, 2, 0]","[""policy_old"", ""random"", ""policy_current""]","[4.0, -2.0, -2.0]","[2.0, -1.0, -1.0]"
current_vs_old_vs_random,3562,93,"[2, 0, 1]","[""random"", ""policy_current"", ""policy_old""]","[102.0, -2.0, -100.0]","[51.0, -1.0, -50.0]"
current_vs_old_vs_random,3563,93,"[2, 1, 0]","[""random"", ""policy_old"", ""policy_current""]","[102.0, -2.0, -100.0]","[51.0, -1.0, -50.0]"
current_vs_old_vs_random,3564,94,"[0, 1, 2]","[""policy_current"", ""policy_old"", ""random""]","[-1.0, 3.0, -2.0]","[-0.5, 1.5, -1.0]"
current_vs_old_vs_random,3565,94,"[0, 2, 1]","[""policy_current"", ""random"", ""policy_old""]","[-2.0, 2.0, 0.0]","[-1.0, 1.0, 0.0]"
current_vs_old_vs_random,3566,94,"[1, 0, 2]","[""policy_old"", ""policy_current"", ""random""]","[-1.0, -8.0, 9.0]","[-0.5, -4.0, 4.5]"
current_vs_old_vs_random,3567,94,"[1, 2, 0]","[""policy_old"", ""random"", ""policy_current""]","[-2.0, 2.0, 0.0]","[-1.0, 1.0, 0.0]"
current_vs_old_vs_random,3568,94,"[2, 0, 1]","[""random"", ""policy_current"", ""policy_old""]","[2.0, -2.0, 0.0]","[1.0, -1.0, 0.0]"
current_vs_old_vs_random,3569,94,"[2, 1, 0]","[""random"", ""policy_old"", ""policy_current""]","[2.0, -2.0, 0.0]","[1.0, -1.0, 0.0]"
current_vs_old_vs_random,3570,95,"[0, 1, 2]","[""policy_current"", ""policy_old"", ""random""]","[-1.0, -2.0, 3.0]","[-0.5, -1.0, 1.5]"
current_vs_old_vs_random,3571,95,"[0, 2, 1]","[""policy_current"", ""random"", ""policy_old""]","[2.0, -2.0, 0.0]","[1.0, -1.0, 0.0]"
current_vs_old_vs_random,3572,95,"[1, 0, 2]","[""policy_old"", ""policy_current"", ""random""]","[-1.0, -2.0, 3.0]","[-0.5, -1.0, 1.5]"
current_vs_old_vs_random,3573,95,"[1, 2, 0]","[""policy_old"", ""random"", ""policy_current""]","[2.0, -2.0, 0.0]","[1.0, -1.0, 0.0]"
current_vs_old_vs_random,3574,95,"[2, 0, 1]","[""random"", ""policy_current"", ""policy_old""]","[-100.0, 100.0, 0.0]","[-50.0, 50.0, 0.0]"
current_vs_old_vs_random,3575,95,"[2, 1, 0]","[""random"", ""policy_old"", ""policy_current""]","[-100.0, 100.0, 0.0]","[-50.0, 50.0, 0.0]"
current_vs_old_vs_random,3576,96,"[0, 1, 2]","[""policy_current"", ""policy_old"", ""random""]","[-1.0, -100.0, 101.0]","[-0.5, -50.0, 50.5]"
current_vs_old_vs_random,3577,96,"[0, 2, 1]","[""policy_current"", ""random"", ""policy_old""]","[-1.0, 1.0, 0.0]","[-0.5, 0.5, 0.0]"
current_vs_old_vs_random,3578,96,"[1, 0, 2]","[""policy_old"", ""policy_current"", ""random""]","[-1.0, -100.0, 101.0]","[-0.5, -50.0, 50.5]"
current_vs_old_vs_random,3579,96,"[1, 2, 0]","[""policy_old"", ""random"", ""policy_current""]","[-1.0, 1.0, 0.0]","[-0.5, 0.5, 0.0]"
current_vs_old_vs_random,3580,96,"[2, 0, 1]","[""random"", ""policy_current"", ""policy_old""]","[100.0, -100.0, 0.0]","[50.0, -50.0, 0.0]"
current_vs_old_vs_random,3581,96,"[2, 1, 0]","[""random"", ""policy_old"", ""policy_current""]","[100.0, -100.0, 0.0]","[50.0, -50.0, 0.0]"
current_vs_old_vs_random,3582,97,"[0, 1, 2]","[""policy_current"", ""policy_old"", ""random""]","[10.0, -2.0, -8.0]","[5.0, -1.0, -4.0]"
current_vs_old_vs_random,3583,97,"[0, 2, 1]","[""policy_current"", ""random"", ""policy_old""]","[-14.0, 14.0, 0.0]","[-7.0, 7.0, 0.0]"
current_vs_old_vs_random,3584,97,"[1, 0, 2]","[""policy_old"", ""policy_current"", ""random""]","[10.0, -2.0, -8.0]","[5.0, -1.0, -4.0]"
current_vs_old_vs_random,3585,97,"[1, 2, 0]","[""policy_old"", ""random"", ""policy_current""]","[-14.0, 14.0, 0.0]","[-7.0, 7.0, 0.0]"
current_vs_old_vs_random,3586,97,"[2, 0, 1]","[""random"", ""policy_current"", ""policy_old""]","[-1.0, 1.0, 0.0]","[-0.5, 0.5, 0.0]"
current_vs_old_vs_random,3587,97,"[2, 1, 0]","[""random"", ""policy_old"", ""policy_current""]","[-1.0, 1.0, 0.0]","[-0.5, 0.5, 0.0]"
current_vs_old_vs_random,3588,98,"[0, 1, 2]","[""policy_current"", ""policy_old"", ""random""]","[16.0, -8.0, -8.0]","[8.0, -4.0, -4.0]"
current_vs_old_vs_random,3589,98,"[0, 2, 1]","[""policy_current"", ""random"", ""policy_old""]","[-1.0, 1.0, 0.0]","[-0.5, 0.5, 0.0]"
current_vs_old_vs_random,3590,98,"[1, 0, 2]","[""policy_old"", ""policy_current"", ""random""]","[16.0, -8.0, -8.0]","[8.0, -4.0, -4.0]"
current_vs_old_vs_random,3591,98,"[1, 2, 0]","[""policy_old"", ""random"", ""policy_current""]","[-8.0, 8.0, 0.0]","[-4.0, 4.0, 0.0]"
current_vs_old_vs_random,3592,98,"[2, 0, 1]","[""random"", ""policy_current"", ""policy_old""]","[-1.0, 1.0, 0.0]","[-0.5, 0.5, 0.0]"
current_vs_old_vs_random,3593,98,"[2, 1, 0]","[""random"", ""policy_old"", ""policy_current""]","[-1.0, 1.0, 0.0]","[-0.5, 0.5, 0.0]"
current_vs_old_vs_random,3594,99,"[0, 1, 2]","[""policy_current"", ""policy_old"", ""random""]","[-1.0, 15.0, -14.0]","[-0.5, 7.5, -7.0]"
current_vs_old_vs_random,3595,99,"[0, 2, 1]","[""policy_current"", ""random"", ""policy_old""]","[-1.0, 1.0, 0.0]","[-0.5, 0.5, 0.0]"
current_vs_old_vs_random,3596,99,"[1, 0, 2]","[""policy_old"", ""policy_current"", ""random""]","[-1.0, 15.0, -14.0]","[-0.5, 7.5, -7.0]"
current_vs_old_vs_random,3597,99,"[1, 2, 0]","[""policy_old"", ""random"", ""policy_current""]","[-1.0, 1.0, 0.0]","[-0.5, 0.5, 0.0]"
current_vs_old_vs_random,3598,99,"[2, 0, 1]","[""random"", ""policy_current"", ""policy_old""]","[2.0, -2.0, 0.0]","[1.0, -1.0, 0.0]"
current_vs_old_vs_random,3599,99,"[2, 1, 0]","[""random"", ""policy_old"", ""policy_current""]","[2.0, -2.0, 0.0]","[1.0, -1.0, 0.0]"
current_vs_old_vs_station,3600,0,"[0, 1, 2]","[""policy_current"", ""policy_old"", ""calling_station""]","[-100.0, -100.0, 200.0]","[-50.0, -50.0, 100.0]"
current_vs_old_vs_station,3601,0,"[0, 2, 1]","[""policy_current"", ""calling_station"", ""policy_old""]","[-100.0, 108.0, -8.0]","[-50.0, 54.0, -4.0]"
current_vs_old_vs_station,3602,0,"[1, 0, 2]","[""policy_old"", ""policy_current"", ""calling_station""]","[-100.0, -100.0, 200.0]","[-50.0, -50.0, 100.0]"
current_vs_old_vs_station,3603,0,"[1, 2, 0]","[""policy_old"", ""calling_station"", ""policy_current""]","[-100.0, 108.0, -8.0]","[-50.0, 54.0, -4.0]"
current_vs_old_vs_station,3604,0,"[2, 0, 1]","[""calling_station"", ""policy_current"", ""policy_old""]","[-20.0, -2.0, 22.0]","[-10.0, -1.0, 11.0]"
current_vs_old_vs_station,3605,0,"[2, 1, 0]","[""calling_station"", ""policy_old"", ""policy_current""]","[-20.0, -2.0, 22.0]","[-10.0, -1.0, 11.0]"
current_vs_old_vs_station,3606,1,"[0, 1, 2]","[""policy_current"", ""policy_old"", ""calling_station""]","[-1.0, 0.5, 0.5]","[-0.5, 0.25, 0.25]"
current_vs_old_vs_station,3607,1,"[0, 2, 1]","[""policy_current"", ""calling_station"", ""policy_old""]","[-1.0, 1.0, 0.0]","[-0.5, 0.5, 0.0]"
current_vs_old_vs_station,3608,1,"[1, 0, 2]","[""policy_old"", ""policy_current"", ""calling_station""]","[-1.0, 0.5, 0.5]","[-0.5, 0.25, 0.25]"
current_vs_old_vs_station,3609,1,"[1, 2, 0]","[""policy_old"", ""calling_station"", ""policy_current""]","[100.0, -100.0, 0.0]","[50.0, -50.0, 0.0]"
current_vs_old_vs_station,3610,1,"[2, 0, 1]","[""calling_station"", ""policy_current"", ""policy_old""]","[2.0, -2.0, 0.0]","[1.0, -1.0, 0.0]"
current_vs_old_vs_station,3611,1,"[2, 1, 0]","[""calling_station"", ""policy_old"", ""policy_current""]","[2.0, -2.0, 0.0]","[1.0, -1.0, 0.0]"
current_vs_old_vs_station,3612,2,"[0, 1, 2]","[""policy_current"", ""policy_old"", ""calling_station""]","[1.0, -2.0, 1.0]","[0.5, -1.0, 0.5]"
current_vs_old_vs_station,3613,2,"[0, 2, 1]","[""policy_current"", ""calling_station"", ""policy_old""]","[0.0, 0.0, 0.0]","[0.0, 0.0, 0.0]"
current_vs_old_vs_station,3614,2,"[1, 0, 2]","[""policy_old"", ""policy_current"", ""calling_station""]","[1.0, -2.0, 1.0]","[0.5, -1.0, 0.5]"
current_vs_old_vs_station,3615,2,"[1, 2, 0]","[""policy_old"", ""calling_station"", ""policy_current""]","[0.0, 0.0, 0.0]","[0.0, 0.0, 0.0]"
current_vs_old_vs_station,3616,2,"[2, 0, 1]","[""calling_station"", ""policy_current"", ""policy_old""]","[0.0, 0.0, 0.0]","[0.0, 0.0, 0.0]"
current_vs_old_vs_station,3617,2,"[2, 1, 0]","[""calling_station"", ""policy_old"", ""policy_current""]","[0.0, 0.0, 0.0]","[0.0, 0.0, 0.0]"
current_vs_old_vs_station,3618,3,"[0, 1, 2]","[""policy_current"", ""policy_old"", ""calling_station""]","[-2.0, -100.0, 102.0]","[-1.0, -50.0, 51.0]"
current_vs_old_vs_station,3619,3,"[0, 2, 1]","[""policy_current"", ""calling_station"", ""policy_old""]","[-8.0, 8.0, 0.0]","[-4.0, 4.0, 0.0]"
current_vs_old_vs_station,3620,3,"[1, 0, 2]","[""policy_old"", ""policy_current"", ""calling_station""]","[-2.0, -100.0, 102.0]","[-1.0, -50.0, 51.0]"
current_vs_old_vs_station,3621,3,"[1, 2, 0]","[""policy_old"", ""calling_station"", ""policy_current""]","[-8.0, 8.0, 0.0]","[-4.0, 4.0, 0.0]"
current_vs_old_vs_station,3622,3,"[2, 0, 1]","[""calling_station"", ""policy_current"", ""policy_old""]","[-14.0, 14.0, 0.0]","[-7.0, 7.0, 0.0]"
current_vs_old_vs_station,3623,3,"[2, 1, 0]","[""calling_station"", ""policy_old"", ""policy_current""]","[-14.0, 14.0, 0.0]","[-7.0, 7.0, 0.0]"
current_vs_old_vs_station,3624,4,"[0, 1, 2]","[""policy_current"", ""policy_old"", ""calling_station""]","[-1.0, 9.0, -8.0]","[-0.5, 4.5, -4.0]"
current_vs_old_vs_station,3625,4,"[0, 2, 1]","[""policy_current"", ""calling_station"", ""policy_old""]","[-1.0, 1.0, 0.0]","[-0.5, 0.5, 0.0]"
current_vs_old_vs_station,3626,4,"[1, 0, 2]","[""policy_old"", ""policy_current"", ""calling_station""]","[-1.0, 9.0, -8.0]","[-0.5, 4.5, -4.0]"
current_vs_old_vs_station,3627,4,"[1, 2, 0]","[""policy_old"", ""calling_station"", ""policy_current""]","[-8.0, 8.0, 0.0]","[-4.0, 4.0, 0.0]"
current_vs_old_vs_station,3628,4,"[2, 0, 1]","[""calling_station"", ""policy_current"", ""policy_old""]","[-100.0, 100.0, 0.0]","[-50.0, 50.0, 0.0]"
current_vs_old_vs_station,3629,4,"[2, 1, 0]","[""calling_station"", ""policy_old"", ""policy_current""]","[-100.0, 100.0, 0.0]","[-50.0, 50.0, 0.0]"
current_vs_old_vs_station,3630,5,"[0, 1, 2]","[""policy_current"", ""policy_old"", ""calling_station""]","[-1.0, -8.0, 9.0]","[-0.5, -4.0, 4.5]"
current_vs_old_vs_station,3631,5,"[0, 2, 1]","[""policy_current"", ""calling_station"", ""policy_old""]","[-1.0, 1.0, 0.0]","[-0.5, 0.5, 0.0]"
current_vs_old_vs_station,3632,5,"[1, 0, 2]","[""policy_old"", ""policy_current"", ""calling_station""]","[-1.0, -8.0, 9.0]","[-0.5, -4.0, 4.5]"
current_vs_old_vs_station,3633,5,"[1, 2, 0]","[""policy_old"", ""calling_station"", ""policy_current""]","[-1.0, 1.0, 0.0]","[-0.5, 0.5, 0.0]"
current_vs_old_vs_station,3634,5,"[2, 0, 1]","[""calling_station"", ""policy_current"", ""policy_old""]","[-100.0, 100.0, 0.0]","[-50.0, 50.0, 0.0]"
current_vs_old_vs_station,3635,5,"[2, 1, 0]","[""calling_station"", ""policy_old"", ""policy_current""]","[-100.0, 100.0, 0.0]","[-50.0, 50.0, 0.0]"
current_vs_old_vs_station,3636,6,"[0, 1, 2]","[""policy_current"", ""policy_old"", ""calling_station""]","[-1.0, 101.0, -100.0]","[-0.5, 50.5, -50.0]"
current_vs_old_vs_station,3637,6,"[0, 2, 1]","[""policy_current"", ""calling_station"", ""policy_old""]","[-1.0, 101.0, -100.0]","[-0.5, 50.5, -50.0]"
current_vs_old_vs_station,3638,6,"[1, 0, 2]","[""policy_old"", ""policy_current"", ""calling_station""]","[-1.0, 101.0, -100.0]","[-0.5, 50.5, -50.0]"
current_vs_old_vs_station,3639,6,"[1, 2, 0]","[""policy_old"", ""calling_station"", ""policy_current""]","[-1.0, 101.0, -100.0]","[-0.5, 50.5, -50.0]"
current_vs_old_vs_station,3640,6,"[2, 0, 1]","[""calling_station"", ""policy_current"", ""policy_old""]","[102.0, -2.0, -100.0]","[51.0, -1.0, -50.0]"
current_vs_old_vs_station,3641,6,"[2, 1, 0]","[""calling_station"", ""policy_old"", ""policy_current""]","[102.0, -2.0, -100.0]","[51.0, -1.0, -50.0]"
current_vs_old_vs_station,3642,7,"[0, 1, 2]","[""policy_current"", ""policy_old"", ""calling_station""]","[-1.0, 15.0, -14.0]","[-0.5, 7.5, -7.0]"
current_vs_old_vs_station,3643,7,"[0, 2, 1]","[""policy_current"", ""calling_station"", ""policy_old""]","[-1.0, 1.0, 0.0]","[-0.5, 0.5, 0.0]"
current_vs_old_vs_station,3644,7,"[1, 0, 2]","[""policy_old"", ""policy_current"", ""calling_station""]","[-1.0, 15.0, -14.0]","[-0.5, 7.5, -7.0]"
current_vs_old_vs_station,3645,7,"[1, 2, 0]","[""policy_old"", ""calling_station"", ""policy_current""]","[-1.0, 1.0, 0.0]","[-0.5, 0.5, 0.0]"
current_vs_old_vs_station,3646,7,"[2, 0, 1]","[""calling_station"", ""policy_current"", ""policy_old""]","[100.0, -100.0, 0.0]","[50.0, -50.0, 0.0]"
current_vs_old_vs_station,3647,7,"[2, 1, 0]","[""calling_station"", ""policy_old"", ""policy_current""]","[100.0, -100.0, 0.0]","[50.0, -50.0, 0.0]"
current_vs_old_vs_station,3648,8,"[0, 1, 2]","[""policy_current"", ""policy_old"", ""calling_station""]","[-1.0, 9.0, -8.0]","[-0.5, 4.5, -4.0]"
current_vs_old_vs_station,3649,8,"[0, 2, 1]","[""policy_current"", ""calling_station"", ""policy_old""]","[-1.0, 9.0, -8.0]","[-0.5, 4.5, -4.0]"
current_vs_old_vs_station,3650,8,"[1, 0, 2]","[""policy_old"", ""policy_current"", ""calling_station""]","[-1.0, 9.0, -8.0]","[-0.5, 4.5, -4.0]"
current_vs_old_vs_station,3651,8,"[1, 2, 0]","[""policy_old"", ""calling_station"", ""policy_current""]","[-1.0, 3.0, -2.0]","[-0.5, 1.5, -1.0]"
current_vs_old_vs_station,3652,8,"[2, 0, 1]","[""calling_station"", ""policy_current"", ""policy_old""]","[40.0, -26.0, -14.0]","[20.0, -13.0, -7.0]"
current_vs_old_vs_station,3653,8,"[2, 1, 0]","[""calling_station"", ""policy_old"", ""policy_current""]","[22.0, -8.0, -14.0]","[11.0, -4.0, -7.0]"
current_vs_old_vs_station,3654,9,"[0, 1, 2]","[""policy_current"", ""policy_old"", ""calling_station""]","[-14.0, -14.0, 28.0]","[-7.0, -7.0, 14.0]"
current_vs_old_vs_station,3655,9,"[0, 2, 1]","[""policy_current"", ""calling_station"", ""policy_old""]","[-100.0, 100.0, 0.0]","[-50.0, 50.0, 0.0]"
current_vs_old_vs_station,3656,9,"[1, 0, 2]","[""policy_old"", ""policy_current"", ""calling_station""]","[-14.0, -14.0, 28.0]","[-7.0, -7.0, 14.0]"
current_vs_old_vs_station,3657,9,"[1, 2, 0]","[""policy_old"", ""calling_station"", ""policy_current""]","[-100.0, 100.0, 0.0]","[-50.0, 50.0, 0.0]"
current_vs_old_vs_station,3658,9,"[2, 0, 1]","[""calling_station"", ""policy_current"", ""policy_old""]","[-100.0, 100.0, 0.0]","[-50.0, 50.0, 0.0]"
current_vs_old_vs_station,3659,9,"[2, 1, 0]","[""calling_station"", ""policy_old"", ""policy_current""]","[-100.0, 100.0, 0.0]","[-50.0, 50.0, 0.0]"
current_vs_old_vs_station,3660,10,"[0, 1, 2]","[""policy_current"", ""policy_old"", ""calling_station""]","[-100.0, -14.0, 114.0]","[-50.0, -7.0, 57.0]"
current_vs_old_vs_station,3661,10,"[0, 2, 1]","[""policy_current"", ""calling_station"", ""policy_old""]","[14.0, -14.0, 0.0]","[7.0, -7.0, 0.0]"
current_vs_old_vs_station,3662,10,"[1, 0, 2]","[""policy_old"", ""policy_current"", ""calling_station""]","[-100.0, -14.0, 114.0]","[-50.0, -7.0, 57.0]"
current_vs_old_vs_station,3663,10,"[1, 2, 0]","[""policy_old"", ""calling_station"", ""policy_current""]","[14.0, -14.0, 0.0]","[7.0, -7.0, 0.0]"
current_vs_old_vs_station,3664,10,"[2, 0, 1]","[""calling_station"", ""policy_current"", ""policy_old""]","[100.0, -100.0, 0.0]","[50.0, -50.0, 0.0]"
current_vs_old_vs_station,3665,10,"[2, 1, 0]","[""calling_station"", ""policy_old"", ""policy_current""]","[100.0, -100.0, 0.0]","[50.0, -50.0, 0.0]"
current_vs_old_vs_station,3666,11,"[0, 1, 2]","[""policy_current"", ""policy_old"", ""calling_station""]","[-1.0, -14.0, 15.0]","[-0.5, -7.0, 7.5]"
current_vs_old_vs_station,3667,11,"[0, 2, 1]","[""policy_current"", ""calling_station"", ""policy_old""]","[-1.0, -100.0, 101.0]","[-0.5, -50.0, 50.5]"
current_vs_old_vs_station,3668,11,"[1, 0, 2]","[""policy_old"", ""policy_current"", ""calling_station""]","[-1.0, -14.0, 15.0]","[-0.5, -7.0, 7.5]"
current_vs_old_vs_station,3669,11,"[1, 2, 0]","[""policy_old"", ""calling_station"", ""policy_current""]","[-1.0, -100.0, 101.0]","[-0.5, -50.0, 50.5]"
current_vs_old_vs_station,3670,11,"[2, 0, 1]","[""calling_station"", ""policy_current"", ""policy_old""]","[102.0, -2.0, -100.0]","[51.0, -1.0, -50.0]"
current_vs_old_vs_station,3671,11,"[2, 1, 0]","[""calling_station"", ""policy_old"", ""policy_current""]","[102.0, -2.0, -100.0]","[51.0, -1.0, -50.0]"
current_vs_old_vs_station,3672,12,"[0, 1, 2]","[""policy_current"", ""policy_old"", ""calling_station""]","[-8.0, 108.0, -100.0]","[-4.0, 54.0, -50.0]"
current_vs_old_vs_station,3673,12,"[0, 2, 1]","[""policy_current"", ""calling_station"", ""policy_old""]","[-100.0, 100.0, 0.0]","[-50.0, 50.0, 0.0]"
current_vs_old_vs_station,3674,12,"[1, 0, 2]","[""policy_old"", ""policy_current"", ""calling_station""]","[-100.0, 200.0, -100.0]","[-50.0, 100.0, -50.0]"
current_vs_old_vs_station,3675,12,"[1, 2, 0]","[""policy_old"", ""calling_station"", ""policy_current""]","[-100.0, 100.0, 0.0]","[-50.0, 50.0, 0.0]"
current_vs_old_vs_station,3676,12,"[2, 0, 1]","[""calling_station"", ""policy_current"", ""policy_old""]","[-100.0, 100.0, 0.0]","[-50.0, 50.0, 0.0]"
current_vs_old_vs_station,3677,12,"[2, 1, 0]","[""calling_station"", ""policy_old"", ""policy_current""]","[-100.0, 100.0, 0.0]","[-50.0, 50.0, 0.0]"
current_vs_old_vs_station,3678,13,"[0, 1, 2]","[""policy_current"", ""policy_old"", ""calling_station""]","[-8.0, -100.0, 108.0]","[-4.0, -50.0, 54.0]"
current_vs_old_vs_station,3679,13,"[0, 2, 1]","[""policy_current"", ""calling_station"", ""policy_old""]","[-1.0, 1.0, 0.0]","[-0.5, 0.5, 0.0]"
current_vs_old_vs_station,3680,13,"[1, 0, 2]","[""policy_old"", ""policy_current"", ""calling_station""]","[200.0, -100.0, -100.0]","[100.0, -50.0, -50.0]"
current_vs_old_vs_station,3681,13,"[1, 2, 0]","[""policy_old"", ""calling_station"", ""policy_current""]","[100.0, -100.0, 0.0]","[50.0, -50.0, 0.0]"
current_vs_old_vs_station,3682,13,"[2, 0, 1]","[""calling_station"", ""policy_current"", ""policy_old""]","[100.0, -100.0, 0.0]","[50.0, -50.0, 0.0]"
current_vs_old_vs_station,3683,13,"[2, 1, 0]","[""calling_station"", ""policy_old"", ""policy_current""]","[100.0, -100.0, 0.0]","[50.0, -50.0, 0.0]"
current_vs_old_vs_station,3684,14,"[0, 1, 2]","[""policy_current"", ""policy_old"", ""calling_station""]","[-1.0, 101.0, -100.0]","[-0.5, 50.5, -50.0]"
current_vs_old_vs_station,3685,14,"[0, 2, 1]","[""policy_current"", ""calling_station"", ""policy_old""]","[-1.0, 3.0, -2.0]","[-0.5, 1.5, -1.0]"
current_vs_old_vs_station,3686,14,"[1, 0, 2]","[""policy_old"", ""policy_current"", ""calling_station""]","[-1.0, 101.0, -100.0]","[-0.5, 50.5, -50.0]"
current_vs_old_vs_station,3687,14,"[1, 2, 0]","[""policy_old"", ""calling_station"", ""policy_current""]","[-1.0, 3.0, -2.0]","[-0.5, 1.5, -1.0]"
current_vs_old_vs_station,3688,14,"[2, 0, 1]","[""calling_station"", ""policy_current"", ""policy_old""]","[-100.0, 102.0, -2.0]","[-50.0, 51.0, -1.0]"
current_vs_old_vs_station,3689,14,"[2, 1, 0]","[""calling_station"", ""policy_old"", ""policy_current""]","[-100.0, 102.0, -2.0]","[-50.0, 51.0, -1.0]"
current_vs_old_vs_station,3690,15,"[0, 1, 2]","[""policy_current"", ""policy_old"", ""calling_station""]","[22.0, -2.0, -20.0]","[11.0, -1.0, -10.0]"
current_vs_old_vs_station,3691,15,"[0, 2, 1]","[""policy_current"", ""calling_station"", ""policy_old""]","[34.0, -26.0, -8.0]","[17.0, -13.0, -4.0]"
current_vs_old_vs_station,3692,15,"[1, 0, 2]","[""policy_old"", ""policy_current"", ""calling_station""]","[22.0, -2.0, -20.0]","[11.0, -1.0, -10.0]"
current_vs_old_vs_station,3693,15,"[1, 2, 0]","[""policy_old"", ""calling_station"", ""policy_current""]","[200.0, -100.0, -100.0]","[100.0, -50.0, -50.0]"
current_vs_old_vs_station,3694,15,"[2, 0, 1]","[""calling_station"", ""policy_current"", ""policy_old""]","[102.0, -2.0, -100.0]","[51.0, -1.0, -50.0]"
current_vs_old_vs_station,3695,15,"[2, 1, 0]","[""calling_station"", ""policy_old"", ""policy_current""]","[102.0, -2.0, -100.0]","[51.0, -1.0, -50.0]"
current_vs_old_vs_station,3696,16,"[0, 1, 2]","[""policy_current"", ""policy_old"", ""calling_station""]","[-1.0, 101.0, -100.0]","[-0.5, 50.5, -50.0]"
current_vs_old_vs_station,3697,16,"[0, 2, 1]","[""policy_current"", ""calling_station"", ""policy_old""]","[-1.0, 1.0, 0.0]","[-0.5, 0.5, 0.0]"
current_vs_old_vs_station,3698,16,"[1, 0, 2]","[""policy_old"", ""policy_current"", ""calling_station""]","[-1.0, 101.0, -100.0]","[-0.5, 50.5, -50.0]"
current_vs_old_vs_station,3699,16,"[1, 2, 0]","[""policy_old"", ""calling_station"", ""policy_current""]","[-1.0, 1.0, 0.0]","[-0.5, 0.5, 0.0]"
current_vs_old_vs_station,3700,16,"[2, 0, 1]","[""calling_station"", ""policy_current"", ""policy_old""]","[100.0, -100.0, 0.0]","[50.0, -50.0, 0.0]"
current_vs_old_vs_station,3701,16,"[2, 1, 0]","[""calling_station"", ""policy_old"", ""policy_current""]","[100.0, -100.0, 0.0]","[50.0, -50.0, 0.0]"
current_vs_old_vs_station,3702,17,"[0, 1, 2]","[""policy_current"", ""policy_old"", ""calling_station""]","[-20.0, -32.0, 52.0]","[-10.0, -16.0, 26.0]"
current_vs_old_vs_station,3703,17,"[0, 2, 1]","[""policy_current"", ""calling_station"", ""policy_old""]","[-100.0, -100.0, 200.0]","[-50.0, -50.0, 100.0]"
current_vs_old_vs_station,3704,17,"[1, 0, 2]","[""policy_old"", ""policy_current"", ""calling_station""]","[-100.0, -2.0, 102.0]","[-50.0, -1.0, 51.0]"
current_vs_old_vs_station,3705,17,"[1, 2, 0]","[""policy_old"", ""calling_station"", ""policy_current""]","[-100.0, -100.0, 200.0]","[-50.0, -50.0, 100.0]"
current_vs_old_vs_station,3706,17,"[2, 0, 1]","[""calling_station"", ""policy_current"", ""policy_old""]","[-100.0, -2.0, 102.0]","[-50.0, -1.0, 51.0]"
current_vs_old_vs_station,3707,17,"[2, 1, 0]","[""calling_station"", ""policy_old"", ""policy_current""]","[-100.0, -2.0, 102.0]","[-50.0, -1.0, 51.0]"
current_vs_old_vs_station,3708,18,"[0, 1, 2]","[""policy_current"", ""policy_old"", ""calling_station""]","[-100.0, -2.0, 102.0]","[-50.0, -1.0, 51.0]"
current_vs_old_vs_station,3709,18,"[0, 2, 1]","[""policy_current"", ""calling_station"", ""policy_old""]","[102.0, -100.0, -2.0]","[51.0, -50.0, -1.0]"
current_vs_old_vs_station,3710,18,"[1, 0, 2]","[""policy_old"", ""policy_current"", ""calling_station""]","[-100.0, -2.0, 102.0]","[-50.0, -1.0, 51.0]"
current_vs_old_vs_station,3711,18,"[1, 2, 0]","[""policy_old"", ""calling_station"", ""policy_current""]","[102.0, -100.0, -2.0]","[51.0, -50.0, -1.0]"
current_vs_old_vs_station,3712,18,"[2, 0, 1]","[""calling_station"", ""policy_current"", ""policy_old""]","[-100.0, -8.0, 108.0]","[-50.0, -4.0, 54.0]"
current_vs_old_vs_station,3713,18,"[2, 1, 0]","[""calling_station"", ""policy_old"", ""policy_current""]","[-100.0, -8.0, 108.0]","[-50.0, -4.0, 54.0]"
current_vs_old_vs_station,3714,19,"[0, 1, 2]","[""policy_current"", ""policy_old"", ""calling_station""]","[102.0, -2.0, -100.0]","[51.0, -1.0, -50.0]"
current_vs_old_vs_station,3715,19,"[0, 2, 1]","[""policy_current"", ""calling_station"", ""policy_old""]","[-100.0, 100.0, 0.0]","[-50.0, 50.0, 0.0]"
current_vs_old_vs_station,3716,19,"[1, 0, 2]","[""policy_old"", ""policy_current"", ""calling_station""]","[102.0, -2.0, -100.0]","[51.0, -1.0, -50.0]"
current_vs_old_vs_station,3717,19,"[1, 2, 0]","[""policy_old"", ""calling_station"", ""policy_current""]","[-1.0, 1.0, 0.0]","[-0.5, 0.5, 0.0]"
current_vs_old_vs_station,3718,19,"[2, 0, 1]","[""calling_station"", ""policy_current"", ""policy_old""]","[-100.0, 100.0, 0.0]","[-50.0, 50.0, 0.0]"
current_vs_old_vs_station,3719,19,"[2, 1, 0]","[""calling_station"", ""policy_old"", ""policy_current""]","[-100.0, 100.0, 0.0]","[-50.0, 50.0, 0.0]"
current_vs_old_vs_station,3720,20,"[0, 1, 2]","[""policy_current"", ""policy_old"", ""calling_station""]","[-2.0, 102.0, -100.0]","[-1.0, 51.0, -50.0]"
current_vs_old_vs_station,3721,20,"[0, 2, 1]","[""policy_current"", ""calling_station"", ""policy_old""]","[-1.0, 1.0, 0.0]","[-0.5, 0.5, 0.0]"
current_vs_old_vs_station,3722,20,"[1, 0, 2]","[""policy_old"", ""policy_current"", ""calling_station""]","[-2.0, 102.0, -100.0]","[-1.0, 51.0, -50.0]"
current_vs_old_vs_station,3723,20,"[1, 2, 0]","[""policy_old"", ""calling_station"", ""policy_current""]","[-1.0, 1.0, 0.0]","[-0.5, 0.5, 0.0]"
current_vs_old_vs_station,3724,20,"[2, 0, 1]","[""calling_station"", ""policy_current"", ""policy_old""]","[-100.0, 100.0, 0.0]","[-50.0, 50.0, 0.0]"
current_vs_old_vs_station,3725,20,"[2, 1, 0]","[""calling_station"", ""policy_old"", ""policy_current""]","[-100.0, 100.0, 0.0]","[-50.0, 50.0, 0.0]"
current_vs_old_vs_station,3726,21,"[0, 1, 2]","[""policy_current"", ""policy_old"", ""calling_station""]","[102.0, -2.0, -100.0]","[51.0, -1.0, -50.0]"
current_vs_old_vs_station,3727,21,"[0, 2, 1]","[""policy_current"", ""calling_station"", ""policy_old""]","[-1.0, 1.0, 0.0]","[-0.5, 0.5, 0.0]"
current_vs_old_vs_station,3728,21,"[1, 0, 2]","[""policy_old"", ""policy_current"", ""calling_station""]","[102.0, -2.0, -100.0]","[51.0, -1.0, -50.0]"
current_vs_old_vs_station,3729,21,"[1, 2, 0]","[""policy_old"", ""calling_station"", ""policy_current""]","[100.0, -100.0, 0.0]","[50.0, -50.0, 0.0]"
current_vs_old_vs_station,3730,21,"[2, 0, 1]","[""calling_station"", ""policy_current"", ""policy_old""]","[100.0, -100.0, 0.0]","[50.0, -50.0, 0.0]"
current_vs_old_vs_station,3731,21,"[2, 1, 0]","[""calling_station"", ""policy_old"", ""policy_current""]","[100.0, -100.0, 0.0]","[50.0, -50.0, 0.0]"
current_vs_old_vs_station,3732,22,"[0, 1, 2]","[""policy_current"", ""policy_old"", ""calling_station""]","[-2.0, 1.0, 1.0]","[-1.0, 0.5, 0.5]"
current_vs_old_vs_station,3733,22,"[0, 2, 1]","[""policy_current"", ""calling_station"", ""policy_old""]","[-8.0, 4.0, 4.0]","[-4.0, 2.0, 2.0]"
current_vs_old_vs_station,3734,22,"[1, 0, 2]","[""policy_old"", ""policy_current"", ""calling_station""]","[-2.0, 1.0, 1.0]","[-1.0, 0.5, 0.5]"
current_vs_old_vs_station,3735,22,"[1, 2, 0]","[""policy_old"", ""calling_station"", ""policy_current""]","[-8.0, 4.0, 4.0]","[-4.0, 2.0, 2.0]"
current_vs_old_vs_station,3736,22,"[2, 0, 1]","[""calling_station"", ""policy_current"", ""policy_old""]","[-100.0, -8.0, 108.0]","[-50.0, -4.0, 54.0]"
current_vs_old_vs_station,3737,22,"[2, 1, 0]","[""calling_station"", ""policy_old"", ""policy_current""]","[-100.0, -8.0, 108.0]","[-50.0, -4.0, 54.0]"
current_vs_old_vs_station,3738,23,"[0, 1, 2]","[""policy_current"", ""policy_old"", ""calling_station""]","[-1.0, -20.0, 21.0]","[-0.5, -10.0, 10.5]"
current_vs_old_vs_station,3739,23,"[0, 2, 1]","[""policy_current"", ""calling_station"", ""policy_old""]","[-1.0, 1.0, 0.0]","[-0.5, 0.5, 0.0]"
current_vs_old_vs_station,3740,23,"[1, 0, 2]","[""policy_old"", ""policy_current"", ""calling_station""]","[-1.0, -14.0, 15.0]","[-0.5, -7.0, 7.5]"
current_vs_old_vs_station,3741,23,"[1, 2, 0]","[""policy_old"", ""calling_station"", ""policy_current""]","[-1.0, 1.0, 0.0]","[-0.5, 0.5, 0.0]"
current_vs_old_vs_station,3742,23,"[2, 0, 1]","[""calling_station"", ""policy_current"", ""policy_old""]","[20.0, -20.0, 0.0]","[10.0, -10.0, 0.0]"
current_vs_old_vs_station,3743,23,"[2, 1, 0]","[""calling_station"", ""policy_old"", ""policy_current""]","[20.0, -20.0, 0.0]","[10.0, -10.0, 0.0]"
current_vs_old_vs_station,3744,24,"[0, 1, 2]","[""policy_current"", ""policy_old"", ""calling_station""]","[-2.0, -100.0, 102.0]","[-1.0, -50.0, 51.0]"
current_vs_old_vs_station,3745,24,"[0, 2, 1]","[""policy_current"", ""calling_station"", ""policy_old""]","[200.0, -100.0, -100.0]","[100.0, -50.0, -50.0]"
current_vs_old_vs_station,3746,24,"[1, 0, 2]","[""policy_old"", ""policy_current"", ""calling_station""]","[-2.0, -100.0, 102.0]","[-1.0, -50.0, 51.0]"
current_vs_old_vs_station,3747,24,"[1, 2, 0]","[""policy_old"", ""calling_station"", ""policy_current""]","[100.0, -100.0, 0.0]","[50.0, -50.0, 0.0]"
current_vs_old_vs_station,3748,24,"[2, 0, 1]","[""calling_station"", ""policy_current"", ""policy_old""]","[200.0, -100.0, -100.0]","[100.0, -50.0, -50.0]"
current_vs_old_vs_station,3749,24,"[2, 1, 0]","[""calling_station"", ""policy_old"", ""policy_current""]","[100.0, -100.0, 0.0]","[50.0, -50.0, 0.0]"
current_vs_old_vs_station,3750,25,"[0, 1, 2]","[""policy_current"", ""policy_old"", ""calling_station""]","[-1.0, -2.0, 3.0]","[-0.5, -1.0, 1.5]"
current_vs_old_vs_station,3751,25,"[0, 2, 1]","[""policy_current"", ""calling_station"", ""policy_old""]","[-1.0, 1.0, 0.0]","[-0.5, 0.5, 0.0]"
current_vs_old_vs_station,3752,25,"[1, 0, 2]","[""policy_old"", ""policy_current"", ""calling_station""]","[-1.0, -2.0, 3.0]","[-0.5, -1.0, 1.5]"
current_vs_old_vs_station,3753,25,"[1, 2, 0]","[""policy_old"", ""calling_station"", ""policy_current""]","[-1.0, 1.0, 0.0]","[-0.5, 0.5, 0.0]"
current_vs_old_vs_station,3754,25,"[2, 0, 1]","[""calling_station"", ""policy_current"", ""policy_old""]","[2.0, -2.0, 0.0]","[1.0, -1.0, 0.0]"
current_vs_old_vs_station,3755,25,"[2, 1, 0]","[""calling_station"", ""policy_old"", ""policy_current""]","[2.0, -2.0, 0.0]","[1.0, -1.0, 0.0]"
current_vs_old_vs_station,3756,26,"[0, 1, 2]","[""policy_current"", ""policy_old"", ""calling_station""]","[-1.0, -100.0, 101.0]","[-0.5, -50.0, 50.5]"
current_vs_old_vs_station,3757,26,"[0, 2, 1]","[""policy_current"", ""calling_station"", ""policy_old""]","[-1.0, 1.0, 0.0]","[-0.5, 0.5, 0.0]"
current_vs_old_vs_station,3758,26,"[1, 0, 2]","[""policy_old"", ""policy_current"", ""calling_station""]","[-1.0, -100.0, 101.0]","[-0.5, -50.0, 50.5]"
current_vs_old_vs_station,3759,26,"[1, 2, 0]","[""policy_old"", ""calling_station"", ""policy_current""]","[-1.0, 1.0, 0.0]","[-0.5, 0.5, 0.0]"
current_vs_old_vs_station,3760,26,"[2, 0, 1]","[""calling_station"", ""policy_current"", ""policy_old""]","[26.0, -26.0, 0.0]","[13.0, -13.0, 0.0]"
current_vs_old_vs_station,3761,26,"[2, 1, 0]","[""calling_station"", ""policy_old"", ""policy_current""]","[26.0, -26.0, 0.0]","[13.0, -13.0, 0.0]"
current_vs_old_vs_station,3762,27,"[0, 1, 2]","[""policy_current"", ""policy_old"", ""calling_station""]","[-1.0, 21.0, -20.0]","[-0.5, 10.5, -10.0]"
current_vs_old_vs_station,3763,27,"[0, 2, 1]","[""policy_current"", ""calling_station"", ""policy_old""]","[-1.0, 1.0, 0.0]","[-0.5, 0.5, 0.0]"
current_vs_old_vs_station,3764,27,"[1, 0, 2]","[""policy_old"", ""policy_current"", ""calling_station""]","[-1.0, 101.0, -100.0]","[-0.5, 50.5, -50.0]"
current_vs_old_vs_station,3765,27,"[1, 2, 0]","[""policy_old"", ""calling_station"", ""policy_current""]","[-1.0, 1.0, 0.0]","[-0.5, 0.5, 0.0]"
current_vs_old_vs_station,3766,27,"[2, 0, 1]","[""calling_station"", ""policy_current"", ""policy_old""]","[20.0, -20.0, 0.0]","[10.0, -10.0, 0.0]"
current_vs_old_vs_station,3767,27,"[2, 1, 0]","[""calling_station"", ""policy_old"", ""policy_current""]","[20.0, -20.0, 0.0]","[10.0, -10.0, 0.0]"
current_vs_old_vs_station,3768,28,"[0, 1, 2]","[""policy_current"", ""policy_old"", ""calling_station""]","[102.0, -2.0, -100.0]","[51.0, -1.0, -50.0]"
current_vs_old_vs_station,3769,28,"[0, 2, 1]","[""policy_current"", ""calling_station"", ""policy_old""]","[102.0, -100.0, -2.0]","[51.0, -50.0, -1.0]"
current_vs_old_vs_station,3770,28,"[1, 0, 2]","[""policy_old"", ""policy_current"", ""calling_station""]","[102.0, -2.0, -100.0]","[51.0, -1.0, -50.0]"
current_vs_old_vs_station,3771,28,"[1, 2, 0]","[""policy_old"", ""calling_station"", ""policy_current""]","[102.0, -100.0, -2.0]","[51.0, -50.0, -1.0]"
current_vs_old_vs_station,3772,28,"[2, 0, 1]","[""calling_station"", ""policy_current"", ""policy_old""]","[108.0, -100.0, -8.0]","[54.0, -50.0, -4.0]"
current_vs_old_vs_station,3773,28,"[2, 1, 0]","[""calling_station"", ""policy_old"", ""policy_current""]","[102.0, -100.0, -2.0]","[51.0, -50.0, -1.0]"
current_vs_old_vs_station,3774,29,"[0, 1, 2]","[""policy_current"", ""policy_old"", ""calling_station""]","[-26.0, -14.0, 40.0]","[-13.0, -7.0, 20.0]"
current_vs_old_vs_station,3775,29,"[0, 2, 1]","[""policy_current"", ""calling_station"", ""policy_old""]","[-14.0, 28.0, -14.0]","[-7.0, 14.0, -7.0]"
current_vs_old_vs_station,3776,29,"[1, 0, 2]","[""policy_old"", ""policy_current"", ""calling_station""]","[-8.0, -2.0, 10.0]","[-4.0, -1.0, 5.0]"
current_vs_old_vs_station,3777,29,"[1, 2, 0]","[""policy_old"", ""calling_station"", ""policy_current""]","[-8.0, 10.0, -2.0]","[-4.0, 5.0, -1.0]"
current_vs_old_vs_station,3778,29,"[2, 0, 1]","[""calling_station"", ""policy_current"", ""policy_old""]","[-100.0, 102.0, -2.0]","[-50.0, 51.0, -1.0]"
current_vs_old_vs_station,3779,29,"[2, 1, 0]","[""calling_station"", ""policy_old"", ""policy_current""]","[-100.0, 102.0, -2.0]","[-50.0, 51.0, -1.0]"
current_vs_old_vs_station,3780,30,"[0, 1, 2]","[""policy_current"", ""policy_old"", ""calling_station""]","[-100.0, -14.0, 114.0]","[-50.0, -7.0, 57.0]"
current_vs_old_vs_station,3781,30,"[0, 2, 1]","[""policy_current"", ""calling_station"", ""policy_old""]","[100.0, -100.0, 0.0]","[50.0, -50.0, 0.0]"
current_vs_old_vs_station,3782,30,"[1, 0, 2]","[""policy_old"", ""policy_current"", ""calling_station""]","[-100.0, -2.0, 102.0]","[-50.0, -1.0, 51.0]"
current_vs_old_vs_station,3783,30,"[1, 2, 0]","[""policy_old"", ""calling_station"", ""policy_current""]","[100.0, -100.0, 0.0]","[50.0, -50.0, 0.0]"
current_vs_old_vs_station,3784,30,"[2, 0, 1]","[""calling_station"", ""policy_current"", ""policy_old""]","[20.0, -20.0, 0.0]","[10.0, -10.0, 0.0]"
current_vs_old_vs_station,3785,30,"[2, 1, 0]","[""calling_station"", ""policy_old"", ""policy_current""]","[20.0, -20.0, 0.0]","[10.0, -10.0, 0.0]"
current_vs_old_vs_station,3786,31,"[0, 1, 2]","[""policy_current"", ""policy_old"", ""calling_station""]","[102.0, -2.0, -100.0]","[51.0, -1.0, -50.0]"
current_vs_old_vs_station,3787,31,"[0, 2, 1]","[""policy_current"", ""calling_station"", ""policy_old""]","[-100.0, 100.0, 0.0]","[-50.0, 50.0, 0.0]"
current_vs_old_vs_station,3788,31,"[1, 0, 2]","[""policy_old"", ""policy_current"", ""calling_station""]","[102.0, -2.0, -100.0]","[51.0, -1.0, -50.0]"
current_vs_old_vs_station,3789,31,"[1, 2, 0]","[""policy_old"", ""calling_station"", ""policy_current""]","[-100.0, 100.0, 0.0]","[-50.0, 50.0, 0.0]"
current_vs_old_vs_station,3790,31,"[2, 0, 1]","[""calling_station"", ""policy_current"", ""policy_old""]","[-8.0, 8.0, 0.0]","[-4.0, 4.0, 0.0]"
current_vs_old_vs_station,3791,31,"[2, 1, 0]","[""calling_station"", ""policy_old"", ""policy_current""]","[-8.0, 8.0, 0.0]","[-4.0, 4.0, 0.0]"
current_vs_old_vs_station,3792,32,"[0, 1, 2]","[""policy_current"", ""policy_old"", ""calling_station""]","[102.0, -2.0, -100.0]","[51.0, -1.0, -50.0]"
current_vs_old_vs_station,3793,32,"[0, 2, 1]","[""policy_current"", ""calling_station"", ""policy_old""]","[200.0, -100.0, -100.0]","[100.0, -50.0, -50.0]"
current_vs_old_vs_station,3794,32,"[1, 0, 2]","[""policy_old"", ""policy_current"", ""calling_station""]","[102.0, -2.0, -100.0]","[51.0, -1.0, -50.0]"
current_vs_old_vs_station,3795,32,"[1, 2, 0]","[""policy_old"", ""calling_station"", ""policy_current""]","[200.0, -100.0, -100.0]","[100.0, -50.0, -50.0]"
current_vs_old_vs_station,3796,32,"[2, 0, 1]","[""calling_station"", ""policy_current"", ""policy_old""]","[22.0, -2.0, -20.0]","[11.0, -1.0, -10.0]"
current_vs_old_vs_station,3797,32,"[2, 1, 0]","[""calling_station"", ""policy_old"", ""policy_current""]","[22.0, -2.0, -20.0]","[11.0, -1.0, -10.0]"
current_vs_old_vs_station,3798,33,"[0, 1, 2]","[""policy_current"", ""policy_old"", ""calling_station""]","[-1.0, 101.0, -100.0]","[-0.5, 50.5, -50.0]"
current_vs_old_vs_station,3799,33,"[0, 2, 1]","[""policy_current"", ""calling_station"", ""policy_old""]","[-1.0, 1.0, 0.0]","[-0.5, 0.5, 0.0]"
current_vs_old_vs_station,3800,33,"[1, 0, 2]","[""policy_old"", ""policy_current"", ""calling_station""]","[-1.0, 101.0, -100.0]","[-0.5, 50.5, -50.0]"
current_vs_old_vs_station,3801,33,"[1, 2, 0]","[""policy_old"", ""calling_station"", ""policy_current""]","[-1.0, 1.0, 0.0]","[-0.5, 0.5, 0.0]"
current_vs_old_vs_station,3802,33,"[2, 0, 1]","[""calling_station"", ""policy_current"", ""policy_old""]","[14.0, -14.0, 0.0]","[7.0, -7.0, 0.0]"
current_vs_old_vs_station,3803,33,"[2, 1, 0]","[""calling_station"", ""policy_old"", ""policy_current""]","[14.0, -14.0, 0.0]","[7.0, -7.0, 0.0]"
current_vs_old_vs_station,3804,34,"[0, 1, 2]","[""policy_current"", ""policy_old"", ""calling_station""]","[-1.0, -8.0, 9.0]","[-0.5, -4.0, 4.5]"
current_vs_old_vs_station,3805,34,"[0, 2, 1]","[""policy_current"", ""calling_station"", ""policy_old""]","[-1.0, 1.0, 0.0]","[-0.5, 0.5, 0.0]"
current_vs_old_vs_station,3806,34,"[1, 0, 2]","[""policy_old"", ""policy_current"", ""calling_station""]","[-1.0, -8.0, 9.0]","[-0.5, -4.0, 4.5]"
current_vs_old_vs_station,3807,34,"[1, 2, 0]","[""policy_old"", ""calling_station"", ""policy_current""]","[-1.0, 1.0, 0.0]","[-0.5, 0.5, 0.0]"
current_vs_old_vs_station,3808,34,"[2, 0, 1]","[""calling_station"", ""policy_current"", ""policy_old""]","[-26.0, 26.0, 0.0]","[-13.0, 13.0, 0.0]"
current_vs_old_vs_station,3809,34,"[2, 1, 0]","[""calling_station"", ""policy_old"", ""policy_current""]","[-26.0, 26.0, 0.0]","[-13.0, 13.0, 0.0]"
current_vs_old_vs_station,3810,35,"[0, 1, 2]","[""policy_current"", ""policy_old"", ""calling_station""]","[-100.0, -2.0, 102.0]","[-50.0, -1.0, 51.0]"
current_vs_old_vs_station,3811,35,"[0, 2, 1]","[""policy_current"", ""calling_station"", ""policy_old""]","[0.0, 0.0, 0.0]","[0.0, 0.0, 0.0]"
current_vs_old_vs_station,3812,35,"[1, 0, 2]","[""policy_old"", ""policy_current"", ""calling_station""]","[-100.0, -14.0, 114.0]","[-50.0, -7.0, 57.0]"
current_vs_old_vs_station,3813,35,"[1, 2, 0]","[""policy_old"", ""calling_station"", ""policy_current""]","[0.0, 0.0, 0.0]","[0.0, 0.0, 0.0]"
current_vs_old_vs_station,3814,35,"[2, 0, 1]","[""calling_station"", ""policy_current"", ""policy_old""]","[0.0, 0.0, 0.0]","[0.0, 0.0, 0.0]"
current_vs_old_vs_station,3815,35,"[2, 1, 0]","[""calling_station"", ""policy_old"", ""policy_current""]","[0.0, 0.0, 0.0]","[0.0, 0.0, 0.0]"
current_vs_old_vs_station,3816,36,"[0, 1, 2]","[""policy_current"", ""policy_old"", ""calling_station""]","[-20.0, -2.0, 22.0]","[-10.0, -1.0, 11.0]"
current_vs_old_vs_station,3817,36,"[0, 2, 1]","[""policy_current"", ""calling_station"", ""policy_old""]","[-1.0, -100.0, 101.0]","[-0.5, -50.0, 50.5]"
current_vs_old_vs_station,3818,36,"[1, 0, 2]","[""policy_old"", ""policy_current"", ""calling_station""]","[-20.0, -2.0, 22.0]","[-10.0, -1.0, 11.0]"
current_vs_old_vs_station,3819,36,"[1, 2, 0]","[""policy_old"", ""calling_station"", ""policy_current""]","[-1.0, -100.0, 101.0]","[-0.5, -50.0, 50.5]"
current_vs_old_vs_station,3820,36,"[2, 0, 1]","[""calling_station"", ""policy_current"", ""policy_old""]","[-100.0, -2.0, 102.0]","[-50.0, -1.0, 51.0]"
current_vs_old_vs_station,3821,36,"[2, 1, 0]","[""calling_station"", ""policy_old"", ""policy_current""]","[-100.0, -2.0, 102.0]","[-50.0, -1.0, 51.0]"
current_vs_old_vs_station,3822,37,"[0, 1, 2]","[""policy_current"", ""policy_old"", ""calling_station""]","[-14.0, -100.0, 114.0]","[-7.0, -50.0, 57.0]"
current_vs_old_vs_station,3823,37,"[0, 2, 1]","[""policy_current"", ""calling_station"", ""policy_old""]","[-1.0, -100.0, 101.0]","[-0.5, -50.0, 50.5]"
current_vs_old_vs_station,3824,37,"[1, 0, 2]","[""policy_old"", ""policy_current"", ""calling_station""]","[-1.0, -20.0, 21.0]","[-0.5, -10.0, 10.5]"
current_vs_old_vs_station,3825,37,"[1, 2, 0]","[""policy_old"", ""calling_station"", ""policy_current""]","[-1.0, -100.0, 101.0]","[-0.5, -50.0, 50.5]"
current_vs_old_vs_station,3826,37,"[2, 0, 1]","[""calling_station"", ""policy_current"", ""policy_old""]","[102.0, -2.0, -100.0]","[51.0, -1.0, -50.0]"
current_vs_old_vs_station,3827,37,"[2, 1, 0]","[""calling_station"", ""policy_old"", ""policy_current""]","[102.0, -2.0, -100.0]","[51.0, -1.0, -50.0]"
current_vs_old_vs_station,3828,38,"[0, 1, 2]","[""policy_current"", ""policy_old"", ""calling_station""]","[-1.0, -2.0, 3.0]","[-0.5, -1.0, 1.5]"
current_vs_old_vs_station,3829,38,"[0, 2, 1]","[""policy_current"", ""calling_station"", ""policy_old""]","[-1.0, -14.0, 15.0]","[-0.5, -7.0, 7.5]"
current_vs_old_vs_station,3830,38,"[1, 0, 2]","[""policy_old"", ""policy_current"", ""calling_station""]","[-1.0, -2.0, 3.0]","[-0.5, -1.0, 1.5]"
current_vs_old_vs_station,3831,38,"[1, 2, 0]","[""policy_old"", ""calling_station"", ""policy_current""]","[-1.0, -14.0, 15.0]","[-0.5, -7.0, 7.5]"
current_vs_old_vs_station,3832,38,"[2, 0, 1]","[""calling_station"", ""policy_current"", ""policy_old""]","[1.0, 1.0, -2.0]","[0.5, 0.5, -1.0]"
current_vs_old_vs_station,3833,38,"[2, 1, 0]","[""calling_station"", ""policy_old"", ""policy_current""]","[1.0, 1.0, -2.0]","[0.5, 0.5, -1.0]"
current_vs_old_vs_station,3834,39,"[0, 1, 2]","[""policy_current"", ""policy_old"", ""calling_station""]","[-2.0, 102.0, -100.0]","[-1.0, 51.0, -50.0]"
current_vs_old_vs_station,3835,39,"[0, 2, 1]","[""policy_current"", ""calling_station"", ""policy_old""]","[-100.0, 200.0, -100.0]","[-50.0, 100.0, -50.0]"
current_vs_old_vs_station,3836,39,"[1, 0, 2]","[""policy_old"", ""policy_current"", ""calling_station""]","[-2.0, 102.0, -100.0]","[-1.0, 51.0, -50.0]"
current_vs_old_vs_station,3837,39,"[1, 2, 0]","[""policy_old"", ""calling_station"", ""policy_current""]","[-100.0, 200.0, -100.0]","[-50.0, 100.0, -50.0]"
current_vs_old_vs_station,3838,39,"[2, 0, 1]","[""calling_station"", ""policy_current"", ""policy_old""]","[-100.0, 102.0, -2.0]","[-50.0, 51.0, -1.0]"
current_vs_old_vs_station,3839,39,"[2, 1, 0]","[""calling_station"", ""policy_old"", ""policy_current""]","[-100.0, 102.0, -2.0]","[-50.0, 51.0, -1.0]"
current_vs_old_vs_station,3840,40,"[0, 1, 2]","[""policy_current"", ""policy_old"", ""calling_station""]","[40.0, -14.0, -26.0]","[20.0, -7.0, -13.0]"
current_vs_old_vs_station,3841,40,"[0, 2, 1]","[""policy_current"", ""calling_station"", ""policy_old""]","[200.0, -100.0, -100.0]","[100.0, -50.0, -50.0]"
current_vs_old_vs_station,3842,40,"[1, 0, 2]","[""policy_old"", ""policy_current"", ""calling_station""]","[200.0, -100.0, -100.0]","[100.0, -50.0, -50.0]"
current_vs_old_vs_station,3843,40,"[1, 2, 0]","[""policy_old"", ""calling_station"", ""policy_current""]","[108.0, -100.0, -8.0]","[54.0, -50.0, -4.0]"
current_vs_old_vs_station,3844,40,"[2, 0, 1]","[""calling_station"", ""policy_current"", ""policy_old""]","[200.0, -100.0, -100.0]","[100.0, -50.0, -50.0]"
current_vs_old_vs_station,3845,40,"[2, 1, 0]","[""calling_station"", ""policy_old"", ""policy_current""]","[200.0, -100.0, -100.0]","[100.0, -50.0, -50.0]"
current_vs_old_vs_station,3846,41,"[0, 1, 2]","[""policy_current"", ""policy_old"", ""calling_station""]","[-1.0, -100.0, 101.0]","[-0.5, -50.0, 50.5]"
current_vs_old_vs_station,3847,41,"[0, 2, 1]","[""policy_current"", ""calling_station"", ""policy_old""]","[-1.0, -14.0, 15.0]","[-0.5, -7.0, 7.5]"
current_vs_old_vs_station,3848,41,"[1, 0, 2]","[""policy_old"", ""policy_current"", ""calling_station""]","[-1.0, -100.0, 101.0]","[-0.5, -50.0, 50.5]"
current_vs_old_vs_station,3849,41,"[1, 2, 0]","[""policy_old"", ""calling_station"", ""policy_current""]","[-1.0, -14.0, 15.0]","[-0.5, -7.0, 7.5]"
current_vs_old_vs_station,3850,41,"[2, 0, 1]","[""calling_station"", ""policy_current"", ""policy_old""]","[108.0, -8.0, -100.0]","[54.0, -4.0, -50.0]"
current_vs_old_vs_station,3851,41,"[2, 1, 0]","[""calling_station"", ""policy_old"", ""policy_current""]","[108.0, -8.0, -100.0]","[54.0, -4.0, -50.0]"
current_vs_old_vs_station,3852,42,"[0, 1, 2]","[""policy_current"", ""policy_old"", ""calling_station""]","[-100.0, -2.0, 102.0]","[-50.0, -1.0, 51.0]"
current_vs_old_vs_station,3853,42,"[0, 2, 1]","[""policy_current"", ""calling_station"", ""policy_old""]","[-100.0, 100.0, 0.0]","[-50.0, 50.0, 0.0]"
current_vs_old_vs_station,3854,42,"[1, 0, 2]","[""policy_old"", ""policy_current"", ""calling_station""]","[-100.0, -2.0, 102.0]","[-50.0, -1.0, 51.0]"
current_vs_old_vs_station,3855,42,"[1, 2, 0]","[""policy_old"", ""calling_station"", ""policy_current""]","[-100.0, 102.0, -2.0]","[-50.0, 51.0, -1.0]"
current_vs_old_vs_station,3856,42,"[2, 0, 1]","[""calling_station"", ""policy_current"", ""policy_old""]","[-100.0, 100.0, 0.0]","[-50.0, 50.0, 0.0]"
current_vs_old_vs_station,3857,42,"[2, 1, 0]","[""calling_station"", ""policy_old"", ""policy_current""]","[-100.0, 114.0, -14.0]","[-50.0, 57.0, -7.0]"
current_vs_old_vs_station,3858,43,"[0, 1, 2]","[""policy_current"", ""policy_old"", ""calling_station""]","[-2.0, -20.0, 22.0]","[-1.0, -10.0, 11.0]"
current_vs_old_vs_station,3859,43,"[0, 2, 1]","[""policy_current"", ""calling_station"", ""policy_old""]","[8.0, -8.0, 0.0]","[4.0, -4.0, 0.0]"
current_vs_old_vs_station,3860,43,"[1, 0, 2]","[""policy_old"", ""policy_current"", ""calling_station""]","[-2.0, -20.0, 22.0]","[-1.0, -10.0, 11.0]"
current_vs_old_vs_station,3861,43,"[1, 2, 0]","[""policy_old"", ""calling_station"", ""policy_current""]","[8.0, -8.0, 0.0]","[4.0, -4.0, 0.0]"
current_vs_old_vs_station,3862,43,"[2, 0, 1]","[""calling_station"", ""policy_current"", ""policy_old""]","[14.0, -14.0, 0.0]","[7.0, -7.0, 0.0]"
current_vs_old_vs_station,3863,43,"[2, 1, 0]","[""calling_station"", ""policy_old"", ""policy_current""]","[14.0, -14.0, 0.0]","[7.0, -7.0, 0.0]"
current_vs_old_vs_station,3864,44,"[0, 1, 2]","[""policy_current"", ""policy_old"", ""calling_station""]","[-1.0, -100.0, 101.0]","[-0.5, -50.0, 50.5]"
current_vs_old_vs_station,3865,44,"[0, 2, 1]","[""policy_current"", ""calling_station"", ""policy_old""]","[-1.0, -100.0, 101.0]","[-0.5, -50.0, 50.5]"
current_vs_old_vs_station,3866,44,"[1, 0, 2]","[""policy_old"", ""policy_current"", ""calling_station""]","[-1.0, -100.0, 101.0]","[-0.5, -50.0, 50.5]"
current_vs_old_vs_station,3867,44,"[1, 2, 0]","[""policy_old"", ""calling_station"", ""policy_current""]","[-1.0, 1.0, 0.0]","[-0.5, 0.5, 0.0]"
current_vs_old_vs_station,3868,44,"[2, 0, 1]","[""calling_station"", ""policy_current"", ""policy_old""]","[-100.0, 102.0, -2.0]","[-50.0, 51.0, -1.0]"
current_vs_old_vs_station,3869,44,"[2, 1, 0]","[""calling_station"", ""policy_old"", ""policy_current""]","[-100.0, 100.0, 0.0]","[-50.0, 50.0, 0.0]"
current_vs_old_vs_station,3870,45,"[0, 1, 2]","[""policy_current"", ""policy_old"", ""calling_station""]","[-100.0, -2.0, 102.0]","[-50.0, -1.0, 51.0]"
current_vs_old_vs_station,3871,45,"[0, 2, 1]","[""policy_current"", ""calling_station"", ""policy_old""]","[-14.0, 14.0, 0.0]","[-7.0, 7.0, 0.0]"
current_vs_old_vs_station,3872,45,"[1, 0, 2]","[""policy_old"", ""policy_current"", ""calling_station""]","[-100.0, -2.0, 102.0]","[-50.0, -1.0, 51.0]"
current_vs_old_vs_station,3873,45,"[1, 2, 0]","[""policy_old"", ""calling_station"", ""policy_current""]","[-100.0, 102.0, -2.0]","[-50.0, 51.0, -1.0]"
current_vs_old_vs_station,3874,45,"[2, 0, 1]","[""calling_station"", ""policy_current"", ""policy_old""]","[-20.0, 20.0, 0.0]","[-10.0, 10.0, 0.0]"
current_vs_old_vs_station,3875,45,"[2, 1, 0]","[""calling_station"", ""policy_old"", ""policy_current""]","[-14.0, 16.0, -2.0]","[-7.0, 8.0, -1.0]"
current_vs_old_vs_station,3876,46,"[0, 1, 2]","[""policy_current"", ""policy_old"", ""calling_station""]","[-1.0, -100.0, 101.0]","[-0.5, -50.0, 50.5]"
current_vs_old_vs_station,3877,46,"[0, 2, 1]","[""policy_current"", ""calling_station"", ""policy_old""]","[-1.0, 1.0, 0.0]","[-0.5, 0.5, 0.0]"
current_vs_old_vs_station,3878,46,"[1, 0, 2]","[""policy_old"", ""policy_current"", ""calling_station""]","[-1.0, -100.0, 101.0]","[-0.5, -50.0, 50.5]"
current_vs_old_vs_station,3879,46,"[1, 2, 0]","[""policy_old"", ""calling_station"", ""policy_current""]","[-1.0, -8.0, 9.0]","[-0.5, -4.0, 4.5]"
current_vs_old_vs_station,3880,46,"[2, 0, 1]","[""calling_station"", ""policy_current"", ""policy_old""]","[100.0, -100.0, 0.0]","[50.0, -50.0, 0.0]"
current_vs_old_vs_station,3881,46,"[2, 1, 0]","[""calling_station"", ""policy_old"", ""policy_current""]","[102.0, -100.0, -2.0]","[51.0, -50.0, -1.0]"
current_vs_old_vs_station,3882,47,"[0, 1, 2]","[""policy_current"", ""policy_old"", ""calling_station""]","[-1.0, 101.0, -100.0]","[-0.5, 50.5, -50.0]"
current_vs_old_vs_station,3883,47,"[0, 2, 1]","[""policy_current"", ""calling_station"", ""policy_old""]","[-1.0, 1.0, 0.0]","[-0.5, 0.5, 0.0]"
current_vs_old_vs_station,3884,47,"[1, 0, 2]","[""policy_old"", ""policy_current"", ""calling_station""]","[-1.0, 101.0, -100.0]","[-0.5, 50.5, -50.0]"
current_vs_old_vs_station,3885,47,"[1, 2, 0]","[""policy_old"", ""calling_station"", ""policy_current""]","[-1.0, 1.0, 0.0]","[-0.5, 0.5, 0.0]"
current_vs_old_vs_station,3886,47,"[2, 0, 1]","[""calling_station"", ""policy_current"", ""policy_old""]","[-100.0, 100.0, 0.0]","[-50.0, 50.0, 0.0]"
current_vs_old_vs_station,3887,47,"[2, 1, 0]","[""calling_station"", ""policy_old"", ""policy_current""]","[-100.0, 100.0, 0.0]","[-50.0, 50.0, 0.0]"
current_vs_old_vs_station,3888,48,"[0, 1, 2]","[""policy_current"", ""policy_old"", ""calling_station""]","[-1.0, 9.0, -8.0]","[-0.5, 4.5, -4.0]"
current_vs_old_vs_station,3889,48,"[0, 2, 1]","[""policy_current"", ""calling_station"", ""policy_old""]","[-1.0, 101.0, -100.0]","[-0.5, 50.5, -50.0]"
current_vs_old_vs_station,3890,48,"[1, 0, 2]","[""policy_old"", ""policy_current"", ""calling_station""]","[-1.0, 9.0, -8.0]","[-0.5, 4.5, -4.0]"
current_vs_old_vs_station,3891,48,"[1, 2, 0]","[""policy_old"", ""calling_station"", ""policy_current""]","[-1.0, 101.0, -100.0]","[-0.5, 50.5, -50.0]"
current_vs_old_vs_station,3892,48,"[2, 0, 1]","[""calling_station"", ""policy_current"", ""policy_old""]","[-8.0, 10.0, -2.0]","[-4.0, 5.0, -1.0]"
current_vs_old_vs_station,3893,48,"[2, 1, 0]","[""calling_station"", ""policy_old"", ""policy_current""]","[-8.0, 10.0, -2.0]","[-4.0, 5.0, -1.0]"
current_vs_old_vs_station,3894,49,"[0, 1, 2]","[""policy_current"", ""policy_old"", ""calling_station""]","[-100.0, -2.0, 102.0]","[-50.0, -1.0, 51.0]"
current_vs_old_vs_station,3895,49,"[0, 2, 1]","[""policy_current"", ""calling_station"", ""policy_old""]","[100.0, -100.0, 0.0]","[50.0, -50.0, 0.0]"
current_vs_old_vs_station,3896,49,"[1, 0, 2]","[""policy_old"", ""policy_current"", ""calling_station""]","[-100.0, -2.0, 102.0]","[-50.0, -1.0, 51.0]"
current_vs_old_vs_station,3897,49,"[1, 2, 0]","[""policy_old"", ""calling_station"", ""policy_current""]","[-1.0, 1.0, 0.0]","[-0.5, 0.5, 0.0]"
current_vs_old_vs_station,3898,49,"[2, 0, 1]","[""calling_station"", ""policy_current"", ""policy_old""]","[100.0, -100.0, 0.0]","[50.0, -50.0, 0.0]"
current_vs_old_vs_station,3899,49,"[2, 1, 0]","[""calling_station"", ""policy_old"", ""policy_current""]","[100.0, -100.0, 0.0]","[50.0, -50.0, 0.0]"
current_vs_old_vs_station,3900,50,"[0, 1, 2]","[""policy_current"", ""policy_old"", ""calling_station""]","[-100.0, -100.0, 200.0]","[-50.0, -50.0, 100.0]"
current_vs_old_vs_station,3901,50,"[0, 2, 1]","[""policy_current"", ""calling_station"", ""policy_old""]","[-100.0, -100.0, 200.0]","[-50.0, -50.0, 100.0]"
current_vs_old_vs_station,3902,50,"[1, 0, 2]","[""policy_old"", ""policy_current"", ""calling_station""]","[-100.0, -100.0, 200.0]","[-50.0, -50.0, 100.0]"
current_vs_old_vs_station,3903,50,"[1, 2, 0]","[""policy_old"", ""calling_station"", ""policy_current""]","[-8.0, -100.0, 108.0]","[-4.0, -50.0, 54.0]"
current_vs_old_vs_station,3904,50,"[2, 0, 1]","[""calling_station"", ""policy_current"", ""policy_old""]","[-100.0, -100.0, 200.0]","[-50.0, -50.0, 100.0]"
current_vs_old_vs_station,3905,50,"[2, 1, 0]","[""calling_station"", ""policy_old"", ""policy_current""]","[-100.0, -100.0, 200.0]","[-50.0, -50.0, 100.0]"
current_vs_old_vs_station,3906,51,"[0, 1, 2]","[""policy_current"", ""policy_old"", ""calling_station""]","[22.0, -2.0, -20.0]","[11.0, -1.0, -10.0]"
current_vs_old_vs_station,3907,51,"[0, 2, 1]","[""policy_current"", ""calling_station"", ""policy_old""]","[14.0, -14.0, 0.0]","[7.0, -7.0, 0.0]"
current_vs_old_vs_station,3908,51,"[1, 0, 2]","[""policy_old"", ""policy_current"", ""calling_station""]","[-1.0, -100.0, 101.0]","[-0.5, -50.0, 50.5]"
current_vs_old_vs_station,3909,51,"[1, 2, 0]","[""policy_old"", ""calling_station"", ""policy_current""]","[14.0, -14.0, 0.0]","[7.0, -7.0, 0.0]"
current_vs_old_vs_station,3910,51,"[2, 0, 1]","[""calling_station"", ""policy_current"", ""policy_old""]","[8.0, -8.0, 0.0]","[4.0, -4.0, 0.0]"
current_vs_old_vs_station,3911,51,"[2, 1, 0]","[""calling_station"", ""policy_old"", ""policy_current""]","[8.0, -8.0, 0.0]","[4.0, -4.0, 0.0]"
current_vs_old_vs_station,3912,52,"[0, 1, 2]","[""policy_current"", ""policy_old"", ""calling_station""]","[-26.0, -8.0, 34.0]","[-13.0, -4.0, 17.0]"
current_vs_old_vs_station,3913,52,"[0, 2, 1]","[""policy_current"", ""calling_station"", ""policy_old""]","[-14.0, 14.0, 0.0]","[-7.0, 7.0, 0.0]"
current_vs_old_vs_station,3914,52,"[1, 0, 2]","[""policy_old"", ""policy_current"", ""calling_station""]","[-26.0, -8.0, 34.0]","[-13.0, -4.0, 17.0]"
current_vs_old_vs_station,3915,52,"[1, 2, 0]","[""policy_old"", ""calling_station"", ""policy_current""]","[-14.0, 14.0, 0.0]","[-7.0, 7.0, 0.0]"
current_vs_old_vs_station,3916,52,"[2, 0, 1]","[""calling_station"", ""policy_current"", ""policy_old""]","[-100.0, 100.0, 0.0]","[-50.0, 50.0, 0.0]"
current_vs_old_vs_station,3917,52,"[2, 1, 0]","[""calling_station"", ""policy_old"", ""policy_current""]","[-100.0, 100.0, 0.0]","[-50.0, 50.0, 0.0]"
current_vs_old_vs_station,3918,53,"[0, 1, 2]","[""policy_current"", ""policy_old"", ""calling_station""]","[200.0, -100.0, -100.0]","[100.0, -50.0, -50.0]"
current_vs_old_vs_station,3919,53,"[0, 2, 1]","[""policy_current"", ""calling_station"", ""policy_old""]","[200.0, -100.0, -100.0]","[100.0, -50.0, -50.0]"
current_vs_old_vs_station,3920,53,"[1, 0, 2]","[""policy_old"", ""policy_current"", ""calling_station""]","[200.0, -100.0, -100.0]","[100.0, -50.0, -50.0]"
current_vs_old_vs_station,3921,53,"[1, 2, 0]","[""policy_old"", ""calling_station"", ""policy_current""]","[200.0, -100.0, -100.0]","[100.0, -50.0, -50.0]"
current_vs_old_vs_station,3922,53,"[2, 0, 1]","[""calling_station"", ""policy_current"", ""policy_old""]","[200.0, -100.0, -100.0]","[100.0, -50.0, -50.0]"
current_vs_old_vs_station,3923,53,"[2, 1, 0]","[""calling_station"", ""policy_old"", ""policy_current""]","[200.0, -100.0, -100.0]","[100.0, -50.0, -50.0]"
current_vs_old_vs_station,3924,54,"[0, 1, 2]","[""policy_current"", ""policy_old"", ""calling_station""]","[-1.0, 101.0, -100.0]","[-0.5, 50.5, -50.0]"
current_vs_old_vs_station,3925,54,"[0, 2, 1]","[""policy_current"", ""calling_station"", ""policy_old""]","[-1.0, 27.0, -26.0]","[-0.5, 13.5, -13.0]"
current_vs_old_vs_station,3926,54,"[1, 0, 2]","[""policy_old"", ""policy_current"", ""calling_station""]","[-1.0, 101.0, -100.0]","[-0.5, 50.5, -50.0]"
current_vs_old_vs_station,3927,54,"[1, 2, 0]","[""policy_old"", ""calling_station"", ""policy_current""]","[-1.0, 27.0, -26.0]","[-0.5, 13.5, -13.0]"
current_vs_old_vs_station,3928,54,"[2, 0, 1]","[""calling_station"", ""policy_current"", ""policy_old""]","[-100.0, 200.0, -100.0]","[-50.0, 100.0, -50.0]"
current_vs_old_vs_station,3929,54,"[2, 1, 0]","[""calling_station"", ""policy_old"", ""policy_current""]","[-100.0, 200.0, -100.0]","[-50.0, 100.0, -50.0]"
current_vs_old_vs_station,3930,55,"[0, 1, 2]","[""policy_current"", ""policy_old"", ""calling_station""]","[-1.0, -8.0, 9.0]","[-0.5, -4.0, 4.5]"
current_vs_old_vs_station,3931,55,"[0, 2, 1]","[""policy_current"", ""calling_station"", ""policy_old""]","[-1.0, -100.0, 101.0]","[-0.5, -50.0, 50.5]"
current_vs_old_vs_station,3932,55,"[1, 0, 2]","[""policy_old"", ""policy_current"", ""calling_station""]","[-1.0, -8.0, 9.0]","[-0.5, -4.0, 4.5]"
current_vs_old_vs_station,3933,55,"[1, 2, 0]","[""policy_old"", ""calling_station"", ""policy_current""]","[-1.0, -100.0, 101.0]","[-0.5, -50.0, 50.5]"
current_vs_old_vs_station,3934,55,"[2, 0, 1]","[""calling_station"", ""policy_current"", ""policy_old""]","[-100.0, -2.0, 102.0]","[-50.0, -1.0, 51.0]"
current_vs_old_vs_station,3935,55,"[2, 1, 0]","[""calling_station"", ""policy_old"", ""policy_current""]","[-100.0, -2.0, 102.0]","[-50.0, -1.0, 51.0]"
current_vs_old_vs_station,3936,56,"[0, 1, 2]","[""policy_current"", ""policy_old"", ""calling_station""]","[-1.0, -100.0, 101.0]","[-0.5, -50.0, 50.5]"
current_vs_old_vs_station,3937,56,"[0, 2, 1]","[""policy_current"", ""calling_station"", ""policy_old""]","[-1.0, -100.0, 101.0]","[-0.5, -50.0, 50.5]"
current_vs_old_vs_station,3938,56,"[1, 0, 2]","[""policy_old"", ""policy_current"", ""calling_station""]","[-1.0, -100.0, 101.0]","[-0.5, -50.0, 50.5]"
current_vs_old_vs_station,3939,56,"[1, 2, 0]","[""policy_old"", ""calling_station"", ""policy_current""]","[-1.0, -100.0, 101.0]","[-0.5, -50.0, 50.5]"
current_vs_old_vs_station,3940,56,"[2, 0, 1]","[""calling_station"", ""policy_current"", ""policy_old""]","[108.0, -8.0, -100.0]","[54.0, -4.0, -50.0]"
current_vs_old_vs_station,3941,56,"[2, 1, 0]","[""calling_station"", ""policy_old"", ""policy_current""]","[102.0, -2.0, -100.0]","[51.0, -1.0, -50.0]"
current_vs_old_vs_station,3942,57,"[0, 1, 2]","[""policy_current"", ""policy_old"", ""calling_station""]","[-100.0, -2.0, 102.0]","[-50.0, -1.0, 51.0]"
current_vs_old_vs_station,3943,57,"[0, 2, 1]","[""policy_current"", ""calling_station"", ""policy_old""]","[-100.0, 200.0, -100.0]","[-50.0, 100.0, -50.0]"
current_vs_old_vs_station,3944,57,"[1, 0, 2]","[""policy_old"", ""policy_current"", ""calling_station""]","[-100.0, -2.0, 102.0]","[-50.0, -1.0, 51.0]"
current_vs_old_vs_station,3945,57,"[1, 2, 0]","[""policy_old"", ""calling_station"", ""policy_current""]","[-100.0, 200.0, -100.0]","[-50.0, 100.0, -50.0]"
current_vs_old_vs_station,3946,57,"[2, 0, 1]","[""calling_station"", ""policy_current"", ""policy_old""]","[-14.0, 16.0, -2.0]","[-7.0, 8.0, -1.0]"
current_vs_old_vs_station,3947,57,"[2, 1, 0]","[""calling_station"", ""policy_old"", ""policy_current""]","[-14.0, 16.0, -2.0]","[-7.0, 8.0, -1.0]"
current_vs_old_vs_station,3948,58,"[0, 1, 2]","[""policy_current"", ""policy_old"", ""calling_station""]","[-1.0, -100.0, 101.0]","[-0.5, -50.0, 50.5]"
current_vs_old_vs_station,3949,58,"[0, 2, 1]","[""policy_current"", ""calling_station"", ""policy_old""]","[-1.0, -100.0, 101.0]","[-0.5, -50.0, 50.5]"
current_vs_old_vs_station,3950,58,"[1, 0, 2]","[""policy_old"", ""policy_current"", ""calling_station""]","[-1.0, -100.0, 101.0]","[-0.5, -50.0, 50.5]"
current_vs_old_vs_station,3951,58,"[1, 2, 0]","[""policy_old"", ""calling_station"", ""policy_current""]","[-1.0, -100.0, 101.0]","[-0.5, -50.0, 50.5]"
current_vs_old_vs_station,3952,58,"[2, 0, 1]","[""calling_station"", ""policy_current"", ""policy_old""]","[-100.0, -100.0, 200.0]","[-50.0, -50.0, 100.0]"
current_vs_old_vs_station,3953,58,"[2, 1, 0]","[""calling_station"", ""policy_old"", ""policy_current""]","[-100.0, -100.0, 200.0]","[-50.0, -50.0, 100.0]"
current_vs_old_vs_station,3954,59,"[0, 1, 2]","[""policy_current"", ""policy_old"", ""calling_station""]","[-1.0, 21.0, -20.0]","[-0.5, 10.5, -10.0]"
current_vs_old_vs_station,3955,59,"[0, 2, 1]","[""policy_current"", ""calling_station"", ""policy_old""]","[-1.0, 1.0, 0.0]","[-0.5, 0.5, 0.0]"
current_vs_old_vs_station,3956,59,"[1, 0, 2]","[""policy_old"", ""policy_current"", ""calling_station""]","[-1.0, 21.0, -20.0]","[-0.5, 10.5, -10.0]"
current_vs_old_vs_station,3957,59,"[1, 2, 0]","[""policy_old"", ""calling_station"", ""policy_current""]","[-1.0, 1.0, 0.0]","[-0.5, 0.5, 0.0]"
current_vs_old_vs_station,3958,59,"[2, 0, 1]","[""calling_station"", ""policy_current"", ""policy_old""]","[0.0, 0.0, 0.0]","[0.0, 0.0, 0.0]"
current_vs_old_vs_station,3959,59,"[2, 1, 0]","[""calling_station"", ""policy_old"", ""policy_current""]","[0.0, 0.0, 0.0]","[0.0, 0.0, 0.0]"
current_vs_old_vs_station,3960,60,"[0, 1, 2]","[""policy_current"", ""policy_old"", ""calling_station""]","[16.0, -2.0, -14.0]","[8.0, -1.0, -7.0]"
current_vs_old_vs_station,3961,60,"[0, 2, 1]","[""policy_current"", ""calling_station"", ""policy_old""]","[200.0, -100.0, -100.0]","[100.0, -50.0, -50.0]"
current_vs_old_vs_station,3962,60,"[1, 0, 2]","[""policy_old"", ""policy_current"", ""calling_station""]","[16.0, -2.0, -14.0]","[8.0, -1.0, -7.0]"
current_vs_old_vs_station,3963,60,"[1, 2, 0]","[""policy_old"", ""calling_station"", ""policy_current""]","[200.0, -100.0, -100.0]","[100.0, -50.0, -50.0]"
current_vs_old_vs_station,3964,60,"[2, 0, 1]","[""calling_station"", ""policy_current"", ""policy_old""]","[102.0, -2.0, -100.0]","[51.0, -1.0, -50.0]"
current_vs_old_vs_station,3965,60,"[2, 1, 0]","[""calling_station"", ""policy_old"", ""policy_current""]","[102.0, -2.0, -100.0]","[51.0, -1.0, -50.0]"
current_vs_old_vs_station,3966,61,"[0, 1, 2]","[""policy_current"", ""policy_old"", ""calling_station""]","[-1.0, 101.0, -100.0]","[-0.5, 50.5, -50.0]"
current_vs_old_vs_station,3967,61,"[0, 2, 1]","[""policy_current"", ""calling_station"", ""policy_old""]","[100.0, -100.0, 0.0]","[50.0, -50.0, 0.0]"
current_vs_old_vs_station,3968,61,"[1, 0, 2]","[""policy_old"", ""policy_current"", ""calling_station""]","[-1.0, 101.0, -100.0]","[-0.5, 50.5, -50.0]"
current_vs_old_vs_station,3969,61,"[1, 2, 0]","[""policy_old"", ""calling_station"", ""policy_current""]","[-1.0, 1.0, 0.0]","[-0.5, 0.5, 0.0]"
current_vs_old_vs_station,3970,61,"[2, 0, 1]","[""calling_station"", ""policy_current"", ""policy_old""]","[100.0, -100.0, 0.0]","[50.0, -50.0, 0.0]"
current_vs_old_vs_station,3971,61,"[2, 1, 0]","[""calling_station"", ""policy_old"", ""policy_current""]","[100.0, -100.0, 0.0]","[50.0, -50.0, 0.0]"
current_vs_old_vs_station,3972,62,"[0, 1, 2]","[""policy_current"", ""policy_old"", ""calling_station""]","[-1.0, 101.0, -100.0]","[-0.5, 50.5, -50.0]"
current_vs_old_vs_station,3973,62,"[0, 2, 1]","[""policy_current"", ""calling_station"", ""policy_old""]","[-1.0, 101.0, -100.0]","[-0.5, 50.5, -50.0]"
current_vs_old_vs_station,3974,62,"[1, 0, 2]","[""policy_old"", ""policy_current"", ""calling_station""]","[-1.0, 101.0, -100.0]","[-0.5, 50.5, -50.0]"
current_vs_old_vs_station,3975,62,"[1, 2, 0]","[""policy_old"", ""calling_station"", ""policy_current""]","[-1.0, 101.0, -100.0]","[-0.5, 50.5, -50.0]"
current_vs_old_vs_station,3976,62,"[2, 0, 1]","[""calling_station"", ""policy_current"", ""policy_old""]","[200.0, -100.0, -100.0]","[100.0, -50.0, -50.0]"
current_vs_old_vs_station,3977,62,"[2, 1, 0]","[""calling_station"", ""policy_old"", ""policy_current""]","[200.0, -100.0, -100.0]","[100.0, -50.0, -50.0]"
current_vs_old_vs_station,3978,63,"[0, 1, 2]","[""policy_current"", ""policy_old"", ""calling_station""]","[-1.0, 101.0, -100.0]","[-0.5, 50.5, -50.0]"
current_vs_old_vs_station,3979,63,"[0, 2, 1]","[""policy_current"", ""calling_station"", ""policy_old""]","[-1.0, 101.0, -100.0]","[-0.5, 50.5, -50.0]"
current_vs_old_vs_station,3980,63,"[1, 0, 2]","[""policy_old"", ""policy_current"", ""calling_station""]","[-1.0, 101.0, -100.0]","[-0.5, 50.5, -50.0]"
current_vs_old_vs_station,3981,63,"[1, 2, 0]","[""policy_old"", ""calling_station"", ""policy_current""]","[-1.0, 101.0, -100.0]","[-0.5, 50.5, -50.0]"
current_vs_old_vs_station,3982,63,"[2, 0, 1]","[""calling_station"", ""policy_current"", ""policy_old""]","[-100.0, 200.0, -100.0]","[-50.0, 100.0, -50.0]"
current_vs_old_vs_station,3983,63,"[2, 1, 0]","[""calling_station"", ""policy_old"", ""policy_current""]","[-100.0, 200.0, -100.0]","[-50.0, 100.0, -50.0]"
current_vs_old_vs_station,3984,64,"[0, 1, 2]","[""policy_current"", ""policy_old"", ""calling_station""]","[-100.0, -2.0, 102.0]","[-50.0, -1.0, 51.0]"
current_vs_old_vs_station,3985,64,"[0, 2, 1]","[""policy_current"", ""calling_station"", ""policy_old""]","[-100.0, -100.0, 200.0]","[-50.0, -50.0, 100.0]"
current_vs_old_vs_station,3986,64,"[1, 0, 2]","[""policy_old"", ""policy_current"", ""calling_station""]","[-100.0, -2.0, 102.0]","[-50.0, -1.0, 51.0]"
current_vs_old_vs_station,3987,64,"[1, 2, 0]","[""policy_old"", ""calling_station"", ""policy_current""]","[-100.0, 100.0, 0.0]","[-50.0, 50.0, 0.0]"
current_vs_old_vs_station,3988,64,"[2, 0, 1]","[""calling_station"", ""policy_current"", ""policy_old""]","[-100.0, 114.0, -14.0]","[-50.0, 57.0, -7.0]"
current_vs_old_vs_station,3989,64,"[2, 1, 0]","[""calling_station"", ""policy_old"", ""policy_current""]","[-100.0, 100.0, 0.0]","[-50.0, 50.0, 0.0]"
current_vs_old_vs_station,3990,65,"[0, 1, 2]","[""policy_current"", ""policy_old"", ""calling_station""]","[-2.0, 102.0, -100.0]","[-1.0, 51.0, -50.0]"
current_vs_old_vs_station,3991,65,"[0, 2, 1]","[""policy_current"", ""calling_station"", ""policy_old""]","[-20.0, 28.0, -8.0]","[-10.0, 14.0, -4.0]"
current_vs_old_vs_station,3992,65,"[1, 0, 2]","[""policy_old"", ""policy_current"", ""calling_station""]","[-2.0, 102.0, -100.0]","[-1.0, 51.0, -50.0]"
current_vs_old_vs_station,3993,65,"[1, 2, 0]","[""policy_old"", ""calling_station"", ""policy_current""]","[-100.0, 200.0, -100.0]","[-50.0, 100.0, -50.0]"
current_vs_old_vs_station,3994,65,"[2, 0, 1]","[""calling_station"", ""policy_current"", ""policy_old""]","[-100.0, 102.0, -2.0]","[-50.0, 51.0, -1.0]"
current_vs_old_vs_station,3995,65,"[2, 1, 0]","[""calling_station"", ""policy_old"", ""policy_current""]","[-100.0, 108.0, -8.0]","[-50.0, 54.0, -4.0]"
current_vs_old_vs_station,3996,66,"[0, 1, 2]","[""policy_current"", ""policy_old"", ""calling_station""]","[-1.0, -14.0, 15.0]","[-0.5, -7.0, 7.5]"
current_vs_old_vs_station,3997,66,"[0, 2, 1]","[""policy_current"", ""calling_station"", ""policy_old""]","[-1.0, -100.0, 101.0]","[-0.5, -50.0, 50.5]"
current_vs_old_vs_station,3998,66,"[1, 0, 2]","[""policy_old"", ""policy_current"", ""calling_station""]","[-1.0, -14.0, 15.0]","[-0.5, -7.0, 7.5]"
current_vs_old_vs_station,3999,66,"[1, 2, 0]","[""policy_old"", ""calling_station"", ""policy_current""]","[-1.0, -100.0, 101.0]","[-0.5, -50.0, 50.5]"
current_vs_old_vs_station,4000,66,"[2, 0, 1]","[""calling_station"", ""policy_current"", ""policy_old""]","[-20.0, -8.0, 28.0]","[-10.0, -4.0, 14.0]"
current_vs_old_vs_station,4001,66,"[2, 1, 0]","[""calling_station"", ""policy_old"", ""policy_current""]","[-100.0, -2.0, 102.0]","[-50.0, -1.0, 51.0]"
current_vs_old_vs_station,4002,67,"[0, 1, 2]","[""policy_current"", ""policy_old"", ""calling_station""]","[-1.0, 101.0, -100.0]","[-0.5, 50.5, -50.0]"
current_vs_old_vs_station,4003,67,"[0, 2, 1]","[""policy_current"", ""calling_station"", ""policy_old""]","[-1.0, 101.0, -100.0]","[-0.5, 50.5, -50.0]"
current_vs_old_vs_station,4004,67,"[1, 0, 2]","[""policy_old"", ""policy_current"", ""calling_station""]","[-1.0, 101.0, -100.0]","[-0.5, 50.5, -50.0]"
current_vs_old_vs_station,4005,67,"[1, 2, 0]","[""policy_old"", ""calling_station"", ""policy_current""]","[-1.0, 101.0, -100.0]","[-0.5, 50.5, -50.0]"
current_vs_old_vs_station,4006,67,"[2, 0, 1]","[""calling_station"", ""policy_current"", ""policy_old""]","[-38.0, 46.0, -8.0]","[-19.0, 23.0, -4.0]"
current_vs_old_vs_station,4007,67,"[2, 1, 0]","[""calling_station"", ""policy_old"", ""policy_current""]","[-100.0, 102.0, -2.0]","[-50.0, 51.0, -1.0]"
current_vs_old_vs_station,4008,68,"[0, 1, 2]","[""policy_current"", ""policy_old"", ""calling_station""]","[-2.0, 102.0, -100.0]","[-1.0, 51.0, -50.0]"
current_vs_old_vs_station,4009,68,"[0, 2, 1]","[""policy_current"", ""calling_station"", ""policy_old""]","[-100.0, 100.0, 0.0]","[-50.0, 50.0, 0.0]"
current_vs_old_vs_station,4010,68,"[1, 0, 2]","[""policy_old"", ""policy_current"", ""calling_station""]","[-2.0, 102.0, -100.0]","[-1.0, 51.0, -50.0]"
current_vs_old_vs_station,4011,68,"[1, 2, 0]","[""policy_old"", ""calling_station"", ""policy_current""]","[-100.0, 100.0, 0.0]","[-50.0, 50.0, 0.0]"
current_vs_old_vs_station,4012,68,"[2, 0, 1]","[""calling_station"", ""policy_current"", ""policy_old""]","[-100.0, 100.0, 0.0]","[-50.0, 50.0, 0.0]"
current_vs_old_vs_station,4013,68,"[2, 1, 0]","[""calling_station"", ""policy_old"", ""policy_current""]","[-100.0, 100.0, 0.0]","[-50.0, 50.0, 0.0]"
current_vs_old_vs_station,4014,69,"[0, 1, 2]","[""policy_current"", ""policy_old"", ""calling_station""]","[-2.0, 102.0, -100.0]","[-1.0, 51.0, -50.0]"
current_vs_old_vs_station,4015,69,"[0, 2, 1]","[""policy_current"", ""calling_station"", ""policy_old""]","[-1.0, 101.0, -100.0]","[-0.5, 50.5, -50.0]"
current_vs_old_vs_station,4016,69,"[1, 0, 2]","[""policy_old"", ""policy_current"", ""calling_station""]","[-2.0, 102.0, -100.0]","[-1.0, 51.0, -50.0]"
current_vs_old_vs_station,4017,69,"[1, 2, 0]","[""policy_old"", ""calling_station"", ""policy_current""]","[-1.0, 101.0, -100.0]","[-0.5, 50.5, -50.0]"
current_vs_old_vs_station,4018,69,"[2, 0, 1]","[""calling_station"", ""policy_current"", ""policy_old""]","[-100.0, 200.0, -100.0]","[-50.0, 100.0, -50.0]"
current_vs_old_vs_station,4019,69,"[2, 1, 0]","[""calling_station"", ""policy_old"", ""policy_current""]","[-100.0, 200.0, -100.0]","[-50.0, 100.0, -50.0]"
current_vs_old_vs_station,4020,70,"[0, 1, 2]","[""policy_current"", ""policy_old"", ""calling_station""]","[-1.0, -100.0, 101.0]","[-0.5, -50.0, 50.5]"
current_vs_old_vs_station,4021,70,"[0, 2, 1]","[""policy_current"", ""calling_station"", ""policy_old""]","[-1.0, 1.0, 0.0]","[-0.5, 0.5, 0.0]"
current_vs_old_vs_station,4022,70,"[1, 0, 2]","[""policy_old"", ""policy_current"", ""calling_station""]","[-1.0, -100.0, 101.0]","[-0.5, -50.0, 50.5]"
current_vs_old_vs_station,4023,70,"[1, 2, 0]","[""policy_old"", ""calling_station"", ""policy_current""]","[-1.0, 1.0, 0.0]","[-0.5, 0.5, 0.0]"
current_vs_old_vs_station,4024,70,"[2, 0, 1]","[""calling_station"", ""policy_current"", ""policy_old""]","[100.0, -100.0, 0.0]","[50.0, -50.0, 0.0]"
current_vs_old_vs_station,4025,70,"[2, 1, 0]","[""calling_station"", ""policy_old"", ""policy_current""]","[100.0, -100.0, 0.0]","[50.0, -50.0, 0.0]"
current_vs_old_vs_station,4026,71,"[0, 1, 2]","[""policy_current"", ""policy_old"", ""calling_station""]","[200.0, -100.0, -100.0]","[100.0, -50.0, -50.0]"
current_vs_old_vs_station,4027,71,"[0, 2, 1]","[""policy_current"", ""calling_station"", ""policy_old""]","[100.0, -100.0, 0.0]","[50.0, -50.0, 0.0]"
current_vs_old_vs_station,4028,71,"[1, 0, 2]","[""policy_old"", ""policy_current"", ""calling_station""]","[200.0, -100.0, -100.0]","[100.0, -50.0, -50.0]"
current_vs_old_vs_station,4029,71,"[1, 2, 0]","[""policy_old"", ""calling_station"", ""policy_current""]","[100.0, -100.0, 0.0]","[50.0, -50.0, 0.0]"
current_vs_old_vs_station,4030,71,"[2, 0, 1]","[""calling_station"", ""policy_current"", ""policy_old""]","[100.0, -100.0, 0.0]","[50.0, -50.0, 0.0]"
current_vs_old_vs_station,4031,71,"[2, 1, 0]","[""calling_station"", ""policy_old"", ""policy_current""]","[100.0, -100.0, 0.0]","[50.0, -50.0, 0.0]"
current_vs_old_vs_station,4032,72,"[0, 1, 2]","[""policy_current"", ""policy_old"", ""calling_station""]","[114.0, -14.0, -100.0]","[57.0, -7.0, -50.0]"
current_vs_old_vs_station,4033,72,"[0, 2, 1]","[""policy_current"", ""calling_station"", ""policy_old""]","[-100.0, 200.0, -100.0]","[-50.0, 100.0, -50.0]"
current_vs_old_vs_station,4034,72,"[1, 0, 2]","[""policy_old"", ""policy_current"", ""calling_station""]","[114.0, -14.0, -100.0]","[57.0, -7.0, -50.0]"
current_vs_old_vs_station,4035,72,"[1, 2, 0]","[""policy_old"", ""calling_station"", ""policy_current""]","[-100.0, 200.0, -100.0]","[-50.0, 100.0, -50.0]"
current_vs_old_vs_station,4036,72,"[2, 0, 1]","[""calling_station"", ""policy_current"", ""policy_old""]","[-14.0, 16.0, -2.0]","[-7.0, 8.0, -1.0]"
current_vs_old_vs_station,4037,72,"[2, 1, 0]","[""calling_station"", ""policy_old"", ""policy_current""]","[-14.0, 16.0, -2.0]","[-7.0, 8.0, -1.0]"
current_vs_old_vs_station,4038,73,"[0, 1, 2]","[""policy_current"", ""policy_old"", ""calling_station""]","[102.0, -2.0, -100.0]","[51.0, -1.0, -50.0]"
current_vs_old_vs_station,4039,73,"[0, 2, 1]","[""policy_current"", ""calling_station"", ""policy_old""]","[-100.0, 100.0, 0.0]","[-50.0, 50.0, 0.0]"
current_vs_old_vs_station,4040,73,"[1, 0, 2]","[""policy_old"", ""policy_current"", ""calling_station""]","[102.0, -2.0, -100.0]","[51.0, -1.0, -50.0]"
current_vs_old_vs_station,4041,73,"[1, 2, 0]","[""policy_old"", ""calling_station"", ""policy_current""]","[-100.0, 100.0, 0.0]","[-50.0, 50.0, 0.0]"
current_vs_old_vs_station,4042,73,"[2, 0, 1]","[""calling_station"", ""policy_current"", ""policy_old""]","[-100.0, 100.0, 0.0]","[-50.0, 50.0, 0.0]"
current_vs_old_vs_station,4043,73,"[2, 1, 0]","[""calling_station"", ""policy_old"", ""policy_current""]","[-100.0, 100.0, 0.0]","[-50.0, 50.0, 0.0]"
current_vs_old_vs_station,4044,74,"[0, 1, 2]","[""policy_current"", ""policy_old"", ""calling_station""]","[-100.0, 200.0, -100.0]","[-50.0, 100.0, -50.0]"
current_vs_old_vs_station,4045,74,"[0, 2, 1]","[""policy_current"", ""calling_station"", ""policy_old""]","[-100.0, 100.0, 0.0]","[-50.0, 50.0, 0.0]"
current_vs_old_vs_station,4046,74,"[1, 0, 2]","[""policy_old"", ""policy_current"", ""calling_station""]","[-8.0, 108.0, -100.0]","[-4.0, 54.0, -50.0]"
current_vs_old_vs_station,4047,74,"[1, 2, 0]","[""policy_old"", ""calling_station"", ""policy_current""]","[-100.0, 100.0, 0.0]","[-50.0, 50.0, 0.0]"
current_vs_old_vs_station,4048,74,"[2, 0, 1]","[""calling_station"", ""policy_current"", ""policy_old""]","[-100.0, 100.0, 0.0]","[-50.0, 50.0, 0.0]"
current_vs_old_vs_station,4049,74,"[2, 1, 0]","[""calling_station"", ""policy_old"", ""policy_current""]","[-100.0, 100.0, 0.0]","[-50.0, 50.0, 0.0]"
current_vs_old_vs_station,4050,75,"[0, 1, 2]","[""policy_current"", ""policy_old"", ""calling_station""]","[-1.0, 9.0, -8.0]","[-0.5, 4.5, -4.0]"
current_vs_old_vs_station,4051,75,"[0, 2, 1]","[""policy_current"", ""calling_station"", ""policy_old""]","[108.0, -100.0, -8.0]","[54.0, -50.0, -4.0]"
current_vs_old_vs_station,4052,75,"[1, 0, 2]","[""policy_old"", ""policy_current"", ""calling_station""]","[-1.0, 9.0, -8.0]","[-0.5, 4.5, -4.0]"
current_vs_old_vs_station,4053,75,"[1, 2, 0]","[""policy_old"", ""calling_station"", ""policy_current""]","[-1.0, 101.0, -100.0]","[-0.5, 50.5, -50.0]"
current_vs_old_vs_station,4054,75,"[2, 0, 1]","[""calling_station"", ""policy_current"", ""policy_old""]","[28.0, -2.0, -26.0]","[14.0, -1.0, -13.0]"
current_vs_old_vs_station,4055,75,"[2, 1, 0]","[""calling_station"", ""policy_old"", ""policy_current""]","[10.0, -8.0, -2.0]","[5.0, -4.0, -1.0]"
current_vs_old_vs_station,4056,76,"[0, 1, 2]","[""policy_current"", ""policy_old"", ""calling_station""]","[16.0, -2.0, -14.0]","[8.0, -1.0, -7.0]"
current_vs_old_vs_station,4057,76,"[0, 2, 1]","[""policy_current"", ""calling_station"", ""policy_old""]","[108.0, -100.0, -8.0]","[54.0, -50.0, -4.0]"
current_vs_old_vs_station,4058,76,"[1, 0, 2]","[""policy_old"", ""policy_current"", ""calling_station""]","[102.0, -2.0, -100.0]","[51.0, -1.0, -50.0]"
current_vs_old_vs_station,4059,76,"[1, 2, 0]","[""policy_old"", ""calling_station"", ""policy_current""]","[200.0, -100.0, -100.0]","[100.0, -50.0, -50.0]"
current_vs_old_vs_station,4060,76,"[2, 0, 1]","[""calling_station"", ""policy_current"", ""policy_old""]","[102.0, -2.0, -100.0]","[51.0, -1.0, -50.0]"
current_vs_old_vs_station,4061,76,"[2, 1, 0]","[""calling_station"", ""policy_old"", ""policy_current""]","[102.0, -2.0, -100.0]","[51.0, -1.0, -50.0]"
current_vs_old_vs_station,4062,77,"[0, 1, 2]","[""policy_current"", ""policy_old"", ""calling_station""]","[-100.0, -2.0, 102.0]","[-50.0, -1.0, 51.0]"
current_vs_old_vs_station,4063,77,"[0, 2, 1]","[""policy_current"", ""calling_station"", ""policy_old""]","[-100.0, 200.0, -100.0]","[-50.0, 100.0, -50.0]"
current_vs_old_vs_station,4064,77,"[1, 0, 2]","[""policy_old"", ""policy_current"", ""calling_station""]","[-100.0, -2.0, 102.0]","[-50.0, -1.0, 51.0]"
current_vs_old_vs_station,4065,77,"[1, 2, 0]","[""policy_old"", ""calling_station"", ""policy_current""]","[-100.0, 200.0, -100.0]","[-50.0, 100.0, -50.0]"
current_vs_old_vs_station,4066,77,"[2, 0, 1]","[""calling_station"", ""policy_current"", ""policy_old""]","[-100.0, -2.0, 102.0]","[-50.0, -1.0, 51.0]"
current_vs_old_vs_station,4067,77,"[2, 1, 0]","[""calling_station"", ""policy_old"", ""policy_current""]","[-100.0, -2.0, 102.0]","[-50.0, -1.0, 51.0]"
current_vs_old_vs_station,4068,78,"[0, 1, 2]","[""policy_current"", ""policy_old"", ""calling_station""]","[200.0, -100.0, -100.0]","[100.0, -50.0, -50.0]"
current_vs_old_vs_station,4069,78,"[0, 2, 1]","[""policy_current"", ""calling_station"", ""policy_old""]","[100.0, -100.0, 0.0]","[50.0, -50.0, 0.0]"
current_vs_old_vs_station,4070,78,"[1, 0, 2]","[""policy_old"", ""policy_current"", ""calling_station""]","[200.0, -100.0, -100.0]","[100.0, -50.0, -50.0]"
current_vs_old_vs_station,4071,78,"[1, 2, 0]","[""policy_old"", ""calling_station"", ""policy_current""]","[100.0, -100.0, 0.0]","[50.0, -50.0, 0.0]"
current_vs_old_vs_station,4072,78,"[2, 0, 1]","[""calling_station"", ""policy_current"", ""policy_old""]","[100.0, -100.0, 0.0]","[50.0, -50.0, 0.0]"
current_vs_old_vs_station,4073,78,"[2, 1, 0]","[""calling_station"", ""policy_old"", ""policy_current""]","[100.0, -100.0, 0.0]","[50.0, -50.0, 0.0]"
current_vs_old_vs_station,4074,79,"[0, 1, 2]","[""policy_current"", ""policy_old"", ""calling_station""]","[-1.0, -100.0, 101.0]","[-0.5, -50.0, 50.5]"
current_vs_old_vs_station,4075,79,"[0, 2, 1]","[""policy_current"", ""calling_station"", ""policy_old""]","[-1.0, 1.0, 0.0]","[-0.5, 0.5, 0.0]"
current_vs_old_vs_station,4076,79,"[1, 0, 2]","[""policy_old"", ""policy_current"", ""calling_station""]","[-1.0, -100.0, 101.0]","[-0.5, -50.0, 50.5]"
current_vs_old_vs_station,4077,79,"[1, 2, 0]","[""policy_old"", ""calling_station"", ""policy_current""]","[-1.0, 1.0, 0.0]","[-0.5, 0.5, 0.0]"
current_vs_old_vs_station,4078,79,"[2, 0, 1]","[""calling_station"", ""policy_current"", ""policy_old""]","[100.0, -100.0, 0.0]","[50.0, -50.0, 0.0]"
current_vs_old_vs_station,4079,79,"[2, 1, 0]","[""calling_station"", ""policy_old"", ""policy_current""]","[100.0, -100.0, 0.0]","[50.0, -50.0, 0.0]"
current_vs_old_vs_station,4080,80,"[0, 1, 2]","[""policy_current"", ""policy_old"", ""calling_station""]","[34.0, -14.0, -20.0]","[17.0, -7.0, -10.0]"
current_vs_old_vs_station,4081,80,"[0, 2, 1]","[""policy_current"", ""calling_station"", ""policy_old""]","[-1.0, 1.0, 0.0]","[-0.5, 0.5, 0.0]"
current_vs_old_vs_station,4082,80,"[1, 0, 2]","[""policy_old"", ""policy_current"", ""calling_station""]","[16.0, -2.0, -14.0]","[8.0, -1.0, -7.0]"
current_vs_old_vs_station,4083,80,"[1, 2, 0]","[""policy_old"", ""calling_station"", ""policy_current""]","[-1.0, 1.0, 0.0]","[-0.5, 0.5, 0.0]"
current_vs_old_vs_station,4084,80,"[2, 0, 1]","[""calling_station"", ""policy_current"", ""policy_old""]","[14.0, -14.0, 0.0]","[7.0, -7.0, 0.0]"
current_vs_old_vs_station,4085,80,"[2, 1, 0]","[""calling_station"", ""policy_old"", ""policy_current""]","[14.0, -14.0, 0.0]","[7.0, -7.0, 0.0]"
current_vs_old_vs_station,4086,81,"[0, 1, 2]","[""policy_current"", ""policy_old"", ""calling_station""]","[-1.0, 101.0, -100.0]","[-0.5, 50.5, -50.0]"
current_vs_old_vs_station,4087,81,"[0, 2, 1]","[""policy_current"", ""calling_station"", ""policy_old""]","[-1.0, 1.0, 0.0]","[-0.5, 0.5, 0.0]"
current_vs_old_vs_station,4088,81,"[1, 0, 2]","[""policy_old"", ""policy_current"", ""calling_station""]","[-1.0, 101.0, -100.0]","[-0.5, 50.5, -50.0]"
current_vs_old_vs_station,4089,81,"[1, 2, 0]","[""policy_old"", ""calling_station"", ""policy_current""]","[-1.0, 1.0, 0.0]","[-0.5, 0.5, 0.0]"
current_vs_old_vs_station,4090,81,"[2, 0, 1]","[""calling_station"", ""policy_current"", ""policy_old""]","[14.0, -14.0, 0.0]","[7.0, -7.0, 0.0]"
current_vs_old_vs_station,4091,81,"[2, 1, 0]","[""calling_station"", ""policy_old"", ""policy_current""]","[14.0, -14.0, 0.0]","[7.0, -7.0, 0.0]"
current_vs_old_vs_station,4092,82,"[0, 1, 2]","[""policy_current"", ""policy_old"", ""calling_station""]","[-100.0, -2.0, 102.0]","[-50.0, -1.0, 51.0]"
current_vs_old_vs_station,4093,82,"[0, 2, 1]","[""policy_current"", ""calling_station"", ""policy_old""]","[-100.0, 100.0, 0.0]","[-50.0, 50.0, 0.0]"
current_vs_old_vs_station,4094,82,"[1, 0, 2]","[""policy_old"", ""policy_current"", ""calling_station""]","[-100.0, -2.0, 102.0]","[-50.0, -1.0, 51.0]"
current_vs_old_vs_station,4095,82,"[1, 2, 0]","[""policy_old"", ""calling_station"", ""policy_current""]","[-100.0, 100.0, 0.0]","[-50.0, 50.0, 0.0]"
current_vs_old_vs_station,4096,82,"[2, 0, 1]","[""calling_station"", ""policy_current"", ""policy_old""]","[-100.0, 100.0, 0.0]","[-50.0, 50.0, 0.0]"
current_vs_old_vs_station,4097,82,"[2, 1, 0]","[""calling_station"", ""policy_old"", ""policy_current""]","[-100.0, 100.0, 0.0]","[-50.0, 50.0, 0.0]"
current_vs_old_vs_station,4098,83,"[0, 1, 2]","[""policy_current"", ""policy_old"", ""calling_station""]","[-1.0, 0.5, 0.5]","[-0.5, 0.25, 0.25]"
current_vs_old_vs_station,4099,83,"[0, 2, 1]","[""policy_current"", ""calling_station"", ""policy_old""]","[-1.0, 0.5, 0.5]","[-0.5, 0.25, 0.25]"
current_vs_old_vs_station,4100,83,"[1, 0, 2]","[""policy_old"", ""policy_current"", ""calling_station""]","[-1.0, 0.5, 0.5]","[-0.5, 0.25, 0.25]"
current_vs_old_vs_station,4101,83,"[1, 2, 0]","[""policy_old"", ""calling_station"", ""policy_current""]","[-8.0, 8.0, 0.0]","[-4.0, 4.0, 0.0]"
current_vs_old_vs_station,4102,83,"[2, 0, 1]","[""calling_station"", ""policy_current"", ""policy_old""]","[-100.0, 108.0, -8.0]","[-50.0, 54.0, -4.0]"
current_vs_old_vs_station,4103,83,"[2, 1, 0]","[""calling_station"", ""policy_old"", ""policy_current""]","[-100.0, 100.0, 0.0]","[-50.0, 50.0, 0.0]"
current_vs_old_vs_station,4104,84,"[0, 1, 2]","[""policy_current"", ""policy_old"", ""calling_station""]","[-1.0, -100.0, 101.0]","[-0.5, -50.0, 50.5]"
current_vs_old_vs_station,4105,84,"[0, 2, 1]","[""policy_current"", ""calling_station"", ""policy_old""]","[-1.0, 1.0, 0.0]","[-0.5, 0.5, 0.0]"
current_vs_old_vs_station,4106,84,"[1, 0, 2]","[""policy_old"", ""policy_current"", ""calling_station""]","[102.0, -2.0, -100.0]","[51.0, -1.0, -50.0]"
current_vs_old_vs_station,4107,84,"[1, 2, 0]","[""policy_old"", ""calling_station"", ""policy_current""]","[100.0, -100.0, 0.0]","[50.0, -50.0, 0.0]"
current_vs_old_vs_station,4108,84,"[2, 0, 1]","[""calling_station"", ""policy_current"", ""policy_old""]","[8.0, -8.0, 0.0]","[4.0, -4.0, 0.0]"
current_vs_old_vs_station,4109,84,"[2, 1, 0]","[""calling_station"", ""policy_old"", ""policy_current""]","[8.0, -8.0, 0.0]","[4.0, -4.0, 0.0]"
current_vs_old_vs_station,4110,85,"[0, 1, 2]","[""policy_current"", ""policy_old"", ""calling_station""]","[200.0, -100.0, -100.0]","[100.0, -50.0, -50.0]"
current_vs_old_vs_station,4111,85,"[0, 2, 1]","[""policy_current"", ""calling_station"", ""policy_old""]","[100.0, -100.0, 0.0]","[50.0, -50.0, 0.0]"
current_vs_old_vs_station,4112,85,"[1, 0, 2]","[""policy_old"", ""policy_current"", ""calling_station""]","[-1.0, 101.0, -100.0]","[-0.5, 50.5, -50.0]"
current_vs_old_vs_station,4113,85,"[1, 2, 0]","[""policy_old"", ""calling_station"", ""policy_current""]","[100.0, -100.0, 0.0]","[50.0, -50.0, 0.0]"
current_vs_old_vs_station,4114,85,"[2, 0, 1]","[""calling_station"", ""policy_current"", ""policy_old""]","[100.0, -100.0, 0.0]","[50.0, -50.0, 0.0]"
current_vs_old_vs_station,4115,85,"[2, 1, 0]","[""calling_station"", ""policy_old"", ""policy_current""]","[100.0, -100.0, 0.0]","[50.0, -50.0, 0.0]"
current_vs_old_vs_station,4116,86,"[0, 1, 2]","[""policy_current"", ""policy_old"", ""calling_station""]","[-1.0, 101.0, -100.0]","[-0.5, 50.5, -50.0]"
current_vs_old_vs_station,4117,86,"[0, 2, 1]","[""policy_current"", ""calling_station"", ""policy_old""]","[-1.0, 1.0, 0.0]","[-0.5, 0.5, 0.0]"
current_vs_old_vs_station,4118,86,"[1, 0, 2]","[""policy_old"", ""policy_current"", ""calling_station""]","[-1.0, 101.0, -100.0]","[-0.5, 50.5, -50.0]"
current_vs_old_vs_station,4119,86,"[1, 2, 0]","[""policy_old"", ""calling_station"", ""policy_current""]","[-1.0, 1.0, 0.0]","[-0.5, 0.5, 0.0]"
current_vs_old_vs_station,4120,86,"[2, 0, 1]","[""calling_station"", ""policy_current"", ""policy_old""]","[-100.0, 100.0, 0.0]","[-50.0, 50.0, 0.0]"
current_vs_old_vs_station,4121,86,"[2, 1, 0]","[""calling_station"", ""policy_old"", ""policy_current""]","[-100.0, 100.0, 0.0]","[-50.0, 50.0, 0.0]"
current_vs_old_vs_station,4122,87,"[0, 1, 2]","[""policy_current"", ""policy_old"", ""calling_station""]","[-100.0, -2.0, 102.0]","[-50.0, -1.0, 51.0]"
current_vs_old_vs_station,4123,87,"[0, 2, 1]","[""policy_current"", ""calling_station"", ""policy_old""]","[-100.0, -100.0, 200.0]","[-50.0, -50.0, 100.0]"
current_vs_old_vs_station,4124,87,"[1, 0, 2]","[""policy_old"", ""policy_current"", ""calling_station""]","[-100.0, -2.0, 102.0]","[-50.0, -1.0, 51.0]"
current_vs_old_vs_station,4125,87,"[1, 2, 0]","[""policy_old"", ""calling_station"", ""policy_current""]","[-100.0, -100.0, 200.0]","[-50.0, -50.0, 100.0]"
current_vs_old_vs_station,4126,87,"[2, 0, 1]","[""calling_station"", ""policy_current"", ""policy_old""]","[-100.0, -2.0, 102.0]","[-50.0, -1.0, 51.0]"
current_vs_old_vs_station,4127,87,"[2, 1, 0]","[""calling_station"", ""policy_old"", ""policy_current""]","[-100.0, -2.0, 102.0]","[-50.0, -1.0, 51.0]"
current_vs_old_vs_station,4128,88,"[0, 1, 2]","[""policy_current"", ""policy_old"", ""calling_station""]","[-1.0, 15.0, -14.0]","[-0.5, 7.5, -7.0]"
current_vs_old_vs_station,4129,88,"[0, 2, 1]","[""policy_current"", ""calling_station"", ""policy_old""]","[-1.0, 101.0, -100.0]","[-0.5, 50.5, -50.0]"
current_vs_old_vs_station,4130,88,"[1, 0, 2]","[""policy_old"", ""policy_current"", ""calling_station""]","[-1.0, 15.0, -14.0]","[-0.5, 7.5, -7.0]"
current_vs_old_vs_station,4131,88,"[1, 2, 0]","[""policy_old"", ""calling_station"", ""policy_current""]","[-1.0, 1.0, 0.0]","[-0.5, 0.5, 0.0]"
current_vs_old_vs_station,4132,88,"[2, 0, 1]","[""calling_station"", ""policy_current"", ""policy_old""]","[-100.0, 126.0, -26.0]","[-50.0, 63.0, -13.0]"
current_vs_old_vs_station,4133,88,"[2, 1, 0]","[""calling_station"", ""policy_old"", ""policy_current""]","[-14.0, 14.0, 0.0]","[-7.0, 7.0, 0.0]"
current_vs_old_vs_station,4134,89,"[0, 1, 2]","[""policy_current"", ""policy_old"", ""calling_station""]","[102.0, -2.0, -100.0]","[51.0, -1.0, -50.0]"
current_vs_old_vs_station,4135,89,"[0, 2, 1]","[""policy_current"", ""calling_station"", ""policy_old""]","[-100.0, 100.0, 0.0]","[-50.0, 50.0, 0.0]"
current_vs_old_vs_station,4136,89,"[1, 0, 2]","[""policy_old"", ""policy_current"", ""calling_station""]","[-100.0, 200.0, -100.0]","[-50.0, 100.0, -50.0]"
current_vs_old_vs_station,4137,89,"[1, 2, 0]","[""policy_old"", ""calling_station"", ""policy_current""]","[-100.0, 100.0, 0.0]","[-50.0, 50.0, 0.0]"
current_vs_old_vs_station,4138,89,"[2, 0, 1]","[""calling_station"", ""policy_current"", ""policy_old""]","[-14.0, 14.0, 0.0]","[-7.0, 7.0, 0.0]"
current_vs_old_vs_station,4139,89,"[2, 1, 0]","[""calling_station"", ""policy_old"", ""policy_current""]","[-14.0, 14.0, 0.0]","[-7.0, 7.0, 0.0]"
current_vs_old_vs_station,4140,90,"[0, 1, 2]","[""policy_current"", ""policy_old"", ""calling_station""]","[-1.0, -14.0, 15.0]","[-0.5, -7.0, 7.5]"
current_vs_old_vs_station,4141,90,"[0, 2, 1]","[""policy_current"", ""calling_station"", ""policy_old""]","[-1.0, -2.0, 3.0]","[-0.5, -1.0, 1.5]"
current_vs_old_vs_station,4142,90,"[1, 0, 2]","[""policy_old"", ""policy_current"", ""calling_station""]","[-1.0, -14.0, 15.0]","[-0.5, -7.0, 7.5]"
current_vs_old_vs_station,4143,90,"[1, 2, 0]","[""policy_old"", ""calling_station"", ""policy_current""]","[-1.0, -2.0, 3.0]","[-0.5, -1.0, 1.5]"
current_vs_old_vs_station,4144,90,"[2, 0, 1]","[""calling_station"", ""policy_current"", ""policy_old""]","[-8.0, 10.0, -2.0]","[-4.0, 5.0, -1.0]"
current_vs_old_vs_station,4145,90,"[2, 1, 0]","[""calling_station"", ""policy_old"", ""policy_current""]","[-8.0, 10.0, -2.0]","[-4.0, 5.0, -1.0]"
current_vs_old_vs_station,4146,91,"[0, 1, 2]","[""policy_current"", ""policy_old"", ""calling_station""]","[-100.0, -2.0, 102.0]","[-50.0, -1.0, 51.0]"
current_vs_old_vs_station,4147,91,"[0, 2, 1]","[""policy_current"", ""calling_station"", ""policy_old""]","[-14.0, 14.0, 0.0]","[-7.0, 7.0, 0.0]"
current_vs_old_vs_station,4148,91,"[1, 0, 2]","[""policy_old"", ""policy_current"", ""calling_station""]","[-100.0, 200.0, -100.0]","[-50.0, 100.0, -50.0]"
current_vs_old_vs_station,4149,91,"[1, 2, 0]","[""policy_old"", ""calling_station"", ""policy_current""]","[-100.0, 200.0, -100.0]","[-50.0, 100.0, -50.0]"
current_vs_old_vs_station,4150,91,"[2, 0, 1]","[""calling_station"", ""policy_current"", ""policy_old""]","[-100.0, 100.0, 0.0]","[-50.0, 50.0, 0.0]"
current_vs_old_vs_station,4151,91,"[2, 1, 0]","[""calling_station"", ""policy_old"", ""policy_current""]","[-100.0, 108.0, -8.0]","[-50.0, 54.0, -4.0]"
current_vs_old_vs_station,4152,92,"[0, 1, 2]","[""policy_current"", ""policy_old"", ""calling_station""]","[-100.0, -2.0, 102.0]","[-50.0, -1.0, 51.0]"
current_vs_old_vs_station,4153,92,"[0, 2, 1]","[""policy_current"", ""calling_station"", ""policy_old""]","[-100.0, -100.0, 200.0]","[-50.0, -50.0, 100.0]"
current_vs_old_vs_station,4154,92,"[1, 0, 2]","[""policy_old"", ""policy_current"", ""calling_station""]","[-100.0, -2.0, 102.0]","[-50.0, -1.0, 51.0]"
current_vs_old_vs_station,4155,92,"[1, 2, 0]","[""policy_old"", ""calling_station"", ""policy_current""]","[-100.0, -100.0, 200.0]","[-50.0, -50.0, 100.0]"
current_vs_old_vs_station,4156,92,"[2, 0, 1]","[""calling_station"", ""policy_current"", ""policy_old""]","[-100.0, -2.0, 102.0]","[-50.0, -1.0, 51.0]"
current_vs_old_vs_station,4157,92,"[2, 1, 0]","[""calling_station"", ""policy_old"", ""policy_current""]","[-100.0, -2.0, 102.0]","[-50.0, -1.0, 51.0]"
current_vs_old_vs_station,4158,93,"[0, 1, 2]","[""policy_current"", ""policy_old"", ""calling_station""]","[-1.0, -100.0, 101.0]","[-0.5, -50.0, 50.5]"
current_vs_old_vs_station,4159,93,"[0, 2, 1]","[""policy_current"", ""calling_station"", ""policy_old""]","[-1.0, 1.0, 0.0]","[-0.5, 0.5, 0.0]"
current_vs_old_vs_station,4160,93,"[1, 0, 2]","[""policy_old"", ""policy_current"", ""calling_station""]","[-1.0, -100.0, 101.0]","[-0.5, -50.0, 50.5]"
current_vs_old_vs_station,4161,93,"[1, 2, 0]","[""policy_old"", ""calling_station"", ""policy_current""]","[-1.0, 1.0, 0.0]","[-0.5, 0.5, 0.0]"
current_vs_old_vs_station,4162,93,"[2, 0, 1]","[""calling_station"", ""policy_current"", ""policy_old""]","[100.0, -100.0, 0.0]","[50.0, -50.0, 0.0]"
current_vs_old_vs_station,4163,93,"[2, 1, 0]","[""calling_station"", ""policy_old"", ""policy_current""]","[100.0, -100.0, 0.0]","[50.0, -50.0, 0.0]"
current_vs_old_vs_station,4164,94,"[0, 1, 2]","[""policy_current"", ""policy_old"", ""calling_station""]","[-1.0, 0.5, 0.5]","[-0.5, 0.25, 0.25]"
current_vs_old_vs_station,4165,94,"[0, 2, 1]","[""policy_current"", ""calling_station"", ""policy_old""]","[-1.0, 0.5, 0.5]","[-0.5, 0.25, 0.25]"
current_vs_old_vs_station,4166,94,"[1, 0, 2]","[""policy_old"", ""policy_current"", ""calling_station""]","[-1.0, 0.5, 0.5]","[-0.5, 0.25, 0.25]"
current_vs_old_vs_station,4167,94,"[1, 2, 0]","[""policy_old"", ""calling_station"", ""policy_current""]","[-1.0, 0.5, 0.5]","[-0.5, 0.25, 0.25]"
current_vs_old_vs_station,4168,94,"[2, 0, 1]","[""calling_station"", ""policy_current"", ""policy_old""]","[-100.0, 50.0, 50.0]","[-50.0, 25.0, 25.0]"
current_vs_old_vs_station,4169,94,"[2, 1, 0]","[""calling_station"", ""policy_old"", ""policy_current""]","[-100.0, 50.0, 50.0]","[-50.0, 25.0, 25.0]"
current_vs_old_vs_station,4170,95,"[0, 1, 2]","[""policy_current"", ""policy_old"", ""calling_station""]","[-100.0, -2.0, 102.0]","[-50.0, -1.0, 51.0]"
current_vs_old_vs_station,4171,95,"[0, 2, 1]","[""policy_current"", ""calling_station"", ""policy_old""]","[-100.0, 100.0, 0.0]","[-50.0, 50.0, 0.0]"
current_vs_old_vs_station,4172,95,"[1, 0, 2]","[""policy_old"", ""policy_current"", ""calling_station""]","[-100.0, -2.0, 102.0]","[-50.0, -1.0, 51.0]"
current_vs_old_vs_station,4173,95,"[1, 2, 0]","[""policy_old"", ""calling_station"", ""policy_current""]","[-100.0, 100.0, 0.0]","[-50.0, 50.0, 0.0]"
current_vs_old_vs_station,4174,95,"[2, 0, 1]","[""calling_station"", ""policy_current"", ""policy_old""]","[2.0, -2.0, 0.0]","[1.0, -1.0, 0.0]"
current_vs_old_vs_station,4175,95,"[2, 1, 0]","[""calling_station"", ""policy_old"", ""policy_current""]","[2.0, -2.0, 0.0]","[1.0, -1.0, 0.0]"
current_vs_old_vs_station,4176,96,"[0, 1, 2]","[""policy_current"", ""policy_old"", ""calling_station""]","[-1.0, -8.0, 9.0]","[-0.5, -4.0, 4.5]"
current_vs_old_vs_station,4177,96,"[0, 2, 1]","[""policy_current"", ""calling_station"", ""policy_old""]","[-1.0, -14.0, 15.0]","[-0.5, -7.0, 7.5]"
current_vs_old_vs_station,4178,96,"[1, 0, 2]","[""policy_old"", ""policy_current"", ""calling_station""]","[-1.0, -8.0, 9.0]","[-0.5, -4.0, 4.5]"
current_vs_old_vs_station,4179,96,"[1, 2, 0]","[""policy_old"", ""calling_station"", ""policy_current""]","[-1.0, -14.0, 15.0]","[-0.5, -7.0, 7.5]"
current_vs_old_vs_station,4180,96,"[2, 0, 1]","[""calling_station"", ""policy_current"", ""policy_old""]","[-100.0, -100.0, 200.0]","[-50.0, -50.0, 100.0]"
current_vs_old_vs_station,4181,96,"[2, 1, 0]","[""calling_station"", ""policy_old"", ""policy_current""]","[-100.0, -100.0, 200.0]","[-50.0, -50.0, 100.0]"
current_vs_old_vs_station,4182,97,"[0, 1, 2]","[""policy_current"", ""policy_old"", ""calling_station""]","[-100.0, -100.0, 200.0]","[-50.0, -50.0, 100.0]"
current_vs_old_vs_station,4183,97,"[0, 2, 1]","[""policy_current"", ""calling_station"", ""policy_old""]","[-100.0, 100.0, 0.0]","[-50.0, 50.0, 0.0]"
current_vs_old_vs_station,4184,97,"[1, 0, 2]","[""policy_old"", ""policy_current"", ""calling_station""]","[-100.0, -2.0, 102.0]","[-50.0, -1.0, 51.0]"
current_vs_old_vs_station,4185,97,"[1, 2, 0]","[""policy_old"", ""calling_station"", ""policy_current""]","[-100.0, 100.0, 0.0]","[-50.0, 50.0, 0.0]"
current_vs_old_vs_station,4186,97,"[2, 0, 1]","[""calling_station"", ""policy_current"", ""policy_old""]","[-100.0, 100.0, 0.0]","[-50.0, 50.0, 0.0]"
current_vs_old_vs_station,4187,97,"[2, 1, 0]","[""calling_station"", ""policy_old"", ""policy_current""]","[-100.0, 100.0, 0.0]","[-50.0, 50.0, 0.0]"
current_vs_old_vs_station,4188,98,"[0, 1, 2]","[""policy_current"", ""policy_old"", ""calling_station""]","[0.0, 0.0, 0.0]","[0.0, 0.0, 0.0]"
current_vs_old_vs_station,4189,98,"[0, 2, 1]","[""policy_current"", ""calling_station"", ""policy_old""]","[0.0, 0.0, 0.0]","[0.0, 0.0, 0.0]"
current_vs_old_vs_station,4190,98,"[1, 0, 2]","[""policy_old"", ""policy_current"", ""calling_station""]","[1.0, -2.0, 1.0]","[0.5, -1.0, 0.5]"
current_vs_old_vs_station,4191,98,"[1, 2, 0]","[""policy_old"", ""calling_station"", ""policy_current""]","[0.0, 0.0, 0.0]","[0.0, 0.0, 0.0]"
current_vs_old_vs_station,4192,98,"[2, 0, 1]","[""calling_station"", ""policy_current"", ""policy_old""]","[0.0, 0.0, 0.0]","[0.0, 0.0, 0.0]"
current_vs_old_vs_station,4193,98,"[2, 1, 0]","[""calling_station"", ""policy_old"", ""policy_current""]","[0.0, 0.0, 0.0]","[0.0, 0.0, 0.0]"
current_vs_old_vs_station,4194,99,"[0, 1, 2]","[""policy_current"", ""policy_old"", ""calling_station""]","[-1.0, 101.0, -100.0]","[-0.5, 50.5, -50.0]"
current_vs_old_vs_station,4195,99,"[0, 2, 1]","[""policy_current"", ""calling_station"", ""policy_old""]","[-20.0, 20.0, 0.0]","[-10.0, 10.0, 0.0]"
current_vs_old_vs_station,4196,99,"[1, 0, 2]","[""policy_old"", ""policy_current"", ""calling_station""]","[-1.0, 101.0, -100.0]","[-0.5, 50.5, -50.0]"
current_vs_old_vs_station,4197,99,"[1, 2, 0]","[""policy_old"", ""calling_station"", ""policy_current""]","[-20.0, 20.0, 0.0]","[-10.0, 10.0, 0.0]"
current_vs_old_vs_station,4198,99,"[2, 0, 1]","[""calling_station"", ""policy_current"", ""policy_old""]","[-100.0, 100.0, 0.0]","[-50.0, 50.0, 0.0]"
current_vs_old_vs_station,4199,99,"[2, 1, 0]","[""calling_station"", ""policy_old"", ""policy_current""]","[-100.0, 100.0, 0.0]","[-50.0, 50.0, 0.0]"
current_vs_2x_old,4200,0,"[0, 1, 2]","[""policy_current"", ""policy_old"", ""policy_old""]","[-1.0, -2.0, 3.0]","[-0.5, -1.0, 1.5]"
current_vs_2x_old,4201,0,"[0, 2, 1]","[""policy_current"", ""policy_old"", ""policy_old""]","[-1.0, -2.0, 3.0]","[-0.5, -1.0, 1.5]"
current_vs_2x_old,4202,0,"[1, 0, 2]","[""policy_old"", ""policy_current"", ""policy_old""]","[-1.0, -2.0, 3.0]","[-0.5, -1.0, 1.5]"
current_vs_2x_old,4203,0,"[1, 2, 0]","[""policy_old"", ""policy_old"", ""policy_current""]","[-1.0, -2.0, 3.0]","[-0.5, -1.0, 1.5]"
current_vs_2x_old,4204,0,"[2, 0, 1]","[""policy_old"", ""policy_current"", ""policy_old""]","[-1.0, -2.0, 3.0]","[-0.5, -1.0, 1.5]"
current_vs_2x_old,4205,0,"[2, 1, 0]","[""policy_old"", ""policy_old"", ""policy_current""]","[-1.0, -2.0, 3.0]","[-0.5, -1.0, 1.5]"
current_vs_2x_old,4206,1,"[0, 1, 2]","[""policy_current"", ""policy_old"", ""policy_old""]","[-100.0, 108.0, -8.0]","[-50.0, 54.0, -4.0]"
current_vs_2x_old,4207,1,"[0, 2, 1]","[""policy_current"", ""policy_old"", ""policy_old""]","[-100.0, 108.0, -8.0]","[-50.0, 54.0, -4.0]"
current_vs_2x_old,4208,1,"[1, 0, 2]","[""policy_old"", ""policy_current"", ""policy_old""]","[-100.0, 108.0, -8.0]","[-50.0, 54.0, -4.0]"
current_vs_2x_old,4209,1,"[1, 2, 0]","[""policy_old"", ""policy_old"", ""policy_current""]","[-100.0, 102.0, -2.0]","[-50.0, 51.0, -1.0]"
current_vs_2x_old,4210,1,"[2, 0, 1]","[""policy_old"", ""policy_current"", ""policy_old""]","[-100.0, 108.0, -8.0]","[-50.0, 54.0, -4.0]"
current_vs_2x_old,4211,1,"[2, 1, 0]","[""policy_old"", ""policy_old"", ""policy_current""]","[-100.0, 102.0, -2.0]","[-50.0, 51.0, -1.0]"
current_vs_2x_old,4212,2,"[0, 1, 2]","[""policy_current"", ""policy_old"", ""policy_old""]","[-1.0, 1.0, 0.0]","[-0.5, 0.5, 0.0]"
current_vs_2x_old,4213,2,"[0, 2, 1]","[""policy_current"", ""policy_old"", ""policy_old""]","[-1.0, 1.0, 0.0]","[-0.5, 0.5, 0.0]"
current_vs_2x_old,4214,2,"[1, 0, 2]","[""policy_old"", ""policy_current"", ""policy_old""]","[-1.0, 1.0, 0.0]","[-0.5, 0.5, 0.0]"
current_vs_2x_old,4215,2,"[1, 2, 0]","[""policy_old"", ""policy_old"", ""policy_current""]","[-1.0, 1.0, 0.0]","[-0.5, 0.5, 0.0]"
current_vs_2x_old,4216,2,"[2, 0, 1]","[""policy_old"", ""policy_current"", ""policy_old""]","[-1.0, 1.0, 0.0]","[-0.5, 0.5, 0.0]"
current_vs_2x_old,4217,2,"[2, 1, 0]","[""policy_old"", ""policy_old"", ""policy_current""]","[-1.0, 1.0, 0.0]","[-0.5, 0.5, 0.0]"
current_vs_2x_old,4218,3,"[0, 1, 2]","[""policy_current"", ""policy_old"", ""policy_old""]","[-14.0, -20.0, 34.0]","[-7.0, -10.0, 17.0]"
current_vs_2x_old,4219,3,"[0, 2, 1]","[""policy_current"", ""policy_old"", ""policy_old""]","[-14.0, -20.0, 34.0]","[-7.0, -10.0, 17.0]"
current_vs_2x_old,4220,3,"[1, 0, 2]","[""policy_old"", ""policy_current"", ""policy_old""]","[-14.0, -20.0, 34.0]","[-7.0, -10.0, 17.0]"
current_vs_2x_old,4221,3,"[1, 2, 0]","[""policy_old"", ""policy_old"", ""policy_current""]","[-14.0, -20.0, 34.0]","[-7.0, -10.0, 17.0]"
current_vs_2x_old,4222,3,"[2, 0, 1]","[""policy_old"", ""policy_current"", ""policy_old""]","[-14.0, -20.0, 34.0]","[-7.0, -10.0, 17.0]"
current_vs_2x_old,4223,3,"[2, 1, 0]","[""policy_old"", ""policy_old"", ""policy_current""]","[-14.0, -20.0, 34.0]","[-7.0, -10.0, 17.0]"
current_vs_2x_old,4224,4,"[0, 1, 2]","[""policy_current"", ""policy_old"", ""policy_old""]","[-1.0, 1.0, 0.0]","[-0.5, 0.5, 0.0]"
current_vs_2x_old,4225,4,"[0, 2, 1]","[""policy_current"", ""policy_old"", ""policy_old""]","[-1.0, 1.0, 0.0]","[-0.5, 0.5, 0.0]"
current_vs_2x_old,4226,4,"[1, 0, 2]","[""policy_old"", ""policy_current"", ""policy_old""]","[-1.0, 1.0, 0.0]","[-0.5, 0.5, 0.0]"
current_vs_2x_old,4227,4,"[1, 2, 0]","[""policy_old"", ""policy_old"", ""policy_current""]","[-1.0, 1.0, 0.0]","[-0.5, 0.5, 0.0]"
current_vs_2x_old,4228,4,"[2, 0, 1]","[""policy_old"", ""policy_current"", ""policy_old""]","[-1.0, 1.0, 0.0]","[-0.5, 0.5, 0.0]"
current_vs_2x_old,4229,4,"[2, 1, 0]","[""policy_old"", ""policy_old"", ""policy_current""]","[-1.0, 1.0, 0.0]","[-0.5, 0.5, 0.0]"
current_vs_2x_old,4230,5,"[0, 1, 2]","[""policy_current"", ""policy_old"", ""policy_old""]","[-8.0, 8.0, 0.0]","[-4.0, 4.0, 0.0]"
current_vs_2x_old,4231,5,"[0, 2, 1]","[""policy_current"", ""policy_old"", ""policy_old""]","[-8.0, 8.0, 0.0]","[-4.0, 4.0, 0.0]"
current_vs_2x_old,4232,5,"[1, 0, 2]","[""policy_old"", ""policy_current"", ""policy_old""]","[-8.0, 8.0, 0.0]","[-4.0, 4.0, 0.0]"
current_vs_2x_old,4233,5,"[1, 2, 0]","[""policy_old"", ""policy_old"", ""policy_current""]","[-8.0, 8.0, 0.0]","[-4.0, 4.0, 0.0]"
current_vs_2x_old,4234,5,"[2, 0, 1]","[""policy_old"", ""policy_current"", ""policy_old""]","[-8.0, 8.0, 0.0]","[-4.0, 4.0, 0.0]"
current_vs_2x_old,4235,5,"[2, 1, 0]","[""policy_old"", ""policy_old"", ""policy_current""]","[-8.0, 8.0, 0.0]","[-4.0, 4.0, 0.0]"
current_vs_2x_old,4236,6,"[0, 1, 2]","[""policy_current"", ""policy_old"", ""policy_old""]","[-14.0, 14.0, 0.0]","[-7.0, 7.0, 0.0]"
current_vs_2x_old,4237,6,"[0, 2, 1]","[""policy_current"", ""policy_old"", ""policy_old""]","[-14.0, 14.0, 0.0]","[-7.0, 7.0, 0.0]"
current_vs_2x_old,4238,6,"[1, 0, 2]","[""policy_old"", ""policy_current"", ""policy_old""]","[-14.0, 14.0, 0.0]","[-7.0, 7.0, 0.0]"
current_vs_2x_old,4239,6,"[1, 2, 0]","[""policy_old"", ""policy_old"", ""policy_current""]","[-14.0, 14.0, 0.0]","[-7.0, 7.0, 0.0]"
current_vs_2x_old,4240,6,"[2, 0, 1]","[""policy_old"", ""policy_current"", ""policy_old""]","[-14.0, 14.0, 0.0]","[-7.0, 7.0, 0.0]"
current_vs_2x_old,4241,6,"[2, 1, 0]","[""policy_old"", ""policy_old"", ""policy_current""]","[-14.0, 14.0, 0.0]","[-7.0, 7.0, 0.0]"
current_vs_2x_old,4242,7,"[0, 1, 2]","[""policy_current"", ""policy_old"", ""policy_old""]","[-1.0, -2.0, 3.0]","[-0.5, -1.0, 1.5]"
current_vs_2x_old,4243,7,"[0, 2, 1]","[""policy_current"", ""policy_old"", ""policy_old""]","[-1.0, -2.0, 3.0]","[-0.5, -1.0, 1.5]"
current_vs_2x_old,4244,7,"[1, 0, 2]","[""policy_old"", ""policy_current"", ""policy_old""]","[-1.0, -2.0, 3.0]","[-0.5, -1.0, 1.5]"
current_vs_2x_old,4245,7,"[1, 2, 0]","[""policy_old"", ""policy_old"", ""policy_current""]","[-1.0, -2.0, 3.0]","[-0.5, -1.0, 1.5]"
current_vs_2x_old,4246,7,"[2, 0, 1]","[""policy_old"", ""policy_current"", ""policy_old""]","[-1.0, -2.0, 3.0]","[-0.5, -1.0, 1.5]"
current_vs_2x_old,4247,7,"[2, 1, 0]","[""policy_old"", ""policy_old"", ""policy_current""]","[-1.0, -2.0, 3.0]","[-0.5, -1.0, 1.5]"
current_vs_2x_old,4248,8,"[0, 1, 2]","[""policy_current"", ""policy_old"", ""policy_old""]","[-1.0, -2.0, 3.0]","[-0.5, -1.0, 1.5]"
current_vs_2x_old,4249,8,"[0, 2, 1]","[""policy_current"", ""policy_old"", ""policy_old""]","[-1.0, -2.0, 3.0]","[-0.5, -1.0, 1.5]"
current_vs_2x_old,4250,8,"[1, 0, 2]","[""policy_old"", ""policy_current"", ""policy_old""]","[-1.0, -2.0, 3.0]","[-0.5, -1.0, 1.5]"
current_vs_2x_old,4251,8,"[1, 2, 0]","[""policy_old"", ""policy_old"", ""policy_current""]","[-1.0, -2.0, 3.0]","[-0.5, -1.0, 1.5]"
current_vs_2x_old,4252,8,"[2, 0, 1]","[""policy_old"", ""policy_current"", ""policy_old""]","[-1.0, -2.0, 3.0]","[-0.5, -1.0, 1.5]"
current_vs_2x_old,4253,8,"[2, 1, 0]","[""policy_old"", ""policy_old"", ""policy_current""]","[-1.0, -2.0, 3.0]","[-0.5, -1.0, 1.5]"
current_vs_2x_old,4254,9,"[0, 1, 2]","[""policy_current"", ""policy_old"", ""policy_old""]","[-1.0, -14.0, 15.0]","[-0.5, -7.0, 7.5]"
current_vs_2x_old,4255,9,"[0, 2, 1]","[""policy_current"", ""policy_old"", ""policy_old""]","[-1.0, -14.0, 15.0]","[-0.5, -7.0, 7.5]"
current_vs_2x_old,4256,9,"[1, 0, 2]","[""policy_old"", ""policy_current"", ""policy_old""]","[-8.0, 108.0, -100.0]","[-4.0, 54.0, -50.0]"
current_vs_2x_old,4257,9,"[1, 2, 0]","[""policy_old"", ""policy_old"", ""policy_current""]","[-1.0, 101.0, -100.0]","[-0.5, 50.5, -50.0]"
current_vs_2x_old,4258,9,"[2, 0, 1]","[""policy_old"", ""policy_current"", ""policy_old""]","[-8.0, 108.0, -100.0]","[-4.0, 54.0, -50.0]"
current_vs_2x_old,4259,9,"[2, 1, 0]","[""policy_old"", ""policy_old"", ""policy_current""]","[-1.0, 101.0, -100.0]","[-0.5, 50.5, -50.0]"
current_vs_2x_old,4260,10,"[0, 1, 2]","[""policy_current"", ""policy_old"", ""policy_old""]","[-1.0, 1.0, 0.0]","[-0.5, 0.5, 0.0]"
current_vs_2x_old,4261,10,"[0, 2, 1]","[""policy_current"", ""policy_old"", ""policy_old""]","[-1.0, 1.0, 0.0]","[-0.5, 0.5, 0.0]"
current_vs_2x_old,4262,10,"[1, 0, 2]","[""policy_old"", ""policy_current"", ""policy_old""]","[-1.0, 1.0, 0.0]","[-0.5, 0.5, 0.0]"
current_vs_2x_old,4263,10,"[1, 2, 0]","[""policy_old"", ""policy_old"", ""policy_current""]","[-1.0, 1.0, 0.0]","[-0.5, 0.5, 0.0]"
current_vs_2x_old,4264,10,"[2, 0, 1]","[""policy_old"", ""policy_current"", ""policy_old""]","[-1.0, 1.0, 0.0]","[-0.5, 0.5, 0.0]"
current_vs_2x_old,4265,10,"[2, 1, 0]","[""policy_old"", ""policy_old"", ""policy_current""]","[-1.0, 1.0, 0.0]","[-0.5, 0.5, 0.0]"
current_vs_2x_old,4266,11,"[0, 1, 2]","[""policy_current"", ""policy_old"", ""policy_old""]","[-1.0, 1.0, 0.0]","[-0.5, 0.5, 0.0]"
current_vs_2x_old,4267,11,"[0, 2, 1]","[""policy_current"", ""policy_old"", ""policy_old""]","[-1.0, 1.0, 0.0]","[-0.5, 0.5, 0.0]"
current_vs_2x_old,4268,11,"[1, 0, 2]","[""policy_old"", ""policy_current"", ""policy_old""]","[-1.0, 1.0, 0.0]","[-0.5, 0.5, 0.0]"
current_vs_2x_old,4269,11,"[1, 2, 0]","[""policy_old"", ""policy_old"", ""policy_current""]","[-1.0, 1.0, 0.0]","[-0.5, 0.5, 0.0]"
current_vs_2x_old,4270,11,"[2, 0, 1]","[""policy_old"", ""policy_current"", ""policy_old""]","[-1.0, 1.0, 0.0]","[-0.5, 0.5, 0.0]"
current_vs_2x_old,4271,11,"[2, 1, 0]","[""policy_old"", ""policy_old"", ""policy_current""]","[-1.0, 1.0, 0.0]","[-0.5, 0.5, 0.0]"
current_vs_2x_old,4272,12,"[0, 1, 2]","[""policy_current"", ""policy_old"", ""policy_old""]","[-8.0, 10.0, -2.0]","[-4.0, 5.0, -1.0]"
current_vs_2x_old,4273,12,"[0, 2, 1]","[""policy_current"", ""policy_old"", ""policy_old""]","[-8.0, 10.0, -2.0]","[-4.0, 5.0, -1.0]"
current_vs_2x_old,4274,12,"[1, 0, 2]","[""policy_old"", ""policy_current"", ""policy_old""]","[-8.0, 10.0, -2.0]","[-4.0, 5.0, -1.0]"
current_vs_2x_old,4275,12,"[1, 2, 0]","[""policy_old"", ""policy_old"", ""policy_current""]","[-8.0, -100.0, 108.0]","[-4.0, -50.0, 54.0]"
current_vs_2x_old,4276,12,"[2, 0, 1]","[""policy_old"", ""policy_current"", ""policy_old""]","[-8.0, 10.0, -2.0]","[-4.0, 5.0, -1.0]"
current_vs_2x_old,4277,12,"[2, 1, 0]","[""policy_old"", ""policy_old"", ""policy_current""]","[-8.0, -100.0, 108.0]","[-4.0, -50.0, 54.0]"
current_vs_2x_old,4278,13,"[0, 1, 2]","[""policy_current"", ""policy_old"", ""policy_old""]","[-2.0, 102.0, -100.0]","[-1.0, 51.0, -50.0]"
current_vs_2x_old,4279,13,"[0, 2, 1]","[""policy_current"", ""policy_old"", ""policy_old""]","[-2.0, 102.0, -100.0]","[-1.0, 51.0, -50.0]"
current_vs_2x_old,4280,13,"[1, 0, 2]","[""policy_old"", ""policy_current"", ""policy_old""]","[-14.0, -2.0, 16.0]","[-7.0, -1.0, 8.0]"
current_vs_2x_old,4281,13,"[1, 2, 0]","[""policy_old"", ""policy_old"", ""policy_current""]","[-20.0, -2.0, 22.0]","[-10.0, -1.0, 11.0]"
current_vs_2x_old,4282,13,"[2, 0, 1]","[""policy_old"", ""policy_current"", ""policy_old""]","[-14.0, -2.0, 16.0]","[-7.0, -1.0, 8.0]"
current_vs_2x_old,4283,13,"[2, 1, 0]","[""policy_old"", ""policy_old"", ""policy_current""]","[-20.0, -2.0, 22.0]","[-10.0, -1.0, 11.0]"
current_vs_2x_old,4284,14,"[0, 1, 2]","[""policy_current"", ""policy_old"", ""policy_old""]","[-1.0, 101.0, -100.0]","[-0.5, 50.5, -50.0]"
current_vs_2x_old,4285,14,"[0, 2, 1]","[""policy_current"", ""policy_old"", ""policy_old""]","[-1.0, 101.0, -100.0]","[-0.5, 50.5, -50.0]"
current_vs_2x_old,4286,14,"[1, 0, 2]","[""policy_old"", ""policy_current"", ""policy_old""]","[-1.0, -2.0, 3.0]","[-0.5, -1.0, 1.5]"
current_vs_2x_old,4287,14,"[1, 2, 0]","[""policy_old"", ""policy_old"", ""policy_current""]","[-1.0, 101.0, -100.0]","[-0.5, 50.5, -50.0]"
current_vs_2x_old,4288,14,"[2, 0, 1]","[""policy_old"", ""policy_current"", ""policy_old""]","[-1.0, -2.0, 3.0]","[-0.5, -1.0, 1.5]"
current_vs_2x_old,4289,14,"[2, 1, 0]","[""policy_old"", ""policy_old"", ""policy_current""]","[-1.0, 101.0, -100.0]","[-0.5, 50.5, -50.0]"
current_vs_2x_old,4290,15,"[0, 1, 2]","[""policy_current"", ""policy_old"", ""policy_old""]","[-1.0, -8.0, 9.0]","[-0.5, -4.0, 4.5]"
current_vs_2x_old,4291,15,"[0, 2, 1]","[""policy_current"", ""policy_old"", ""policy_old""]","[-1.0, -8.0, 9.0]","[-0.5, -4.0, 4.5]"
current_vs_2x_old,4292,15,"[1, 0, 2]","[""policy_old"", ""policy_current"", ""policy_old""]","[-1.0, -8.0, 9.0]","[-0.5, -4.0, 4.5]"
current_vs_2x_old,4293,15,"[1, 2, 0]","[""policy_old"", ""policy_old"", ""policy_current""]","[-1.0, -8.0, 9.0]","[-0.5, -4.0, 4.5]"
current_vs_2x_old,4294,15,"[2, 0, 1]","[""policy_old"", ""policy_current"", ""policy_old""]","[-1.0, -8.0, 9.0]","[-0.5, -4.0, 4.5]"
current_vs_2x_old,4295,15,"[2, 1, 0]","[""policy_old"", ""policy_old"", ""policy_current""]","[-1.0, -8.0, 9.0]","[-0.5, -4.0, 4.5]"
current_vs_2x_old,4296,16,"[0, 1, 2]","[""policy_current"", ""policy_old"", ""policy_old""]","[-8.0, -8.0, 16.0]","[-4.0, -4.0, 8.0]"
current_vs_2x_old,4297,16,"[0, 2, 1]","[""policy_current"", ""policy_old"", ""policy_old""]","[-8.0, -8.0, 16.0]","[-4.0, -4.0, 8.0]"
current_vs_2x_old,4298,16,"[1, 0, 2]","[""policy_old"", ""policy_current"", ""policy_old""]","[-14.0, 22.0, -8.0]","[-7.0, 11.0, -4.0]"
current_vs_2x_old,4299,16,"[1, 2, 0]","[""policy_old"", ""policy_old"", ""policy_current""]","[-14.0, 22.0, -8.0]","[-7.0, 11.0, -4.0]"
current_vs_2x_old,4300,16,"[2, 0, 1]","[""policy_old"", ""policy_current"", ""policy_old""]","[-14.0, 22.0, -8.0]","[-7.0, 11.0, -4.0]"
current_vs_2x_old,4301,16,"[2, 1, 0]","[""policy_old"", ""policy_old"", ""policy_current""]","[-14.0, 22.0, -8.0]","[-7.0, 11.0, -4.0]"
current_vs_2x_old,4302,17,"[0, 1, 2]","[""policy_current"", ""policy_old"", ""policy_old""]","[100.0, -100.0, 0.0]","[50.0, -50.0, 0.0]"
current_vs_2x_old,4303,17,"[0, 2, 1]","[""policy_current"", ""policy_old"", ""policy_old""]","[100.0, -100.0, 0.0]","[50.0, -50.0, 0.0]"
current_vs_2x_old,4304,17,"[1, 0, 2]","[""policy_old"", ""policy_current"", ""policy_old""]","[-1.0, 1.0, 0.0]","[-0.5, 0.5, 0.0]"
current_vs_2x_old,4305,17,"[1, 2, 0]","[""policy_old"", ""policy_old"", ""policy_current""]","[-1.0, 1.0, 0.0]","[-0.5, 0.5, 0.0]"
current_vs_2x_old,4306,17,"[2, 0, 1]","[""policy_old"", ""policy_current"", ""policy_old""]","[-1.0, 1.0, 0.0]","[-0.5, 0.5, 0.0]"
current_vs_2x_old,4307,17,"[2, 1, 0]","[""policy_old"", ""policy_old"", ""policy_current""]","[-1.0, 1.0, 0.0]","[-0.5, 0.5, 0.0]"
current_vs_2x_old,4308,18,"[0, 1, 2]","[""policy_current"", ""policy_old"", ""policy_old""]","[-1.0, -2.0, 3.0]","[-0.5, -1.0, 1.5]"
current_vs_2x_old,4309,18,"[0, 2, 1]","[""policy_current"", ""policy_old"", ""policy_old""]","[-1.0, -2.0, 3.0]","[-0.5, -1.0, 1.5]"
current_vs_2x_old,4310,18,"[1, 0, 2]","[""policy_old"", ""policy_current"", ""policy_old""]","[-1.0, -2.0, 3.0]","[-0.5, -1.0, 1.5]"
current_vs_2x_old,4311,18,"[1, 2, 0]","[""policy_old"", ""policy_old"", ""policy_current""]","[-1.0, -2.0, 3.0]","[-0.5, -1.0, 1.5]"
current_vs_2x_old,4312,18,"[2, 0, 1]","[""policy_old"", ""policy_current"", ""policy_old""]","[-1.0, -2.0, 3.0]","[-0.5, -1.0, 1.5]"
current_vs_2x_old,4313,18,"[2, 1, 0]","[""policy_old"", ""policy_old"", ""policy_current""]","[-1.0, -2.0, 3.0]","[-0.5, -1.0, 1.5]"
current_vs_2x_old,4314,19,"[0, 1, 2]","[""policy_current"", ""policy_old"", ""policy_old""]","[-1.0, 101.0, -100.0]","[-0.5, 50.5, -50.0]"
current_vs_2x_old,4315,19,"[0, 2, 1]","[""policy_current"", ""policy_old"", ""policy_old""]","[-1.0, 101.0, -100.0]","[-0.5, 50.5, -50.0]"
current_vs_2x_old,4316,19,"[1, 0, 2]","[""policy_old"", ""policy_current"", ""policy_old""]","[-1.0, 101.0, -100.0]","[-0.5, 50.5, -50.0]"
current_vs_2x_old,4317,19,"[1, 2, 0]","[""policy_old"", ""policy_old"", ""policy_current""]","[-1.0, 101.0, -100.0]","[-0.5, 50.5, -50.0]"
current_vs_2x_old,4318,19,"[2, 0, 1]","[""policy_old"", ""policy_current"", ""policy_old""]","[-1.0, 101.0, -100.0]","[-0.5, 50.5, -50.0]"
current_vs_2x_old,4319,19,"[2, 1, 0]","[""policy_old"", ""policy_old"", ""policy_current""]","[-1.0, 101.0, -100.0]","[-0.5, 50.5, -50.0]"
current_vs_2x_old,4320,20,"[0, 1, 2]","[""policy_current"", ""policy_old"", ""policy_old""]","[-1.0, 3.0, -2.0]","[-0.5, 1.5, -1.0]"
current_vs_2x_old,4321,20,"[0, 2, 1]","[""policy_current"", ""policy_old"", ""policy_old""]","[-1.0, 3.0, -2.0]","[-0.5, 1.5, -1.0]"
current_vs_2x_old,4322,20,"[1, 0, 2]","[""policy_old"", ""policy_current"", ""policy_old""]","[-1.0, 3.0, -2.0]","[-0.5, 1.5, -1.0]"
current_vs_2x_old,4323,20,"[1, 2, 0]","[""policy_old"", ""policy_old"", ""policy_current""]","[-1.0, 3.0, -2.0]","[-0.5, 1.5, -1.0]"
current_vs_2x_old,4324,20,"[2, 0, 1]","[""policy_old"", ""policy_current"", ""policy_old""]","[-1.0, 3.0, -2.0]","[-0.5, 1.5, -1.0]"
current_vs_2x_old,4325,20,"[2, 1, 0]","[""policy_old"", ""policy_old"", ""policy_current""]","[-1.0, 3.0, -2.0]","[-0.5, 1.5, -1.0]"
current_vs_2x_old,4326,21,"[0, 1, 2]","[""policy_current"", ""policy_old"", ""policy_old""]","[-1.0, 1.0, 0.0]","[-0.5, 0.5, 0.0]"
current_vs_2x_old,4327,21,"[0, 2, 1]","[""policy_current"", ""policy_old"", ""policy_old""]","[-1.0, 1.0, 0.0]","[-0.5, 0.5, 0.0]"
current_vs_2x_old,4328,21,"[1, 0, 2]","[""policy_old"", ""policy_current"", ""policy_old""]","[26.0, -26.0, 0.0]","[13.0, -13.0, 0.0]"
current_vs_2x_old,4329,21,"[1, 2, 0]","[""policy_old"", ""policy_old"", ""policy_current""]","[26.0, -26.0, 0.0]","[13.0, -13.0, 0.0]"
current_vs_2x_old,4330,21,"[2, 0, 1]","[""policy_old"", ""policy_current"", ""policy_old""]","[26.0, -26.0, 0.0]","[13.0, -13.0, 0.0]"
current_vs_2x_old,4331,21,"[2, 1, 0]","[""policy_old"", ""policy_old"", ""policy_current""]","[26.0, -26.0, 0.0]","[13.0, -13.0, 0.0]"
current_vs_2x_old,4332,22,"[0, 1, 2]","[""policy_current"", ""policy_old"", ""policy_old""]","[8.0, -8.0, 0.0]","[4.0, -4.0, 0.0]"
current_vs_2x_old,4333,22,"[0, 2, 1]","[""policy_current"", ""policy_old"", ""policy_old""]","[8.0, -8.0, 0.0]","[4.0, -4.0, 0.0]"
current_vs_2x_old,4334,22,"[1, 0, 2]","[""policy_old"", ""policy_current"", ""policy_old""]","[8.0, -8.0, 0.0]","[4.0, -4.0, 0.0]"
current_vs_2x_old,4335,22,"[1, 2, 0]","[""policy_old"", ""policy_old"", ""policy_current""]","[8.0, -8.0, 0.0]","[4.0, -4.0, 0.0]"
current_vs_2x_old,4336,22,"[2, 0, 1]","[""policy_old"", ""policy_current"", ""policy_old""]","[8.0, -8.0, 0.0]","[4.0, -4.0, 0.0]"
current_vs_2x_old,4337,22,"[2, 1, 0]","[""policy_old"", ""policy_old"", ""policy_current""]","[8.0, -8.0, 0.0]","[4.0, -4.0, 0.0]"
current_vs_2x_old,4338,23,"[0, 1, 2]","[""policy_current"", ""policy_old"", ""policy_old""]","[-1.0, 15.0, -14.0]","[-0.5, 7.5, -7.0]"
current_vs_2x_old,4339,23,"[0, 2, 1]","[""policy_current"", ""policy_old"", ""policy_old""]","[-1.0, 15.0, -14.0]","[-0.5, 7.5, -7.0]"
current_vs_2x_old,4340,23,"[1, 0, 2]","[""policy_old"", ""policy_current"", ""policy_old""]","[-1.0, 3.0, -2.0]","[-0.5, 1.5, -1.0]"
current_vs_2x_old,4341,23,"[1, 2, 0]","[""policy_old"", ""policy_old"", ""policy_current""]","[-1.0, -100.0, 101.0]","[-0.5, -50.0, 50.5]"
current_vs_2x_old,4342,23,"[2, 0, 1]","[""policy_old"", ""policy_current"", ""policy_old""]","[-1.0, 3.0, -2.0]","[-0.5, 1.5, -1.0]"
current_vs_2x_old,4343,23,"[2, 1, 0]","[""policy_old"", ""policy_old"", ""policy_current""]","[-1.0, -100.0, 101.0]","[-0.5, -50.0, 50.5]"
current_vs_2x_old,4344,24,"[0, 1, 2]","[""policy_current"", ""policy_old"", ""policy_old""]","[-8.0, 8.0, 0.0]","[-4.0, 4.0, 0.0]"
current_vs_2x_old,4345,24,"[0, 2, 1]","[""policy_current"", ""policy_old"", ""policy_old""]","[-8.0, 8.0, 0.0]","[-4.0, 4.0, 0.0]"
current_vs_2x_old,4346,24,"[1, 0, 2]","[""policy_old"", ""policy_current"", ""policy_old""]","[-8.0, 8.0, 0.0]","[-4.0, 4.0, 0.0]"
current_vs_2x_old,4347,24,"[1, 2, 0]","[""policy_old"", ""policy_old"", ""policy_current""]","[-8.0, 8.0, 0.0]","[-4.0, 4.0, 0.0]"
current_vs_2x_old,4348,24,"[2, 0, 1]","[""policy_old"", ""policy_current"", ""policy_old""]","[-8.0, 8.0, 0.0]","[-4.0, 4.0, 0.0]"
current_vs_2x_old,4349,24,"[2, 1, 0]","[""policy_old"", ""policy_old"", ""policy_current""]","[-8.0, 8.0, 0.0]","[-4.0, 4.0, 0.0]"
current_vs_2x_old,4350,25,"[0, 1, 2]","[""policy_current"", ""policy_old"", ""policy_old""]","[-1.0, -2.0, 3.0]","[-0.5, -1.0, 1.5]"
current_vs_2x_old,4351,25,"[0, 2, 1]","[""policy_current"", ""policy_old"", ""policy_old""]","[-1.0, -2.0, 3.0]","[-0.5, -1.0, 1.5]"
current_vs_2x_old,4352,25,"[1, 0, 2]","[""policy_old"", ""policy_current"", ""policy_old""]","[-1.0, -2.0, 3.0]","[-0.5, -1.0, 1.5]"
current_vs_2x_old,4353,25,"[1, 2, 0]","[""policy_old"", ""policy_old"", ""policy_current""]","[-1.0, -2.0, 3.0]","[-0.5, -1.0, 1.5]"
current_vs_2x_old,4354,25,"[2, 0, 1]","[""policy_old"", ""policy_current"", ""policy_old""]","[-1.0, -2.0, 3.0]","[-0.5, -1.0, 1.5]"
current_vs_2x_old,4355,25,"[2, 1, 0]","[""policy_old"", ""policy_old"", ""policy_current""]","[-1.0, -2.0, 3.0]","[-0.5, -1.0, 1.5]"
current_vs_2x_old,4356,26,"[0, 1, 2]","[""policy_current"", ""policy_old"", ""policy_old""]","[-1.0, 9.0, -8.0]","[-0.5, 4.5, -4.0]"
current_vs_2x_old,4357,26,"[0, 2, 1]","[""policy_current"", ""policy_old"", ""policy_old""]","[-1.0, 9.0, -8.0]","[-0.5, 4.5, -4.0]"
current_vs_2x_old,4358,26,"[1, 0, 2]","[""policy_old"", ""policy_current"", ""policy_old""]","[-1.0, 9.0, -8.0]","[-0.5, 4.5, -4.0]"
current_vs_2x_old,4359,26,"[1, 2, 0]","[""policy_old"", ""policy_old"", ""policy_current""]","[-1.0, 9.0, -8.0]","[-0.5, 4.5, -4.0]"
current_vs_2x_old,4360,26,"[2, 0, 1]","[""policy_old"", ""policy_current"", ""policy_old""]","[-1.0, 9.0, -8.0]","[-0.5, 4.5, -4.0]"
current_vs_2x_old,4361,26,"[2, 1, 0]","[""policy_old"", ""policy_old"", ""policy_current""]","[-1.0, 9.0, -8.0]","[-0.5, 4.5, -4.0]"
current_vs_2x_old,4362,27,"[0, 1, 2]","[""policy_current"", ""policy_old"", ""policy_old""]","[-1.0, 1.0, 0.0]","[-0.5, 0.5, 0.0]"
current_vs_2x_old,4363,27,"[0, 2, 1]","[""policy_current"", ""policy_old"", ""policy_old""]","[-1.0, 1.0, 0.0]","[-0.5, 0.5, 0.0]"
current_vs_2x_old,4364,27,"[1, 0, 2]","[""policy_old"", ""policy_current"", ""policy_old""]","[2.0, -2.0, 0.0]","[1.0, -1.0, 0.0]"
current_vs_2x_old,4365,27,"[1, 2, 0]","[""policy_old"", ""policy_old"", ""policy_current""]","[2.0, -2.0, 0.0]","[1.0, -1.0, 0.0]"
current_vs_2x_old,4366,27,"[2, 0, 1]","[""policy_old"", ""policy_current"", ""policy_old""]","[2.0, -2.0, 0.0]","[1.0, -1.0, 0.0]"
current_vs_2x_old,4367,27,"[2, 1, 0]","[""policy_old"", ""policy_old"", ""policy_current""]","[2.0, -2.0, 0.0]","[1.0, -1.0, 0.0]"
current_vs_2x_old,4368,28,"[0, 1, 2]","[""policy_current"", ""policy_old"", ""policy_old""]","[-1.0, -100.0, 101.0]","[-0.5, -50.0, 50.5]"
current_vs_2x_old,4369,28,"[0, 2, 1]","[""policy_current"", ""policy_old"", ""policy_old""]","[-1.0, -100.0, 101.0]","[-0.5, -50.0, 50.5]"
current_vs_2x_old,4370,28,"[1, 0, 2]","[""policy_old"", ""policy_current"", ""policy_old""]","[-1.0, -100.0, 101.0]","[-0.5, -50.0, 50.5]"
current_vs_2x_old,4371,28,"[1, 2, 0]","[""policy_old"", ""policy_old"", ""policy_current""]","[-1.0, -100.0, 101.0]","[-0.5, -50.0, 50.5]"
current_vs_2x_old,4372,28,"[2, 0, 1]","[""policy_old"", ""policy_current"", ""policy_old""]","[-1.0, -100.0, 101.0]","[-0.5, -50.0, 50.5]"
current_vs_2x_old,4373,28,"[2, 1, 0]","[""policy_old"", ""policy_old"", ""policy_current""]","[-1.0, -100.0, 101.0]","[-0.5, -50.0, 50.5]"
current_vs_2x_old,4374,29,"[0, 1, 2]","[""policy_current"", ""policy_old"", ""policy_old""]","[-100.0, -2.0, 102.0]","[-50.0, -1.0, 51.0]"
current_vs_2x_old,4375,29,"[0, 2, 1]","[""policy_current"", ""policy_old"", ""policy_old""]","[-100.0, -2.0, 102.0]","[-50.0, -1.0, 51.0]"
current_vs_2x_old,4376,29,"[1, 0, 2]","[""policy_old"", ""policy_current"", ""policy_old""]","[-100.0, -2.0, 102.0]","[-50.0, -1.0, 51.0]"
current_vs_2x_old,4377,29,"[1, 2, 0]","[""policy_old"", ""policy_old"", ""policy_current""]","[-100.0, -2.0, 102.0]","[-50.0, -1.0, 51.0]"
current_vs_2x_old,4378,29,"[2, 0, 1]","[""policy_old"", ""policy_current"", ""policy_old""]","[-100.0, -2.0, 102.0]","[-50.0, -1.0, 51.0]"
current_vs_2x_old,4379,29,"[2, 1, 0]","[""policy_old"", ""policy_old"", ""policy_current""]","[-100.0, -2.0, 102.0]","[-50.0, -1.0, 51.0]"
current_vs_2x_old,4380,30,"[0, 1, 2]","[""policy_current"", ""policy_old"", ""policy_old""]","[-2.0, 2.0, 0.0]","[-1.0, 1.0, 0.0]"
current_vs_2x_old,4381,30,"[0, 2, 1]","[""policy_current"", ""policy_old"", ""policy_old""]","[-2.0, 2.0, 0.0]","[-1.0, 1.0, 0.0]"
current_vs_2x_old,4382,30,"[1, 0, 2]","[""policy_old"", ""policy_current"", ""policy_old""]","[2.0, -2.0, 0.0]","[1.0, -1.0, 0.0]"
current_vs_2x_old,4383,30,"[1, 2, 0]","[""policy_old"", ""policy_old"", ""policy_current""]","[-2.0, 2.0, 0.0]","[-1.0, 1.0, 0.0]"
current_vs_2x_old,4384,30,"[2, 0, 1]","[""policy_old"", ""policy_current"", ""policy_old""]","[2.0, -2.0, 0.0]","[1.0, -1.0, 0.0]"
current_vs_2x_old,4385,30,"[2, 1, 0]","[""policy_old"", ""policy_old"", ""policy_current""]","[-2.0, 2.0, 0.0]","[-1.0, 1.0, 0.0]"
current_vs_2x_old,4386,31,"[0, 1, 2]","[""policy_current"", ""policy_old"", ""policy_old""]","[10.0, -2.0, -8.0]","[5.0, -1.0, -4.0]"
current_vs_2x_old,4387,31,"[0, 2, 1]","[""policy_current"", ""policy_old"", ""policy_old""]","[10.0, -2.0, -8.0]","[5.0, -1.0, -4.0]"
current_vs_2x_old,4388,31,"[1, 0, 2]","[""policy_old"", ""policy_current"", ""policy_old""]","[-100.0, -2.0, 102.0]","[-50.0, -1.0, 51.0]"
current_vs_2x_old,4389,31,"[1, 2, 0]","[""policy_old"", ""policy_old"", ""policy_current""]","[-100.0, -2.0, 102.0]","[-50.0, -1.0, 51.0]"
current_vs_2x_old,4390,31,"[2, 0, 1]","[""policy_old"", ""policy_current"", ""policy_old""]","[-100.0, -2.0, 102.0]","[-50.0, -1.0, 51.0]"
current_vs_2x_old,4391,31,"[2, 1, 0]","[""policy_old"", ""policy_old"", ""policy_current""]","[-100.0, -2.0, 102.0]","[-50.0, -1.0, 51.0]"
current_vs_2x_old,4392,32,"[0, 1, 2]","[""policy_current"", ""policy_old"", ""policy_old""]","[14.0, -14.0, 0.0]","[7.0, -7.0, 0.0]"
current_vs_2x_old,4393,32,"[0, 2, 1]","[""policy_current"", ""policy_old"", ""policy_old""]","[14.0, -14.0, 0.0]","[7.0, -7.0, 0.0]"
current_vs_2x_old,4394,32,"[1, 0, 2]","[""policy_old"", ""policy_current"", ""policy_old""]","[100.0, -100.0, 0.0]","[50.0, -50.0, 0.0]"
current_vs_2x_old,4395,32,"[1, 2, 0]","[""policy_old"", ""policy_old"", ""policy_current""]","[102.0, -100.0, -2.0]","[51.0, -50.0, -1.0]"
current_vs_2x_old,4396,32,"[2, 0, 1]","[""policy_old"", ""policy_current"", ""policy_old""]","[100.0, -100.0, 0.0]","[50.0, -50.0, 0.0]"
current_vs_2x_old,4397,32,"[2, 1, 0]","[""policy_old"", ""policy_old"", ""policy_current""]","[102.0, -100.0, -2.0]","[51.0, -50.0, -1.0]"
current_vs_2x_old,4398,33,"[0, 1, 2]","[""policy_current"", ""policy_old"", ""policy_old""]","[-1.0, 1.0, 0.0]","[-0.5, 0.5, 0.0]"
current_vs_2x_old,4399,33,"[0, 2, 1]","[""policy_current"", ""policy_old"", ""policy_old""]","[-1.0, 1.0, 0.0]","[-0.5, 0.5, 0.0]"
current_vs_2x_old,4400,33,"[1, 0, 2]","[""policy_old"", ""policy_current"", ""policy_old""]","[-2.0, 2.0, 0.0]","[-1.0, 1.0, 0.0]"
current_vs_2x_old,4401,33,"[1, 2, 0]","[""policy_old"", ""policy_old"", ""policy_current""]","[-2.0, 2.0, 0.0]","[-1.0, 1.0, 0.0]"
current_vs_2x_old,4402,33,"[2, 0, 1]","[""policy_old"", ""policy_current"", ""policy_old""]","[-2.0, 2.0, 0.0]","[-1.0, 1.0, 0.0]"
current_vs_2x_old,4403,33,"[2, 1, 0]","[""policy_old"", ""policy_old"", ""policy_current""]","[-2.0, 2.0, 0.0]","[-1.0, 1.0, 0.0]"
current_vs_2x_old,4404,34,"[0, 1, 2]","[""policy_current"", ""policy_old"", ""policy_old""]","[-1.0, 1.0, 0.0]","[-0.5, 0.5, 0.0]"
current_vs_2x_old,4405,34,"[0, 2, 1]","[""policy_current"", ""policy_old"", ""policy_old""]","[-1.0, 1.0, 0.0]","[-0.5, 0.5, 0.0]"
current_vs_2x_old,4406,34,"[1, 0, 2]","[""policy_old"", ""policy_current"", ""policy_old""]","[-1.0, 1.0, 0.0]","[-0.5, 0.5, 0.0]"
current_vs_2x_old,4407,34,"[1, 2, 0]","[""policy_old"", ""policy_old"", ""policy_current""]","[-1.0, 1.0, 0.0]","[-0.5, 0.5, 0.0]"
current_vs_2x_old,4408,34,"[2, 0, 1]","[""policy_old"", ""policy_current"", ""policy_old""]","[-1.0, 1.0, 0.0]","[-0.5, 0.5, 0.0]"
current_vs_2x_old,4409,34,"[2, 1, 0]","[""policy_old"", ""policy_old"", ""policy_current""]","[-1.0, 1.0, 0.0]","[-0.5, 0.5, 0.0]"
current_vs_2x_old,4410,35,"[0, 1, 2]","[""policy_current"", ""policy_old"", ""policy_old""]","[10.0, -2.0, -8.0]","[5.0, -1.0, -4.0]"
current_vs_2x_old,4411,35,"[0, 2, 1]","[""policy_current"", ""policy_old"", ""policy_old""]","[10.0, -2.0, -8.0]","[5.0, -1.0, -4.0]"
current_vs_2x_old,4412,35,"[1, 0, 2]","[""policy_old"", ""policy_current"", ""policy_old""]","[10.0, -2.0, -8.0]","[5.0, -1.0, -4.0]"
current_vs_2x_old,4413,35,"[1, 2, 0]","[""policy_old"", ""policy_old"", ""policy_current""]","[10.0, -2.0, -8.0]","[5.0, -1.0, -4.0]"
current_vs_2x_old,4414,35,"[2, 0, 1]","[""policy_old"", ""policy_current"", ""policy_old""]","[10.0, -2.0, -8.0]","[5.0, -1.0, -4.0]"
current_vs_2x_old,4415,35,"[2, 1, 0]","[""policy_old"", ""policy_old"", ""policy_current""]","[10.0, -2.0, -8.0]","[5.0, -1.0, -4.0]"
current_vs_2x_old,4416,36,"[0, 1, 2]","[""policy_current"", ""policy_old"", ""policy_old""]","[102.0, -2.0, -100.0]","[51.0, -1.0, -50.0]"
current_vs_2x_old,4417,36,"[0, 2, 1]","[""policy_current"", ""policy_old"", ""policy_old""]","[102.0, -2.0, -100.0]","[51.0, -1.0, -50.0]"
current_vs_2x_old,4418,36,"[1, 0, 2]","[""policy_old"", ""policy_current"", ""policy_old""]","[102.0, -2.0, -100.0]","[51.0, -1.0, -50.0]"
current_vs_2x_old,4419,36,"[1, 2, 0]","[""policy_old"", ""policy_old"", ""policy_current""]","[102.0, -2.0, -100.0]","[51.0, -1.0, -50.0]"
current_vs_2x_old,4420,36,"[2, 0, 1]","[""policy_old"", ""policy_current"", ""policy_old""]","[102.0, -2.0, -100.0]","[51.0, -1.0, -50.0]"
current_vs_2x_old,4421,36,"[2, 1, 0]","[""policy_old"", ""policy_old"", ""policy_current""]","[102.0, -2.0, -100.0]","[51.0, -1.0, -50.0]"
current_vs_2x_old,4422,37,"[0, 1, 2]","[""policy_current"", ""policy_old"", ""policy_old""]","[10.0, -2.0, -8.0]","[5.0, -1.0, -4.0]"
current_vs_2x_old,4423,37,"[0, 2, 1]","[""policy_current"", ""policy_old"", ""policy_old""]","[10.0, -2.0, -8.0]","[5.0, -1.0, -4.0]"
current_vs_2x_old,4424,37,"[1, 0, 2]","[""policy_old"", ""policy_current"", ""policy_old""]","[10.0, -2.0, -8.0]","[5.0, -1.0, -4.0]"
current_vs_2x_old,4425,37,"[1, 2, 0]","[""policy_old"", ""policy_old"", ""policy_current""]","[10.0, -2.0, -8.0]","[5.0, -1.0, -4.0]"
current_vs_2x_old,4426,37,"[2, 0, 1]","[""policy_old"", ""policy_current"", ""policy_old""]","[10.0, -2.0, -8.0]","[5.0, -1.0, -4.0]"
current_vs_2x_old,4427,37,"[2, 1, 0]","[""policy_old"", ""policy_old"", ""policy_current""]","[10.0, -2.0, -8.0]","[5.0, -1.0, -4.0]"
current_vs_2x_old,4428,38,"[0, 1, 2]","[""policy_current"", ""policy_old"", ""policy_old""]","[4.0, -2.0, -2.0]","[2.0, -1.0, -1.0]"
current_vs_2x_old,4429,38,"[0, 2, 1]","[""policy_current"", ""policy_old"", ""policy_old""]","[4.0, -2.0, -2.0]","[2.0, -1.0, -1.0]"
current_vs_2x_old,4430,38,"[1, 0, 2]","[""policy_old"", ""policy_current"", ""policy_old""]","[4.0, -2.0, -2.0]","[2.0, -1.0, -1.0]"
current_vs_2x_old,4431,38,"[1, 2, 0]","[""policy_old"", ""policy_old"", ""policy_current""]","[-100.0, -2.0, 102.0]","[-50.0, -1.0, 51.0]"
current_vs_2x_old,4432,38,"[2, 0, 1]","[""policy_old"", ""policy_current"", ""policy_old""]","[4.0, -2.0, -2.0]","[2.0, -1.0, -1.0]"
current_vs_2x_old,4433,38,"[2, 1, 0]","[""policy_old"", ""policy_old"", ""policy_current""]","[-100.0, -2.0, 102.0]","[-50.0, -1.0, 51.0]"
current_vs_2x_old,4434,39,"[0, 1, 2]","[""policy_current"", ""policy_old"", ""policy_old""]","[2.0, -2.0, 0.0]","[1.0, -1.0, 0.0]"
current_vs_2x_old,4435,39,"[0, 2, 1]","[""policy_current"", ""policy_old"", ""policy_old""]","[2.0, -2.0, 0.0]","[1.0, -1.0, 0.0]"
current_vs_2x_old,4436,39,"[1, 0, 2]","[""policy_old"", ""policy_current"", ""policy_old""]","[2.0, -2.0, 0.0]","[1.0, -1.0, 0.0]"
current_vs_2x_old,4437,39,"[1, 2, 0]","[""policy_old"", ""policy_old"", ""policy_current""]","[2.0, -2.0, 0.0]","[1.0, -1.0, 0.0]"
current_vs_2x_old,4438,39,"[2, 0, 1]","[""policy_old"", ""policy_current"", ""policy_old""]","[2.0, -2.0, 0.0]","[1.0, -1.0, 0.0]"
current_vs_2x_old,4439,39,"[2, 1, 0]","[""policy_old"", ""policy_old"", ""policy_current""]","[2.0, -2.0, 0.0]","[1.0, -1.0, 0.0]"
current_vs_2x_old,4440,40,"[0, 1, 2]","[""policy_current"", ""policy_old"", ""policy_old""]","[-1.0, 1.0, 0.0]","[-0.5, 0.5, 0.0]"
current_vs_2x_old,4441,40,"[0, 2, 1]","[""policy_current"", ""policy_old"", ""policy_old""]","[-1.0, 1.0, 0.0]","[-0.5, 0.5, 0.0]"
current_vs_2x_old,4442,40,"[1, 0, 2]","[""policy_old"", ""policy_current"", ""policy_old""]","[-1.0, 1.0, 0.0]","[-0.5, 0.5, 0.0]"
current_vs_2x_old,4443,40,"[1, 2, 0]","[""policy_old"", ""policy_old"", ""policy_current""]","[-1.0, 1.0, 0.0]","[-0.5, 0.5, 0.0]"
current_vs_2x_old,4444,40,"[2, 0, 1]","[""policy_old"", ""policy_current"", ""policy_old""]","[-1.0, 1.0, 0.0]","[-0.5, 0.5, 0.0]"
current_vs_2x_old,4445,40,"[2, 1, 0]","[""policy_old"", ""policy_old"", ""policy_current""]","[-1.0, 1.0, 0.0]","[-0.5, 0.5, 0.0]"
current_vs_2x_old,4446,41,"[0, 1, 2]","[""policy_current"", ""policy_old"", ""policy_old""]","[16.0, -2.0, -14.0]","[8.0, -1.0, -7.0]"
current_vs_2x_old,4447,41,"[0, 2, 1]","[""policy_current"", ""policy_old"", ""policy_old""]","[16.0, -2.0, -14.0]","[8.0, -1.0, -7.0]"
current_vs_2x_old,4448,41,"[1, 0, 2]","[""policy_old"", ""policy_current"", ""policy_old""]","[-100.0, -8.0, 108.0]","[-50.0, -4.0, 54.0]"
current_vs_2x_old,4449,41,"[1, 2, 0]","[""policy_old"", ""policy_old"", ""policy_current""]","[-100.0, -8.0, 108.0]","[-50.0, -4.0, 54.0]"
current_vs_2x_old,4450,41,"[2, 0, 1]","[""policy_old"", ""policy_current"", ""policy_old""]","[-100.0, -8.0, 108.0]","[-50.0, -4.0, 54.0]"
current_vs_2x_old,4451,41,"[2, 1, 0]","[""policy_old"", ""policy_old"", ""policy_current""]","[-100.0, -8.0, 108.0]","[-50.0, -4.0, 54.0]"
current_vs_2x_old,4452,42,"[0, 1, 2]","[""policy_current"", ""policy_old"", ""policy_old""]","[-1.0, -100.0, 101.0]","[-0.5, -50.0, 50.5]"
current_vs_2x_old,4453,42,"[0, 2, 1]","[""policy_current"", ""policy_old"", ""policy_old""]","[-1.0, -100.0, 101.0]","[-0.5, -50.0, 50.5]"
current_vs_2x_old,4454,42,"[1, 0, 2]","[""policy_old"", ""policy_current"", ""policy_old""]","[-1.0, -100.0, 101.0]","[-0.5, -50.0, 50.5]"
current_vs_2x_old,4455,42,"[1, 2, 0]","[""policy_old"", ""policy_old"", ""policy_current""]","[-1.0, -100.0, 101.0]","[-0.5, -50.0, 50.5]"
current_vs_2x_old,4456,42,"[2, 0, 1]","[""policy_old"", ""policy_current"", ""policy_old""]","[-1.0, -100.0, 101.0]","[-0.5, -50.0, 50.5]"
current_vs_2x_old,4457,42,"[2, 1, 0]","[""policy_old"", ""policy_old"", ""policy_current""]","[-1.0, -100.0, 101.0]","[-0.5, -50.0, 50.5]"
current_vs_2x_old,4458,43,"[0, 1, 2]","[""policy_current"", ""policy_old"", ""policy_old""]","[-1.0, 1.0, 0.0]","[-0.5, 0.5, 0.0]"
current_vs_2x_old,4459,43,"[0, 2, 1]","[""policy_current"", ""policy_old"", ""policy_old""]","[-1.0, 1.0, 0.0]","[-0.5, 0.5, 0.0]"
current_vs_2x_old,4460,43,"[1, 0, 2]","[""policy_old"", ""policy_current"", ""policy_old""]","[-1.0, 1.0, 0.0]","[-0.5, 0.5, 0.0]"
current_vs_2x_old,4461,43,"[1, 2, 0]","[""policy_old"", ""policy_old"", ""policy_current""]","[-1.0, 1.0, 0.0]","[-0.5, 0.5, 0.0]"
current_vs_2x_old,4462,43,"[2, 0, 1]","[""policy_old"", ""policy_current"", ""policy_old""]","[-1.0, 1.0, 0.0]","[-0.5, 0.5, 0.0]"
current_vs_2x_old,4463,43,"[2, 1, 0]","[""policy_old"", ""policy_old"", ""policy_current""]","[-1.0, 1.0, 0.0]","[-0.5, 0.5, 0.0]"
current_vs_2x_old,4464,44,"[0, 1, 2]","[""policy_current"", ""policy_old"", ""policy_old""]","[102.0, -100.0, -2.0]","[51.0, -50.0, -1.0]"
current_vs_2x_old,4465,44,"[0, 2, 1]","[""policy_current"", ""policy_old"", ""policy_old""]","[102.0, -100.0, -2.0]","[51.0, -50.0, -1.0]"
current_vs_2x_old,4466,44,"[1, 0, 2]","[""policy_old"", ""policy_current"", ""policy_old""]","[102.0, -100.0, -2.0]","[51.0, -50.0, -1.0]"
current_vs_2x_old,4467,44,"[1, 2, 0]","[""policy_old"", ""policy_old"", ""policy_current""]","[102.0, -100.0, -2.0]","[51.0, -50.0, -1.0]"
current_vs_2x_old,4468,44,"[2, 0, 1]","[""policy_old"", ""policy_current"", ""policy_old""]","[102.0, -100.0, -2.0]","[51.0, -50.0, -1.0]"
current_vs_2x_old,4469,44,"[2, 1, 0]","[""policy_old"", ""policy_old"", ""policy_current""]","[102.0, -100.0, -2.0]","[51.0, -50.0, -1.0]"
current_vs_2x_old,4470,45,"[0, 1, 2]","[""policy_current"", ""policy_old"", ""policy_old""]","[10.0, -2.0, -8.0]","[5.0, -1.0, -4.0]"
current_vs_2x_old,4471,45,"[0, 2, 1]","[""policy_current"", ""policy_old"", ""policy_old""]","[10.0, -2.0, -8.0]","[5.0, -1.0, -4.0]"
current_vs_2x_old,4472,45,"[1, 0, 2]","[""policy_old"", ""policy_current"", ""policy_old""]","[10.0, -2.0, -8.0]","[5.0, -1.0, -4.0]"
current_vs_2x_old,4473,45,"[1, 2, 0]","[""policy_old"", ""policy_old"", ""policy_current""]","[10.0, -2.0, -8.0]","[5.0, -1.0, -4.0]"
current_vs_2x_old,4474,45,"[2, 0, 1]","[""policy_old"", ""policy_current"", ""policy_old""]","[10.0, -2.0, -8.0]","[5.0, -1.0, -4.0]"
current_vs_2x_old,4475,45,"[2, 1, 0]","[""policy_old"", ""policy_old"", ""policy_current""]","[10.0, -2.0, -8.0]","[5.0, -1.0, -4.0]"
current_vs_2x_old,4476,46,"[0, 1, 2]","[""policy_current"", ""policy_old"", ""policy_old""]","[-1.0, -14.0, 15.0]","[-0.5, -7.0, 7.5]"
current_vs_2x_old,4477,46,"[0, 2, 1]","[""policy_current"", ""policy_old"", ""policy_old""]","[-1.0, -14.0, 15.0]","[-0.5, -7.0, 7.5]"
current_vs_2x_old,4478,46,"[1, 0, 2]","[""policy_old"", ""policy_current"", ""policy_old""]","[-1.0, -14.0, 15.0]","[-0.5, -7.0, 7.5]"
current_vs_2x_old,4479,46,"[1, 2, 0]","[""policy_old"", ""policy_old"", ""policy_current""]","[-1.0, -14.0, 15.0]","[-0.5, -7.0, 7.5]"
current_vs_2x_old,4480,46,"[2, 0, 1]","[""policy_old"", ""policy_current"", ""policy_old""]","[-1.0, -14.0, 15.0]","[-0.5, -7.0, 7.5]"
current_vs_2x_old,4481,46,"[2, 1, 0]","[""policy_old"", ""policy_old"", ""policy_current""]","[-1.0, -14.0, 15.0]","[-0.5, -7.0, 7.5]"
current_vs_2x_old,4482,47,"[0, 1, 2]","[""policy_current"", ""policy_old"", ""policy_old""]","[-1.0, 1.0, 0.0]","[-0.5, 0.5, 0.0]"
current_vs_2x_old,4483,47,"[0, 2, 1]","[""policy_current"", ""policy_old"", ""policy_old""]","[-1.0, 1.0, 0.0]","[-0.5, 0.5, 0.0]"
current_vs_2x_old,4484,47,"[1, 0, 2]","[""policy_old"", ""policy_current"", ""policy_old""]","[-1.0, 1.0, 0.0]","[-0.5, 0.5, 0.0]"
current_vs_2x_old,4485,47,"[1, 2, 0]","[""policy_old"", ""policy_old"", ""policy_current""]","[-1.0, 1.0, 0.0]","[-0.5, 0.5, 0.0]"
current_vs_2x_old,4486,47,"[2, 0, 1]","[""policy_old"", ""policy_current"", ""policy_old""]","[-1.0, 1.0, 0.0]","[-0.5, 0.5, 0.0]"
current_vs_2x_old,4487,47,"[2, 1, 0]","[""policy_old"", ""policy_old"", ""policy_current""]","[-1.0, 1.0, 0.0]","[-0.5, 0.5, 0.0]"
current_vs_2x_old,4488,48,"[0, 1, 2]","[""policy_current"", ""policy_old"", ""policy_old""]","[2.0, -2.0, 0.0]","[1.0, -1.0, 0.0]"
current_vs_2x_old,4489,48,"[0, 2, 1]","[""policy_current"", ""policy_old"", ""policy_old""]","[2.0, -2.0, 0.0]","[1.0, -1.0, 0.0]"
current_vs_2x_old,4490,48,"[1, 0, 2]","[""policy_old"", ""policy_current"", ""policy_old""]","[2.0, -2.0, 0.0]","[1.0, -1.0, 0.0]"
current_vs_2x_old,4491,48,"[1, 2, 0]","[""policy_old"", ""policy_old"", ""policy_current""]","[2.0, -2.0, 0.0]","[1.0, -1.0, 0.0]"
current_vs_2x_old,4492,48,"[2, 0, 1]","[""policy_old"", ""policy_current"", ""policy_old""]","[2.0, -2.0, 0.0]","[1.0, -1.0, 0.0]"
current_vs_2x_old,4493,48,"[2, 1, 0]","[""policy_old"", ""policy_old"", ""policy_current""]","[2.0, -2.0, 0.0]","[1.0, -1.0, 0.0]"
current_vs_2x_old,4494,49,"[0, 1, 2]","[""policy_current"", ""policy_old"", ""policy_old""]","[-1.0, 1.0, 0.0]","[-0.5, 0.5, 0.0]"
current_vs_2x_old,4495,49,"[0, 2, 1]","[""policy_current"", ""policy_old"", ""policy_old""]","[-1.0, 1.0, 0.0]","[-0.5, 0.5, 0.0]"
current_vs_2x_old,4496,49,"[1, 0, 2]","[""policy_old"", ""policy_current"", ""policy_old""]","[-1.0, 1.0, 0.0]","[-0.5, 0.5, 0.0]"
current_vs_2x_old,4497,49,"[1, 2, 0]","[""policy_old"", ""policy_old"", ""policy_current""]","[-1.0, 1.0, 0.0]","[-0.5, 0.5, 0.0]"
current_vs_2x_old,4498,49,"[2, 0, 1]","[""policy_old"", ""policy_current"", ""policy_old""]","[-1.0, 1.0, 0.0]","[-0.5, 0.5, 0.0]"
current_vs_2x_old,4499,49,"[2, 1, 0]","[""policy_old"", ""policy_old"", ""policy_current""]","[-1.0, 1.0, 0.0]","[-0.5, 0.5, 0.0]"
current_vs_2x_old,4500,50,"[0, 1, 2]","[""policy_current"", ""policy_old"", ""policy_old""]","[-1.0, 1.0, 0.0]","[-0.5, 0.5, 0.0]"
current_vs_2x_old,4501,50,"[0, 2, 1]","[""policy_current"", ""policy_old"", ""policy_old""]","[-1.0, 1.0, 0.0]","[-0.5, 0.5, 0.0]"
current_vs_2x_old,4502,50,"[1, 0, 2]","[""policy_old"", ""policy_current"", ""policy_old""]","[-1.0, 1.0, 0.0]","[-0.5, 0.5, 0.0]"
current_vs_2x_old,4503,50,"[1, 2, 0]","[""policy_old"", ""policy_old"", ""policy_current""]","[-1.0, 1.0, 0.0]","[-0.5, 0.5, 0.0]"
current_vs_2x_old,4504,50,"[2, 0, 1]","[""policy_old"", ""policy_current"", ""policy_old""]","[-1.0, 1.0, 0.0]","[-0.5, 0.5, 0.0]"
current_vs_2x_old,4505,50,"[2, 1, 0]","[""policy_old"", ""policy_old"", ""policy_current""]","[-1.0, 1.0, 0.0]","[-0.5, 0.5, 0.0]"
current_vs_2x_old,4506,51,"[0, 1, 2]","[""policy_current"", ""policy_old"", ""policy_old""]","[-100.0, 200.0, -100.0]","[-50.0, 100.0, -50.0]"
current_vs_2x_old,4507,51,"[0, 2, 1]","[""policy_current"", ""policy_old"", ""policy_old""]","[-100.0, 200.0, -100.0]","[-50.0, 100.0, -50.0]"
current_vs_2x_old,4508,51,"[1, 0, 2]","[""policy_old"", ""policy_current"", ""policy_old""]","[-100.0, 200.0, -100.0]","[-50.0, 100.0, -50.0]"
current_vs_2x_old,4509,51,"[1, 2, 0]","[""policy_old"", ""policy_old"", ""policy_current""]","[-100.0, 200.0, -100.0]","[-50.0, 100.0, -50.0]"
current_vs_2x_old,4510,51,"[2, 0, 1]","[""policy_old"", ""policy_current"", ""policy_old""]","[-100.0, 200.0, -100.0]","[-50.0, 100.0, -50.0]"
current_vs_2x_old,4511,51,"[2, 1, 0]","[""policy_old"", ""policy_old"", ""policy_current""]","[-100.0, 200.0, -100.0]","[-50.0, 100.0, -50.0]"
current_vs_2x_old,4512,52,"[0, 1, 2]","[""policy_current"", ""policy_old"", ""policy_old""]","[102.0, -2.0, -100.0]","[51.0, -1.0, -50.0]"
current_vs_2x_old,4513,52,"[0, 2, 1]","[""policy_current"", ""policy_old"", ""policy_old""]","[102.0, -2.0, -100.0]","[51.0, -1.0, -50.0]"
current_vs_2x_old,4514,52,"[1, 0, 2]","[""policy_old"", ""policy_current"", ""policy_old""]","[102.0, -2.0, -100.0]","[51.0, -1.0, -50.0]"
current_vs_2x_old,4515,52,"[1, 2, 0]","[""policy_old"", ""policy_old"", ""policy_current""]","[102.0, -2.0, -100.0]","[51.0, -1.0, -50.0]"
current_vs_2x_old,4516,52,"[2, 0, 1]","[""policy_old"", ""policy_current"", ""policy_old""]","[102.0, -2.0, -100.0]","[51.0, -1.0, -50.0]"
current_vs_2x_old,4517,52,"[2, 1, 0]","[""policy_old"", ""policy_old"", ""policy_current""]","[102.0, -2.0, -100.0]","[51.0, -1.0, -50.0]"
current_vs_2x_old,4518,53,"[0, 1, 2]","[""policy_current"", ""policy_old"", ""policy_old""]","[-2.0, -8.0, 10.0]","[-1.0, -4.0, 5.0]"
current_vs_2x_old,4519,53,"[0, 2, 1]","[""policy_current"", ""policy_old"", ""policy_old""]","[-2.0, -8.0, 10.0]","[-1.0, -4.0, 5.0]"
current_vs_2x_old,4520,53,"[1, 0, 2]","[""policy_old"", ""policy_current"", ""policy_old""]","[-2.0, -8.0, 10.0]","[-1.0, -4.0, 5.0]"
current_vs_2x_old,4521,53,"[1, 2, 0]","[""policy_old"", ""policy_old"", ""policy_current""]","[-1.0, 1.0, 0.0]","[-0.5, 0.5, 0.0]"
current_vs_2x_old,4522,53,"[2, 0, 1]","[""policy_old"", ""policy_current"", ""policy_old""]","[-2.0, -8.0, 10.0]","[-1.0, -4.0, 5.0]"
current_vs_2x_old,4523,53,"[2, 1, 0]","[""policy_old"", ""policy_old"", ""policy_current""]","[-1.0, 1.0, 0.0]","[-0.5, 0.5, 0.0]"
current_vs_2x_old,4524,54,"[0, 1, 2]","[""policy_current"", ""policy_old"", ""policy_old""]","[-100.0, 200.0, -100.0]","[-50.0, 100.0, -50.0]"
current_vs_2x_old,4525,54,"[0, 2, 1]","[""policy_current"", ""policy_old"", ""policy_old""]","[-100.0, 200.0, -100.0]","[-50.0, 100.0, -50.0]"
current_vs_2x_old,4526,54,"[1, 0, 2]","[""policy_old"", ""policy_current"", ""policy_old""]","[-100.0, 200.0, -100.0]","[-50.0, 100.0, -50.0]"
current_vs_2x_old,4527,54,"[1, 2, 0]","[""policy_old"", ""policy_old"", ""policy_current""]","[-100.0, 200.0, -100.0]","[-50.0, 100.0, -50.0]"
current_vs_2x_old,4528,54,"[2, 0, 1]","[""policy_old"", ""policy_current"", ""policy_old""]","[-100.0, 200.0, -100.0]","[-50.0, 100.0, -50.0]"
current_vs_2x_old,4529,54,"[2, 1, 0]","[""policy_old"", ""policy_old"", ""policy_current""]","[-100.0, 200.0, -100.0]","[-50.0, 100.0, -50.0]"
current_vs_2x_old,4530,55,"[0, 1, 2]","[""policy_current"", ""policy_old"", ""policy_old""]","[-8.0, -100.0, 108.0]","[-4.0, -50.0, 54.0]"
current_vs_2x_old,4531,55,"[0, 2, 1]","[""policy_current"", ""policy_old"", ""policy_old""]","[-8.0, -100.0, 108.0]","[-4.0, -50.0, 54.0]"
current_vs_2x_old,4532,55,"[1, 0, 2]","[""policy_old"", ""policy_current"", ""policy_old""]","[-1.0, -100.0, 101.0]","[-0.5, -50.0, 50.5]"
current_vs_2x_old,4533,55,"[1, 2, 0]","[""policy_old"", ""policy_old"", ""policy_current""]","[-1.0, -100.0, 101.0]","[-0.5, -50.0, 50.5]"
current_vs_2x_old,4534,55,"[2, 0, 1]","[""policy_old"", ""policy_current"", ""policy_old""]","[-1.0, -100.0, 101.0]","[-0.5, -50.0, 50.5]"
current_vs_2x_old,4535,55,"[2, 1, 0]","[""policy_old"", ""policy_old"", ""policy_current""]","[-1.0, -100.0, 101.0]","[-0.5, -50.0, 50.5]"
current_vs_2x_old,4536,56,"[0, 1, 2]","[""policy_current"", ""policy_old"", ""policy_old""]","[-1.0, 1.0, 0.0]","[-0.5, 0.5, 0.0]"
current_vs_2x_old,4537,56,"[0, 2, 1]","[""policy_current"", ""policy_old"", ""policy_old""]","[-1.0, 1.0, 0.0]","[-0.5, 0.5, 0.0]"
current_vs_2x_old,4538,56,"[1, 0, 2]","[""policy_old"", ""policy_current"", ""policy_old""]","[-1.0, 1.0, 0.0]","[-0.5, 0.5, 0.0]"
current_vs_2x_old,4539,56,"[1, 2, 0]","[""policy_old"", ""policy_old"", ""policy_current""]","[-1.0, 1.0, 0.0]","[-0.5, 0.5, 0.0]"
current_vs_2x_old,4540,56,"[2, 0, 1]","[""policy_old"", ""policy_current"", ""policy_old""]","[-1.0, 1.0, 0.0]","[-0.5, 0.5, 0.0]"
current_vs_2x_old,4541,56,"[2, 1, 0]","[""policy_old"", ""policy_old"", ""policy_current""]","[-1.0, 1.0, 0.0]","[-0.5, 0.5, 0.0]"
current_vs_2x_old,4542,57,"[0, 1, 2]","[""policy_current"", ""policy_old"", ""policy_old""]","[-1.0, 3.0, -2.0]","[-0.5, 1.5, -1.0]"
current_vs_2x_old,4543,57,"[0, 2, 1]","[""policy_current"", ""policy_old"", ""policy_old""]","[-1.0, 3.0, -2.0]","[-0.5, 1.5, -1.0]"
current_vs_2x_old,4544,57,"[1, 0, 2]","[""policy_old"", ""policy_current"", ""policy_old""]","[-1.0, 3.0, -2.0]","[-0.5, 1.5, -1.0]"
current_vs_2x_old,4545,57,"[1, 2, 0]","[""policy_old"", ""policy_old"", ""policy_current""]","[-1.0, 3.0, -2.0]","[-0.5, 1.5, -1.0]"
current_vs_2x_old,4546,57,"[2, 0, 1]","[""policy_old"", ""policy_current"", ""policy_old""]","[-1.0, 3.0, -2.0]","[-0.5, 1.5, -1.0]"
current_vs_2x_old,4547,57,"[2, 1, 0]","[""policy_old"", ""policy_old"", ""policy_current""]","[-1.0, 3.0, -2.0]","[-0.5, 1.5, -1.0]"
current_vs_2x_old,4548,58,"[0, 1, 2]","[""policy_current"", ""policy_old"", ""policy_old""]","[-100.0, -2.0, 102.0]","[-50.0, -1.0, 51.0]"
current_vs_2x_old,4549,58,"[0, 2, 1]","[""policy_current"", ""policy_old"", ""policy_old""]","[-100.0, -2.0, 102.0]","[-50.0, -1.0, 51.0]"
current_vs_2x_old,4550,58,"[1, 0, 2]","[""policy_old"", ""policy_current"", ""policy_old""]","[-8.0, 22.0, -14.0]","[-4.0, 11.0, -7.0]"
current_vs_2x_old,4551,58,"[1, 2, 0]","[""policy_old"", ""policy_old"", ""policy_current""]","[-8.0, 22.0, -14.0]","[-4.0, 11.0, -7.0]"
current_vs_2x_old,4552,58,"[2, 0, 1]","[""policy_old"", ""policy_current"", ""policy_old""]","[-8.0, 22.0, -14.0]","[-4.0, 11.0, -7.0]"
current_vs_2x_old,4553,58,"[2, 1, 0]","[""policy_old"", ""policy_old"", ""policy_current""]","[-8.0, 22.0, -14.0]","[-4.0, 11.0, -7.0]"
current_vs_2x_old,4554,59,"[0, 1, 2]","[""policy_current"", ""policy_old"", ""policy_old""]","[-1.0, 1.0, 0.0]","[-0.5, 0.5, 0.0]"
current_vs_2x_old,4555,59,"[0, 2, 1]","[""policy_current"", ""policy_old"", ""policy_old""]","[-1.0, 1.0, 0.0]","[-0.5, 0.5, 0.0]"
current_vs_2x_old,4556,59,"[1, 0, 2]","[""policy_old"", ""policy_current"", ""policy_old""]","[-1.0, 1.0, 0.0]","[-0.5, 0.5, 0.0]"
current_vs_2x_old,4557,59,"[1, 2, 0]","[""policy_old"", ""policy_old"", ""policy_current""]","[-1.0, 1.0, 0.0]","[-0.5, 0.5, 0.0]"
current_vs_2x_old,4558,59,"[2, 0, 1]","[""policy_old"", ""policy_current"", ""policy_old""]","[-1.0, 1.0, 0.0]","[-0.5, 0.5, 0.0]"
current_vs_2x_old,4559,59,"[2, 1, 0]","[""policy_old"", ""policy_old"", ""policy_current""]","[-1.0, 1.0, 0.0]","[-0.5, 0.5, 0.0]"
current_vs_2x_old,4560,60,"[0, 1, 2]","[""policy_current"", ""policy_old"", ""policy_old""]","[2.0, -2.0, 0.0]","[1.0, -1.0, 0.0]"
current_vs_2x_old,4561,60,"[0, 2, 1]","[""policy_current"", ""policy_old"", ""policy_old""]","[2.0, -2.0, 0.0]","[1.0, -1.0, 0.0]"
current_vs_2x_old,4562,60,"[1, 0, 2]","[""policy_old"", ""policy_current"", ""policy_old""]","[2.0, -2.0, 0.0]","[1.0, -1.0, 0.0]"
current_vs_2x_old,4563,60,"[1, 2, 0]","[""policy_old"", ""policy_old"", ""policy_current""]","[2.0, -2.0, 0.0]","[1.0, -1.0, 0.0]"
current_vs_2x_old,4564,60,"[2, 0, 1]","[""policy_old"", ""policy_current"", ""policy_old""]","[2.0, -2.0, 0.0]","[1.0, -1.0, 0.0]"
current_vs_2x_old,4565,60,"[2, 1, 0]","[""policy_old"", ""policy_old"", ""policy_current""]","[2.0, -2.0, 0.0]","[1.0, -1.0, 0.0]"
current_vs_2x_old,4566,61,"[0, 1, 2]","[""policy_current"", ""policy_old"", ""policy_old""]","[-2.0, 4.0, -2.0]","[-1.0, 2.0, -1.0]"
current_vs_2x_old,4567,61,"[0, 2, 1]","[""policy_current"", ""policy_old"", ""policy_old""]","[-2.0, 4.0, -2.0]","[-1.0, 2.0, -1.0]"
current_vs_2x_old,4568,61,"[1, 0, 2]","[""policy_old"", ""policy_current"", ""policy_old""]","[-2.0, 4.0, -2.0]","[-1.0, 2.0, -1.0]"
current_vs_2x_old,4569,61,"[1, 2, 0]","[""policy_old"", ""policy_old"", ""policy_current""]","[-2.0, 2.0, 0.0]","[-1.0, 1.0, 0.0]"
current_vs_2x_old,4570,61,"[2, 0, 1]","[""policy_old"", ""policy_current"", ""policy_old""]","[-2.0, 4.0, -2.0]","[-1.0, 2.0, -1.0]"
current_vs_2x_old,4571,61,"[2, 1, 0]","[""policy_old"", ""policy_old"", ""policy_current""]","[-2.0, 2.0, 0.0]","[-1.0, 1.0, 0.0]"
current_vs_2x_old,4572,62,"[0, 1, 2]","[""policy_current"", ""policy_old"", ""policy_old""]","[-1.0, 1.0, 0.0]","[-0.5, 0.5, 0.0]"
current_vs_2x_old,4573,62,"[0, 2, 1]","[""policy_current"", ""policy_old"", ""policy_old""]","[-1.0, 1.0, 0.0]","[-0.5, 0.5, 0.0]"
current_vs_2x_old,4574,62,"[1, 0, 2]","[""policy_old"", ""policy_current"", ""policy_old""]","[-1.0, 1.0, 0.0]","[-0.5, 0.5, 0.0]"
current_vs_2x_old,4575,62,"[1, 2, 0]","[""policy_old"", ""policy_old"", ""policy_current""]","[-1.0, 1.0, 0.0]","[-0.5, 0.5, 0.0]"
current_vs_2x_old,4576,62,"[2, 0, 1]","[""policy_old"", ""policy_current"", ""policy_old""]","[-1.0, 1.0, 0.0]","[-0.5, 0.5, 0.0]"
current_vs_2x_old,4577,62,"[2, 1, 0]","[""policy_old"", ""policy_old"", ""policy_current""]","[-1.0, 1.0, 0.0]","[-0.5, 0.5, 0.0]"
current_vs_2x_old,4578,63,"[0, 1, 2]","[""policy_current"", ""policy_old"", ""policy_old""]","[-1.0, -2.0, 3.0]","[-0.5, -1.0, 1.5]"
current_vs_2x_old,4579,63,"[0, 2, 1]","[""policy_current"", ""policy_old"", ""policy_old""]","[-1.0, -2.0, 3.0]","[-0.5, -1.0, 1.5]"
current_vs_2x_old,4580,63,"[1, 0, 2]","[""policy_old"", ""policy_current"", ""policy_old""]","[-1.0, -2.0, 3.0]","[-0.5, -1.0, 1.5]"
current_vs_2x_old,4581,63,"[1, 2, 0]","[""policy_old"", ""policy_old"", ""policy_current""]","[-1.0, -2.0, 3.0]","[-0.5, -1.0, 1.5]"
current_vs_2x_old,4582,63,"[2, 0, 1]","[""policy_old"", ""policy_current"", ""policy_old""]","[-1.0, -2.0, 3.0]","[-0.5, -1.0, 1.5]"
current_vs_2x_old,4583,63,"[2, 1, 0]","[""policy_old"", ""policy_old"", ""policy_current""]","[-1.0, -2.0, 3.0]","[-0.5, -1.0, 1.5]"
current_vs_2x_old,4584,64,"[0, 1, 2]","[""policy_current"", ""policy_old"", ""policy_old""]","[-100.0, -2.0, 102.0]","[-50.0, -1.0, 51.0]"
current_vs_2x_old,4585,64,"[0, 2, 1]","[""policy_current"", ""policy_old"", ""policy_old""]","[-100.0, -2.0, 102.0]","[-50.0, -1.0, 51.0]"
current_vs_2x_old,4586,64,"[1, 0, 2]","[""policy_old"", ""policy_current"", ""policy_old""]","[-100.0, -2.0, 102.0]","[-50.0, -1.0, 51.0]"
current_vs_2x_old,4587,64,"[1, 2, 0]","[""policy_old"", ""policy_old"", ""policy_current""]","[-100.0, -2.0, 102.0]","[-50.0, -1.0, 51.0]"
current_vs_2x_old,4588,64,"[2, 0, 1]","[""policy_old"", ""policy_current"", ""policy_old""]","[-100.0, -2.0, 102.0]","[-50.0, -1.0, 51.0]"
current_vs_2x_old,4589,64,"[2, 1, 0]","[""policy_old"", ""policy_old"", ""policy_current""]","[-100.0, -2.0, 102.0]","[-50.0, -1.0, 51.0]"
current_vs_2x_old,4590,65,"[0, 1, 2]","[""policy_current"", ""policy_old"", ""policy_old""]","[-8.0, 8.0, 0.0]","[-4.0, 4.0, 0.0]"
current_vs_2x_old,4591,65,"[0, 2, 1]","[""policy_current"", ""policy_old"", ""policy_old""]","[-8.0, 8.0, 0.0]","[-4.0, 4.0, 0.0]"
current_vs_2x_old,4592,65,"[1, 0, 2]","[""policy_old"", ""policy_current"", ""policy_old""]","[-8.0, 8.0, 0.0]","[-4.0, 4.0, 0.0]"
current_vs_2x_old,4593,65,"[1, 2, 0]","[""policy_old"", ""policy_old"", ""policy_current""]","[-8.0, 8.0, 0.0]","[-4.0, 4.0, 0.0]"
current_vs_2x_old,4594,65,"[2, 0, 1]","[""policy_old"", ""policy_current"", ""policy_old""]","[-8.0, 8.0, 0.0]","[-4.0, 4.0, 0.0]"
current_vs_2x_old,4595,65,"[2, 1, 0]","[""policy_old"", ""policy_old"", ""policy_current""]","[-8.0, 8.0, 0.0]","[-4.0, 4.0, 0.0]"
current_vs_2x_old,4596,66,"[0, 1, 2]","[""policy_current"", ""policy_old"", ""policy_old""]","[-1.0, 21.0, -20.0]","[-0.5, 10.5, -10.0]"
current_vs_2x_old,4597,66,"[0, 2, 1]","[""policy_current"", ""policy_old"", ""policy_old""]","[-1.0, 21.0, -20.0]","[-0.5, 10.5, -10.0]"
current_vs_2x_old,4598,66,"[1, 0, 2]","[""policy_old"", ""policy_current"", ""policy_old""]","[-1.0, 21.0, -20.0]","[-0.5, 10.5, -10.0]"
current_vs_2x_old,4599,66,"[1, 2, 0]","[""policy_old"", ""policy_old"", ""policy_current""]","[-1.0, 21.0, -20.0]","[-0.5, 10.5, -10.0]"
current_vs_2x_old,4600,66,"[2, 0, 1]","[""policy_old"", ""policy_current"", ""policy_old""]","[-1.0, 21.0, -20.0]","[-0.5, 10.5, -10.0]"
current_vs_2x_old,4601,66,"[2, 1, 0]","[""policy_old"", ""policy_old"", ""policy_current""]","[-1.0, 21.0, -20.0]","[-0.5, 10.5, -10.0]"
current_vs_2x_old,4602,67,"[0, 1, 2]","[""policy_current"", ""policy_old"", ""policy_old""]","[-1.0, 101.0, -100.0]","[-0.5, 50.5, -50.0]"
current_vs_2x_old,4603,67,"[0, 2, 1]","[""policy_current"", ""policy_old"", ""policy_old""]","[-1.0, 101.0, -100.0]","[-0.5, 50.5, -50.0]"
current_vs_2x_old,4604,67,"[1, 0, 2]","[""policy_old"", ""policy_current"", ""policy_old""]","[-1.0, 101.0, -100.0]","[-0.5, 50.5, -50.0]"
current_vs_2x_old,4605,67,"[1, 2, 0]","[""policy_old"", ""policy_old"", ""policy_current""]","[-1.0, 101.0, -100.0]","[-0.5, 50.5, -50.0]"
current_vs_2x_old,4606,67,"[2, 0, 1]","[""policy_old"", ""policy_current"", ""policy_old""]","[-1.0, 101.0, -100.0]","[-0.5, 50.5, -50.0]"
current_vs_2x_old,4607,67,"[2, 1, 0]","[""policy_old"", ""policy_old"", ""policy_current""]","[-1.0, 101.0, -100.0]","[-0.5, 50.5, -50.0]"
current_vs_2x_old,4608,68,"[0, 1, 2]","[""policy_current"", ""policy_old"", ""policy_old""]","[34.0, -20.0, -14.0]","[17.0, -10.0, -7.0]"
current_vs_2x_old,4609,68,"[0, 2, 1]","[""policy_current"", ""policy_old"", ""policy_old""]","[34.0, -20.0, -14.0]","[17.0, -10.0, -7.0]"
current_vs_2x_old,4610,68,"[1, 0, 2]","[""policy_old"", ""policy_current"", ""policy_old""]","[34.0, -20.0, -14.0]","[17.0, -10.0, -7.0]"
current_vs_2x_old,4611,68,"[1, 2, 0]","[""policy_old"", ""policy_old"", ""policy_current""]","[34.0, -20.0, -14.0]","[17.0, -10.0, -7.0]"
current_vs_2x_old,4612,68,"[2, 0, 1]","[""policy_old"", ""policy_current"", ""policy_old""]","[34.0, -20.0, -14.0]","[17.0, -10.0, -7.0]"
current_vs_2x_old,4613,68,"[2, 1, 0]","[""policy_old"", ""policy_old"", ""policy_current""]","[34.0, -20.0, -14.0]","[17.0, -10.0, -7.0]"
current_vs_2x_old,4614,69,"[0, 1, 2]","[""policy_current"", ""policy_old"", ""policy_old""]","[-1.0, 1.0, 0.0]","[-0.5, 0.5, 0.0]"
current_vs_2x_old,4615,69,"[0, 2, 1]","[""policy_current"", ""policy_old"", ""policy_old""]","[-1.0, 1.0, 0.0]","[-0.5, 0.5, 0.0]"
current_vs_2x_old,4616,69,"[1, 0, 2]","[""policy_old"", ""policy_current"", ""policy_old""]","[-1.0, 1.0, 0.0]","[-0.5, 0.5, 0.0]"
current_vs_2x_old,4617,69,"[1, 2, 0]","[""policy_old"", ""policy_old"", ""policy_current""]","[-1.0, 1.0, 0.0]","[-0.5, 0.5, 0.0]"
current_vs_2x_old,4618,69,"[2, 0, 1]","[""policy_old"", ""policy_current"", ""policy_old""]","[-1.0, 1.0, 0.0]","[-0.5, 0.5, 0.0]"
current_vs_2x_old,4619,69,"[2, 1, 0]","[""policy_old"", ""policy_old"", ""policy_current""]","[-1.0, 1.0, 0.0]","[-0.5, 0.5, 0.0]"
current_vs_2x_old,4620,70,"[0, 1, 2]","[""policy_current"", ""policy_old"", ""policy_old""]","[-1.0, -2.0, 3.0]","[-0.5, -1.0, 1.5]"
current_vs_2x_old,4621,70,"[0, 2, 1]","[""policy_current"", ""policy_old"", ""policy_old""]","[-1.0, -2.0, 3.0]","[-0.5, -1.0, 1.5]"
current_vs_2x_old,4622,70,"[1, 0, 2]","[""policy_old"", ""policy_current"", ""policy_old""]","[-1.0, -2.0, 3.0]","[-0.5, -1.0, 1.5]"
current_vs_2x_old,4623,70,"[1, 2, 0]","[""policy_old"", ""policy_old"", ""policy_current""]","[-1.0, -2.0, 3.0]","[-0.5, -1.0, 1.5]"
current_vs_2x_old,4624,70,"[2, 0, 1]","[""policy_old"", ""policy_current"", ""policy_old""]","[-1.0, -2.0, 3.0]","[-0.5, -1.0, 1.5]"
current_vs_2x_old,4625,70,"[2, 1, 0]","[""policy_old"", ""policy_old"", ""policy_current""]","[-1.0, -2.0, 3.0]","[-0.5, -1.0, 1.5]"
current_vs_2x_old,4626,71,"[0, 1, 2]","[""policy_current"", ""policy_old"", ""policy_old""]","[16.0, -8.0, -8.0]","[8.0, -4.0, -4.0]"
current_vs_2x_old,4627,71,"[0, 2, 1]","[""policy_current"", ""policy_old"", ""policy_old""]","[16.0, -8.0, -8.0]","[8.0, -4.0, -4.0]"
current_vs_2x_old,4628,71,"[1, 0, 2]","[""policy_old"", ""policy_current"", ""policy_old""]","[16.0, -8.0, -8.0]","[8.0, -4.0, -4.0]"
current_vs_2x_old,4629,71,"[1, 2, 0]","[""policy_old"", ""policy_old"", ""policy_current""]","[4.0, -2.0, -2.0]","[2.0, -1.0, -1.0]"
current_vs_2x_old,4630,71,"[2, 0, 1]","[""policy_old"", ""policy_current"", ""policy_old""]","[16.0, -8.0, -8.0]","[8.0, -4.0, -4.0]"
current_vs_2x_old,4631,71,"[2, 1, 0]","[""policy_old"", ""policy_old"", ""policy_current""]","[4.0, -2.0, -2.0]","[2.0, -1.0, -1.0]"
current_vs_2x_old,4632,72,"[0, 1, 2]","[""policy_current"", ""policy_old"", ""policy_old""]","[-1.0, 1.0, 0.0]","[-0.5, 0.5, 0.0]"
current_vs_2x_old,4633,72,"[0, 2, 1]","[""policy_current"", ""policy_old"", ""policy_old""]","[-1.0, 1.0, 0.0]","[-0.5, 0.5, 0.0]"
current_vs_2x_old,4634,72,"[1, 0, 2]","[""policy_old"", ""policy_current"", ""policy_old""]","[-1.0, 1.0, 0.0]","[-0.5, 0.5, 0.0]"
current_vs_2x_old,4635,72,"[1, 2, 0]","[""policy_old"", ""policy_old"", ""policy_current""]","[-1.0, 1.0, 0.0]","[-0.5, 0.5, 0.0]"
current_vs_2x_old,4636,72,"[2, 0, 1]","[""policy_old"", ""policy_current"", ""policy_old""]","[-1.0, 1.0, 0.0]","[-0.5, 0.5, 0.0]"
current_vs_2x_old,4637,72,"[2, 1, 0]","[""policy_old"", ""policy_old"", ""policy_current""]","[-1.0, 1.0, 0.0]","[-0.5, 0.5, 0.0]"
current_vs_2x_old,4638,73,"[0, 1, 2]","[""policy_current"", ""policy_old"", ""policy_old""]","[-1.0, 3.0, -2.0]","[-0.5, 1.5, -1.0]"
current_vs_2x_old,4639,73,"[0, 2, 1]","[""policy_current"", ""policy_old"", ""policy_old""]","[-1.0, 3.0, -2.0]","[-0.5, 1.5, -1.0]"
current_vs_2x_old,4640,73,"[1, 0, 2]","[""policy_old"", ""policy_current"", ""policy_old""]","[-1.0, 3.0, -2.0]","[-0.5, 1.5, -1.0]"
current_vs_2x_old,4641,73,"[1, 2, 0]","[""policy_old"", ""policy_old"", ""policy_current""]","[-1.0, 3.0, -2.0]","[-0.5, 1.5, -1.0]"
current_vs_2x_old,4642,73,"[2, 0, 1]","[""policy_old"", ""policy_current"", ""policy_old""]","[-1.0, 3.0, -2.0]","[-0.5, 1.5, -1.0]"
current_vs_2x_old,4643,73,"[2, 1, 0]","[""policy_old"", ""policy_old"", ""policy_current""]","[-1.0, 3.0, -2.0]","[-0.5, 1.5, -1.0]"
current_vs_2x_old,4644,74,"[0, 1, 2]","[""policy_current"", ""policy_old"", ""policy_old""]","[-1.0, 9.0, -8.0]","[-0.5, 4.5, -4.0]"
current_vs_2x_old,4645,74,"[0, 2, 1]","[""policy_current"", ""policy_old"", ""policy_old""]","[-1.0, 9.0, -8.0]","[-0.5, 4.5, -4.0]"
current_vs_2x_old,4646,74,"[1, 0, 2]","[""policy_old"", ""policy_current"", ""policy_old""]","[-1.0, 9.0, -8.0]","[-0.5, 4.5, -4.0]"
current_vs_2x_old,4647,74,"[1, 2, 0]","[""policy_old"", ""policy_old"", ""policy_current""]","[-1.0, 9.0, -8.0]","[-0.5, 4.5, -4.0]"
current_vs_2x_old,4648,74,"[2, 0, 1]","[""policy_old"", ""policy_current"", ""policy_old""]","[-1.0, 9.0, -8.0]","[-0.5, 4.5, -4.0]"
current_vs_2x_old,4649,74,"[2, 1, 0]","[""policy_old"", ""policy_old"", ""policy_current""]","[-1.0, 9.0, -8.0]","[-0.5, 4.5, -4.0]"
current_vs_2x_old,4650,75,"[0, 1, 2]","[""policy_current"", ""policy_old"", ""policy_old""]","[-1.0, -2.0, 3.0]","[-0.5, -1.0, 1.5]"
current_vs_2x_old,4651,75,"[0, 2, 1]","[""policy_current"", ""policy_old"", ""policy_old""]","[-1.0, -2.0, 3.0]","[-0.5, -1.0, 1.5]"
current_vs_2x_old,4652,75,"[1, 0, 2]","[""policy_old"", ""policy_current"", ""policy_old""]","[-1.0, -2.0, 3.0]","[-0.5, -1.0, 1.5]"
current_vs_2x_old,4653,75,"[1, 2, 0]","[""policy_old"", ""policy_old"", ""policy_current""]","[-1.0, -2.0, 3.0]","[-0.5, -1.0, 1.5]"
current_vs_2x_old,4654,75,"[2, 0, 1]","[""policy_old"", ""policy_current"", ""policy_old""]","[-1.0, -2.0, 3.0]","[-0.5, -1.0, 1.5]"
current_vs_2x_old,4655,75,"[2, 1, 0]","[""policy_old"", ""policy_old"", ""policy_current""]","[-1.0, -2.0, 3.0]","[-0.5, -1.0, 1.5]"
current_vs_2x_old,4656,76,"[0, 1, 2]","[""policy_current"", ""policy_old"", ""policy_old""]","[-100.0, 100.0, 0.0]","[-50.0, 50.0, 0.0]"
current_vs_2x_old,4657,76,"[0, 2, 1]","[""policy_current"", ""policy_old"", ""policy_old""]","[-100.0, 100.0, 0.0]","[-50.0, 50.0, 0.0]"
current_vs_2x_old,4658,76,"[1, 0, 2]","[""policy_old"", ""policy_current"", ""policy_old""]","[2.0, -2.0, 0.0]","[1.0, -1.0, 0.0]"
current_vs_2x_old,4659,76,"[1, 2, 0]","[""policy_old"", ""policy_old"", ""policy_current""]","[2.0, -2.0, 0.0]","[1.0, -1.0, 0.0]"
current_vs_2x_old,4660,76,"[2, 0, 1]","[""policy_old"", ""policy_current"", ""policy_old""]","[2.0, -2.0, 0.0]","[1.0, -1.0, 0.0]"
current_vs_2x_old,4661,76,"[2, 1, 0]","[""policy_old"", ""policy_old"", ""policy_current""]","[2.0, -2.0, 0.0]","[1.0, -1.0, 0.0]"
current_vs_2x_old,4662,77,"[0, 1, 2]","[""policy_current"", ""policy_old"", ""policy_old""]","[28.0, -14.0, -14.0]","[14.0, -7.0, -7.0]"
current_vs_2x_old,4663,77,"[0, 2, 1]","[""policy_current"", ""policy_old"", ""policy_old""]","[28.0, -14.0, -14.0]","[14.0, -7.0, -7.0]"
current_vs_2x_old,4664,77,"[1, 0, 2]","[""policy_old"", ""policy_current"", ""policy_old""]","[28.0, -14.0, -14.0]","[14.0, -7.0, -7.0]"
current_vs_2x_old,4665,77,"[1, 2, 0]","[""policy_old"", ""policy_old"", ""policy_current""]","[28.0, -14.0, -14.0]","[14.0, -7.0, -7.0]"
current_vs_2x_old,4666,77,"[2, 0, 1]","[""policy_old"", ""policy_current"", ""policy_old""]","[28.0, -14.0, -14.0]","[14.0, -7.0, -7.0]"
current_vs_2x_old,4667,77,"[2, 1, 0]","[""policy_old"", ""policy_old"", ""policy_current""]","[28.0, -14.0, -14.0]","[14.0, -7.0, -7.0]"
current_vs_2x_old,4668,78,"[0, 1, 2]","[""policy_current"", ""policy_old"", ""policy_old""]","[4.0, -2.0, -2.0]","[2.0, -1.0, -1.0]"
current_vs_2x_old,4669,78,"[0, 2, 1]","[""policy_current"", ""policy_old"", ""policy_old""]","[4.0, -2.0, -2.0]","[2.0, -1.0, -1.0]"
current_vs_2x_old,4670,78,"[1, 0, 2]","[""policy_old"", ""policy_current"", ""policy_old""]","[4.0, -2.0, -2.0]","[2.0, -1.0, -1.0]"
current_vs_2x_old,4671,78,"[1, 2, 0]","[""policy_old"", ""policy_old"", ""policy_current""]","[10.0, -2.0, -8.0]","[5.0, -1.0, -4.0]"
current_vs_2x_old,4672,78,"[2, 0, 1]","[""policy_old"", ""policy_current"", ""policy_old""]","[4.0, -2.0, -2.0]","[2.0, -1.0, -1.0]"
current_vs_2x_old,4673,78,"[2, 1, 0]","[""policy_old"", ""policy_old"", ""policy_current""]","[10.0, -2.0, -8.0]","[5.0, -1.0, -4.0]"
current_vs_2x_old,4674,79,"[0, 1, 2]","[""policy_current"", ""policy_old"", ""policy_old""]","[2.0, -2.0, 0.0]","[1.0, -1.0, 0.0]"
current_vs_2x_old,4675,79,"[0, 2, 1]","[""policy_current"", ""policy_old"", ""policy_old""]","[2.0, -2.0, 0.0]","[1.0, -1.0, 0.0]"
current_vs_2x_old,4676,79,"[1, 0, 2]","[""policy_old"", ""policy_current"", ""policy_old""]","[2.0, -2.0, 0.0]","[1.0, -1.0, 0.0]"
current_vs_2x_old,4677,79,"[1, 2, 0]","[""policy_old"", ""policy_old"", ""policy_current""]","[2.0, -2.0, 0.0]","[1.0, -1.0, 0.0]"
current_vs_2x_old,4678,79,"[2, 0, 1]","[""policy_old"", ""policy_current"", ""policy_old""]","[2.0, -2.0, 0.0]","[1.0, -1.0, 0.0]"
current_vs_2x_old,4679,79,"[2, 1, 0]","[""policy_old"", ""policy_old"", ""policy_current""]","[2.0, -2.0, 0.0]","[1.0, -1.0, 0.0]"
current_vs_2x_old,4680,80,"[0, 1, 2]","[""policy_current"", ""policy_old"", ""policy_old""]","[-1.0, 1.0, 0.0]","[-0.5, 0.5, 0.0]"
current_vs_2x_old,4681,80,"[0, 2, 1]","[""policy_current"", ""policy_old"", ""policy_old""]","[-1.0, 1.0, 0.0]","[-0.5, 0.5, 0.0]"
current_vs_2x_old,4682,80,"[1, 0, 2]","[""policy_old"", ""policy_current"", ""policy_old""]","[-1.0, 1.0, 0.0]","[-0.5, 0.5, 0.0]"
current_vs_2x_old,4683,80,"[1, 2, 0]","[""policy_old"", ""policy_old"", ""policy_current""]","[-1.0, 1.0, 0.0]","[-0.5, 0.5, 0.0]"
current_vs_2x_old,4684,80,"[2, 0, 1]","[""policy_old"", ""policy_current"", ""policy_old""]","[-1.0, 1.0, 0.0]","[-0.5, 0.5, 0.0]"
current_vs_2x_old,4685,80,"[2, 1, 0]","[""policy_old"", ""policy_old"", ""policy_current""]","[-1.0, 1.0, 0.0]","[-0.5, 0.5, 0.0]"
current_vs_2x_old,4686,81,"[0, 1, 2]","[""policy_current"", ""policy_old"", ""policy_old""]","[100.0, -100.0, 0.0]","[50.0, -50.0, 0.0]"
current_vs_2x_old,4687,81,"[0, 2, 1]","[""policy_current"", ""policy_old"", ""policy_old""]","[100.0, -100.0, 0.0]","[50.0, -50.0, 0.0]"
current_vs_2x_old,4688,81,"[1, 0, 2]","[""policy_old"", ""policy_current"", ""policy_old""]","[100.0, -100.0, 0.0]","[50.0, -50.0, 0.0]"
current_vs_2x_old,4689,81,"[1, 2, 0]","[""policy_old"", ""policy_old"", ""policy_current""]","[100.0, -100.0, 0.0]","[50.0, -50.0, 0.0]"
current_vs_2x_old,4690,81,"[2, 0, 1]","[""policy_old"", ""policy_current"", ""policy_old""]","[100.0, -100.0, 0.0]","[50.0, -50.0, 0.0]"
current_vs_2x_old,4691,81,"[2, 1, 0]","[""policy_old"", ""policy_old"", ""policy_current""]","[100.0, -100.0, 0.0]","[50.0, -50.0, 0.0]"
current_vs_2x_old,4692,82,"[0, 1, 2]","[""policy_current"", ""policy_old"", ""policy_old""]","[-1.0, 3.0, -2.0]","[-0.5, 1.5, -1.0]"
current_vs_2x_old,4693,82,"[0, 2, 1]","[""policy_current"", ""policy_old"", ""policy_old""]","[-1.0, 3.0, -2.0]","[-0.5, 1.5, -1.0]"
current_vs_2x_old,4694,82,"[1, 0, 2]","[""policy_old"", ""policy_current"", ""policy_old""]","[-1.0, 3.0, -2.0]","[-0.5, 1.5, -1.0]"
current_vs_2x_old,4695,82,"[1, 2, 0]","[""policy_old"", ""policy_old"", ""policy_current""]","[-1.0, 3.0, -2.0]","[-0.5, 1.5, -1.0]"
current_vs_2x_old,4696,82,"[2, 0, 1]","[""policy_old"", ""policy_current"", ""policy_old""]","[-1.0, 3.0, -2.0]","[-0.5, 1.5, -1.0]"
current_vs_2x_old,4697,82,"[2, 1, 0]","[""policy_old"", ""policy_old"", ""policy_current""]","[-1.0, 3.0, -2.0]","[-0.5, 1.5, -1.0]"
current_vs_2x_old,4698,83,"[0, 1, 2]","[""policy_current"", ""policy_old"", ""policy_old""]","[-2.0, 2.0, 0.0]","[-1.0, 1.0, 0.0]"
current_vs_2x_old,4699,83,"[0, 2, 1]","[""policy_current"", ""policy_old"", ""policy_old""]","[-2.0, 2.0, 0.0]","[-1.0, 1.0, 0.0]"
current_vs_2x_old,4700,83,"[1, 0, 2]","[""policy_old"", ""policy_current"", ""policy_old""]","[-2.0, 2.0, 0.0]","[-1.0, 1.0, 0.0]"
current_vs_2x_old,4701,83,"[1, 2, 0]","[""policy_old"", ""policy_old"", ""policy_current""]","[-2.0, 2.0, 0.0]","[-1.0, 1.0, 0.0]"
current_vs_2x_old,4702,83,"[2, 0, 1]","[""policy_old"", ""policy_current"", ""policy_old""]","[-2.0, 2.0, 0.0]","[-1.0, 1.0, 0.0]"
current_vs_2x_old,4703,83,"[2, 1, 0]","[""policy_old"", ""policy_old"", ""policy_current""]","[-2.0, 2.0, 0.0]","[-1.0, 1.0, 0.0]"
current_vs_2x_old,4704,84,"[0, 1, 2]","[""policy_current"", ""policy_old"", ""policy_old""]","[-100.0, -2.0, 102.0]","[-50.0, -1.0, 51.0]"
current_vs_2x_old,4705,84,"[0, 2, 1]","[""policy_current"", ""policy_old"", ""policy_old""]","[-100.0, -2.0, 102.0]","[-50.0, -1.0, 51.0]"
current_vs_2x_old,4706,84,"[1, 0, 2]","[""policy_old"", ""policy_current"", ""policy_old""]","[-1.0, -2.0, 3.0]","[-0.5, -1.0, 1.5]"
current_vs_2x_old,4707,84,"[1, 2, 0]","[""policy_old"", ""policy_old"", ""policy_current""]","[-1.0, -2.0, 3.0]","[-0.5, -1.0, 1.5]"
current_vs_2x_old,4708,84,"[2, 0, 1]","[""policy_old"", ""policy_current"", ""policy_old""]","[-1.0, -2.0, 3.0]","[-0.5, -1.0, 1.5]"
current_vs_2x_old,4709,84,"[2, 1, 0]","[""policy_old"", ""policy_old"", ""policy_current""]","[-1.0, -2.0, 3.0]","[-0.5, -1.0, 1.5]"
current_vs_2x_old,4710,85,"[0, 1, 2]","[""policy_current"", ""policy_old"", ""policy_old""]","[-100.0, 200.0, -100.0]","[-50.0, 100.0, -50.0]"
current_vs_2x_old,4711,85,"[0, 2, 1]","[""policy_current"", ""policy_old"", ""policy_old""]","[-100.0, 200.0, -100.0]","[-50.0, 100.0, -50.0]"
current_vs_2x_old,4712,85,"[1, 0, 2]","[""policy_old"", ""policy_current"", ""policy_old""]","[-100.0, 200.0, -100.0]","[-50.0, 100.0, -50.0]"
current_vs_2x_old,4713,85,"[1, 2, 0]","[""policy_old"", ""policy_old"", ""policy_current""]","[-100.0, 200.0, -100.0]","[-50.0, 100.0, -50.0]"
current_vs_2x_old,4714,85,"[2, 0, 1]","[""policy_old"", ""policy_current"", ""policy_old""]","[-100.0, 200.0, -100.0]","[-50.0, 100.0, -50.0]"
current_vs_2x_old,4715,85,"[2, 1, 0]","[""policy_old"", ""policy_old"", ""policy_current""]","[-100.0, 200.0, -100.0]","[-50.0, 100.0, -50.0]"
current_vs_2x_old,4716,86,"[0, 1, 2]","[""policy_current"", ""policy_old"", ""policy_old""]","[-1.0, 1.0, 0.0]","[-0.5, 0.5, 0.0]"
current_vs_2x_old,4717,86,"[0, 2, 1]","[""policy_current"", ""policy_old"", ""policy_old""]","[-1.0, 1.0, 0.0]","[-0.5, 0.5, 0.0]"
current_vs_2x_old,4718,86,"[1, 0, 2]","[""policy_old"", ""policy_current"", ""policy_old""]","[-1.0, 1.0, 0.0]","[-0.5, 0.5, 0.0]"
current_vs_2x_old,4719,86,"[1, 2, 0]","[""policy_old"", ""policy_old"", ""policy_current""]","[-1.0, 1.0, 0.0]","[-0.5, 0.5, 0.0]"
current_vs_2x_old,4720,86,"[2, 0, 1]","[""policy_old"", ""policy_current"", ""policy_old""]","[-1.0, 1.0, 0.0]","[-0.5, 0.5, 0.0]"
current_vs_2x_old,4721,86,"[2, 1, 0]","[""policy_old"", ""policy_old"", ""policy_current""]","[-1.0, 1.0, 0.0]","[-0.5, 0.5, 0.0]"
current_vs_2x_old,4722,87,"[0, 1, 2]","[""policy_current"", ""policy_old"", ""policy_old""]","[-8.0, 8.0, 0.0]","[-4.0, 4.0, 0.0]"
current_vs_2x_old,4723,87,"[0, 2, 1]","[""policy_current"", ""policy_old"", ""policy_old""]","[-8.0, 8.0, 0.0]","[-4.0, 4.0, 0.0]"
current_vs_2x_old,4724,87,"[1, 0, 2]","[""policy_old"", ""policy_current"", ""policy_old""]","[-8.0, 8.0, 0.0]","[-4.0, 4.0, 0.0]"
current_vs_2x_old,4725,87,"[1, 2, 0]","[""policy_old"", ""policy_old"", ""policy_current""]","[-8.0, 8.0, 0.0]","[-4.0, 4.0, 0.0]"
current_vs_2x_old,4726,87,"[2, 0, 1]","[""policy_old"", ""policy_current"", ""policy_old""]","[-8.0, 8.0, 0.0]","[-4.0, 4.0, 0.0]"
current_vs_2x_old,4727,87,"[2, 1, 0]","[""policy_old"", ""policy_old"", ""policy_current""]","[-8.0, 8.0, 0.0]","[-4.0, 4.0, 0.0]"
current_vs_2x_old,4728,88,"[0, 1, 2]","[""policy_current"", ""policy_old"", ""policy_old""]","[-100.0, -100.0, 200.0]","[-50.0, -50.0, 100.0]"
current_vs_2x_old,4729,88,"[0, 2, 1]","[""policy_current"", ""policy_old"", ""policy_old""]","[-100.0, -100.0, 200.0]","[-50.0, -50.0, 100.0]"
current_vs_2x_old,4730,88,"[1, 0, 2]","[""policy_old"", ""policy_current"", ""policy_old""]","[-100.0, -100.0, 200.0]","[-50.0, -50.0, 100.0]"
current_vs_2x_old,4731,88,"[1, 2, 0]","[""policy_old"", ""policy_old"", ""policy_current""]","[-100.0, -100.0, 200.0]","[-50.0, -50.0, 100.0]"
current_vs_2x_old,4732,88,"[2, 0, 1]","[""policy_old"", ""policy_current"", ""policy_old""]","[-100.0, -100.0, 200.0]","[-50.0, -50.0, 100.0]"
current_vs_2x_old,4733,88,"[2, 1, 0]","[""policy_old"", ""policy_old"", ""policy_current""]","[-100.0, -100.0, 200.0]","[-50.0, -50.0, 100.0]"
current_vs_2x_old,4734,89,"[0, 1, 2]","[""policy_current"", ""policy_old"", ""policy_old""]","[100.0, -100.0, 0.0]","[50.0, -50.0, 0.0]"
current_vs_2x_old,4735,89,"[0, 2, 1]","[""policy_current"", ""policy_old"", ""policy_old""]","[100.0, -100.0, 0.0]","[50.0, -50.0, 0.0]"
current_vs_2x_old,4736,89,"[1, 0, 2]","[""policy_old"", ""policy_current"", ""policy_old""]","[100.0, -100.0, 0.0]","[50.0, -50.0, 0.0]"
current_vs_2x_old,4737,89,"[1, 2, 0]","[""policy_old"", ""policy_old"", ""policy_current""]","[100.0, -100.0, 0.0]","[50.0, -50.0, 0.0]"
current_vs_2x_old,4738,89,"[2, 0, 1]","[""policy_old"", ""policy_current"", ""policy_old""]","[100.0, -100.0, 0.0]","[50.0, -50.0, 0.0]"
current_vs_2x_old,4739,89,"[2, 1, 0]","[""policy_old"", ""policy_old"", ""policy_current""]","[100.0, -100.0, 0.0]","[50.0, -50.0, 0.0]"
current_vs_2x_old,4740,90,"[0, 1, 2]","[""policy_current"", ""policy_old"", ""policy_old""]","[-100.0, -2.0, 102.0]","[-50.0, -1.0, 51.0]"
current_vs_2x_old,4741,90,"[0, 2, 1]","[""policy_current"", ""policy_old"", ""policy_old""]","[-100.0, -2.0, 102.0]","[-50.0, -1.0, 51.0]"
current_vs_2x_old,4742,90,"[1, 0, 2]","[""policy_old"", ""policy_current"", ""policy_old""]","[-100.0, -2.0, 102.0]","[-50.0, -1.0, 51.0]"
current_vs_2x_old,4743,90,"[1, 2, 0]","[""policy_old"", ""policy_old"", ""policy_current""]","[-100.0, -2.0, 102.0]","[-50.0, -1.0, 51.0]"
current_vs_2x_old,4744,90,"[2, 0, 1]","[""policy_old"", ""policy_current"", ""policy_old""]","[-100.0, -2.0, 102.0]","[-50.0, -1.0, 51.0]"
current_vs_2x_old,4745,90,"[2, 1, 0]","[""policy_old"", ""policy_old"", ""policy_current""]","[-100.0, -2.0, 102.0]","[-50.0, -1.0, 51.0]"
current_vs_2x_old,4746,91,"[0, 1, 2]","[""policy_current"", ""policy_old"", ""policy_old""]","[-1.0, 3.0, -2.0]","[-0.5, 1.5, -1.0]"
current_vs_2x_old,4747,91,"[0, 2, 1]","[""policy_current"", ""policy_old"", ""policy_old""]","[-1.0, 3.0, -2.0]","[-0.5, 1.5, -1.0]"
current_vs_2x_old,4748,91,"[1, 0, 2]","[""policy_old"", ""policy_current"", ""policy_old""]","[108.0, -8.0, -100.0]","[54.0, -4.0, -50.0]"
current_vs_2x_old,4749,91,"[1, 2, 0]","[""policy_old"", ""policy_old"", ""policy_current""]","[108.0, -8.0, -100.0]","[54.0, -4.0, -50.0]"
current_vs_2x_old,4750,91,"[2, 0, 1]","[""policy_old"", ""policy_current"", ""policy_old""]","[108.0, -8.0, -100.0]","[54.0, -4.0, -50.0]"
current_vs_2x_old,4751,91,"[2, 1, 0]","[""policy_old"", ""policy_old"", ""policy_current""]","[108.0, -8.0, -100.0]","[54.0, -4.0, -50.0]"
current_vs_2x_old,4752,92,"[0, 1, 2]","[""policy_current"", ""policy_old"", ""policy_old""]","[2.0, -2.0, 0.0]","[1.0, -1.0, 0.0]"
current_vs_2x_old,4753,92,"[0, 2, 1]","[""policy_current"", ""policy_old"", ""policy_old""]","[2.0, -2.0, 0.0]","[1.0, -1.0, 0.0]"
current_vs_2x_old,4754,92,"[1, 0, 2]","[""policy_old"", ""policy_current"", ""policy_old""]","[2.0, -2.0, 0.0]","[1.0, -1.0, 0.0]"
current_vs_2x_old,4755,92,"[1, 2, 0]","[""policy_old"", ""policy_old"", ""policy_current""]","[2.0, -2.0, 0.0]","[1.0, -1.0, 0.0]"
current_vs_2x_old,4756,92,"[2, 0, 1]","[""policy_old"", ""policy_current"", ""policy_old""]","[2.0, -2.0, 0.0]","[1.0, -1.0, 0.0]"
current_vs_2x_old,4757,92,"[2, 1, 0]","[""policy_old"", ""policy_old"", ""policy_current""]","[2.0, -2.0, 0.0]","[1.0, -1.0, 0.0]"
current_vs_2x_old,4758,93,"[0, 1, 2]","[""policy_current"", ""policy_old"", ""policy_old""]","[10.0, -2.0, -8.0]","[5.0, -1.0, -4.0]"
current_vs_2x_old,4759,93,"[0, 2, 1]","[""policy_current"", ""policy_old"", ""policy_old""]","[10.0, -2.0, -8.0]","[5.0, -1.0, -4.0]"
current_vs_2x_old,4760,93,"[1, 0, 2]","[""policy_old"", ""policy_current"", ""policy_old""]","[10.0, -2.0, -8.0]","[5.0, -1.0, -4.0]"
current_vs_2x_old,4761,93,"[1, 2, 0]","[""policy_old"", ""policy_old"", ""policy_current""]","[4.0, -2.0, -2.0]","[2.0, -1.0, -1.0]"
current_vs_2x_old,4762,93,"[2, 0, 1]","[""policy_old"", ""policy_current"", ""policy_old""]","[10.0, -2.0, -8.0]","[5.0, -1.0, -4.0]"
current_vs_2x_old,4763,93,"[2, 1, 0]","[""policy_old"", ""policy_old"", ""policy_current""]","[4.0, -2.0, -2.0]","[2.0, -1.0, -1.0]"
current_vs_2x_old,4764,94,"[0, 1, 2]","[""policy_current"", ""policy_old"", ""policy_old""]","[-1.0, 1.0, 0.0]","[-0.5, 0.5, 0.0]"
current_vs_2x_old,4765,94,"[0, 2, 1]","[""policy_current"", ""policy_old"", ""policy_old""]","[-1.0, 1.0, 0.0]","[-0.5, 0.5, 0.0]"
current_vs_2x_old,4766,94,"[1, 0, 2]","[""policy_old"", ""policy_current"", ""policy_old""]","[-1.0, 1.0, 0.0]","[-0.5, 0.5, 0.0]"
current_vs_2x_old,4767,94,"[1, 2, 0]","[""policy_old"", ""policy_old"", ""policy_current""]","[-1.0, 1.0, 0.0]","[-0.5, 0.5, 0.0]"
current_vs_2x_old,4768,94,"[2, 0, 1]","[""policy_old"", ""policy_current"", ""policy_old""]","[-1.0, 1.0, 0.0]","[-0.5, 0.5, 0.0]"
current_vs_2x_old,4769,94,"[2, 1, 0]","[""policy_old"", ""policy_old"", ""policy_current""]","[-1.0, 1.0, 0.0]","[-0.5, 0.5, 0.0]"
current_vs_2x_old,4770,95,"[0, 1, 2]","[""policy_current"", ""policy_old"", ""policy_old""]","[-2.0, 2.0, 0.0]","[-1.0, 1.0, 0.0]"
current_vs_2x_old,4771,95,"[0, 2, 1]","[""policy_current"", ""policy_old"", ""policy_old""]","[-2.0, 2.0, 0.0]","[-1.0, 1.0, 0.0]"
current_vs_2x_old,4772,95,"[1, 0, 2]","[""policy_old"", ""policy_current"", ""policy_old""]","[-2.0, 2.0, 0.0]","[-1.0, 1.0, 0.0]"
current_vs_2x_old,4773,95,"[1, 2, 0]","[""policy_old"", ""policy_old"", ""policy_current""]","[-2.0, 2.0, 0.0]","[-1.0, 1.0, 0.0]"
current_vs_2x_old,4774,95,"[2, 0, 1]","[""policy_old"", ""policy_current"", ""policy_old""]","[-2.0, 2.0, 0.0]","[-1.0, 1.0, 0.0]"
current_vs_2x_old,4775,95,"[2, 1, 0]","[""policy_old"", ""policy_old"", ""policy_current""]","[-2.0, 2.0, 0.0]","[-1.0, 1.0, 0.0]"
current_vs_2x_old,4776,96,"[0, 1, 2]","[""policy_current"", ""policy_old"", ""policy_old""]","[-1.0, 1.0, 0.0]","[-0.5, 0.5, 0.0]"
current_vs_2x_old,4777,96,"[0, 2, 1]","[""policy_current"", ""policy_old"", ""policy_old""]","[-1.0, 1.0, 0.0]","[-0.5, 0.5, 0.0]"
current_vs_2x_old,4778,96,"[1, 0, 2]","[""policy_old"", ""policy_current"", ""policy_old""]","[-1.0, 1.0, 0.0]","[-0.5, 0.5, 0.0]"
current_vs_2x_old,4779,96,"[1, 2, 0]","[""policy_old"", ""policy_old"", ""policy_current""]","[-1.0, 1.0, 0.0]","[-0.5, 0.5, 0.0]"
current_vs_2x_old,4780,96,"[2, 0, 1]","[""policy_old"", ""policy_current"", ""policy_old""]","[-1.0, 1.0, 0.0]","[-0.5, 0.5, 0.0]"
current_vs_2x_old,4781,96,"[2, 1, 0]","[""policy_old"", ""policy_old"", ""policy_current""]","[-1.0, 1.0, 0.0]","[-0.5, 0.5, 0.0]"
current_vs_2x_old,4782,97,"[0, 1, 2]","[""policy_current"", ""policy_old"", ""policy_old""]","[-1.0, -2.0, 3.0]","[-0.5, -1.0, 1.5]"
current_vs_2x_old,4783,97,"[0, 2, 1]","[""policy_current"", ""policy_old"", ""policy_old""]","[-1.0, -2.0, 3.0]","[-0.5, -1.0, 1.5]"
current_vs_2x_old,4784,97,"[1, 0, 2]","[""policy_old"", ""policy_current"", ""policy_old""]","[-1.0, -100.0, 101.0]","[-0.5, -50.0, 50.5]"
current_vs_2x_old,4785,97,"[1, 2, 0]","[""policy_old"", ""policy_old"", ""policy_current""]","[-1.0, -2.0, 3.0]","[-0.5, -1.0, 1.5]"
current_vs_2x_old,4786,97,"[2, 0, 1]","[""policy_old"", ""policy_current"", ""policy_old""]","[-1.0, -100.0, 101.0]","[-0.5, -50.0, 50.5]"
current_vs_2x_old,4787,97,"[2, 1, 0]","[""policy_old"", ""policy_old"", ""policy_current""]","[-1.0, -2.0, 3.0]","[-0.5, -1.0, 1.5]"
current_vs_2x_old,4788,98,"[0, 1, 2]","[""policy_current"", ""policy_old"", ""policy_old""]","[100.0, -100.0, 0.0]","[50.0, -50.0, 0.0]"
current_vs_2x_old,4789,98,"[0, 2, 1]","[""policy_current"", ""policy_old"", ""policy_old""]","[100.0, -100.0, 0.0]","[50.0, -50.0, 0.0]"
current_vs_2x_old,4790,98,"[1, 0, 2]","[""policy_old"", ""policy_current"", ""policy_old""]","[100.0, -100.0, 0.0]","[50.0, -50.0, 0.0]"
current_vs_2x_old,4791,98,"[1, 2, 0]","[""policy_old"", ""policy_old"", ""policy_current""]","[100.0, -100.0, 0.0]","[50.0, -50.0, 0.0]"
current_vs_2x_old,4792,98,"[2, 0, 1]","[""policy_old"", ""policy_current"", ""policy_old""]","[100.0, -100.0, 0.0]","[50.0, -50.0, 0.0]"
current_vs_2x_old,4793,98,"[2, 1, 0]","[""policy_old"", ""policy_old"", ""policy_current""]","[100.0, -100.0, 0.0]","[50.0, -50.0, 0.0]"
current_vs_2x_old,4794,99,"[0, 1, 2]","[""policy_current"", ""policy_old"", ""policy_old""]","[-1.0, 1.0, 0.0]","[-0.5, 0.5, 0.0]"
current_vs_2x_old,4795,99,"[0, 2, 1]","[""policy_current"", ""policy_old"", ""policy_old""]","[-1.0, 1.0, 0.0]","[-0.5, 0.5, 0.0]"
current_vs_2x_old,4796,99,"[1, 0, 2]","[""policy_old"", ""policy_current"", ""policy_old""]","[-2.0, 2.0, 0.0]","[-1.0, 1.0, 0.0]"
current_vs_2x_old,4797,99,"[1, 2, 0]","[""policy_old"", ""policy_old"", ""policy_current""]","[-2.0, 2.0, 0.0]","[-1.0, 1.0, 0.0]"
current_vs_2x_old,4798,99,"[2, 0, 1]","[""policy_old"", ""policy_current"", ""policy_old""]","[-2.0, 2.0, 0.0]","[-1.0, 1.0, 0.0]"
current_vs_2x_old,4799,99,"[2, 1, 0]","[""policy_old"", ""policy_old"", ""policy_current""]","[-2.0, 2.0, 0.0]","[-1.0, 1.0, 0.0]"
