{"AA": 0.9999999999999999, "AK": 1.0000000000000002, "AQ": 1.0000000000000002, "AJ": 1.0000000000000002, "AT": 0.7500000000000001, "A9": 0.6, "A8": 0.39999999999999997, "A7": 0.5499999999999999, "A6": 0.44999999999999996, "A5": 0.49999999999999994, "A4": 0.49999999999999994, "A3": 0.44999999999999996, "A2": 0.44999999999999996, "KA": 1.0000000000000013, "KK": 0.9999999999999999, "KQ": 0.6, "KJ": 0.5499999999999999, "KT": 0.6, "K9": 0.49999999999999994, "K8": 0.44999999999999996, "K7": 0.44999999999999996, "K6": 0.49999999999999994, "K5": 0.44999999999999996, "K4": 0.39999999999999997, "K3": 0.3, "K2": 0.2, "QA": 1.0000000000000013, "QK": 0.55, "QQ": 0.9999999999999999, "QJ": 0.5499999999999999, "QT": 0.6, "Q9": 0.6, "Q8": 0.49999999999999994, "Q7": 0.39999999999999997, "Q6": 0.35, "Q5": 0.35, "Q4": 0.25, "Q3": 0.3, "Q2": 0.25, "JA": 0.9000000000000011, "JK": 0.5833333333333335, "JQ": 0.5333333333333333, "JJ": 0.9999999999999999, "JT": 0.6, "J9": 0.39999999999999997, "J8": 0.35, "J7": 0.25, "J6": 0.15000000000000002, "J5": 0.2, "J4": 0.1, "J3": 0.1, "J2": 0.2, "TA": 0.7166666666666672, "TK": 0.4833333333333333, "TQ": 0.5666666666666668, "TJ": 0.44999999999999996, "TT": 0.9999999999999999, "T9": 0.49999999999999994, "T8": 0.3, "T7": 0.3, "T6": 0.15000000000000002, "T5": 0.15000000000000002, "T4": 0.15000000000000002, "T3": 0.2, "T2": 0.1, "9A": 0.4833333333333333, "9K": 0.44999999999999996, "9Q": 0.3833333333333333, "9J": 0.31666666666666665, "9T": 0.26666666666666666, "99": 0.9999999999999999, "98": 0.25, "97": 0.3, "96": 0.15000000000000002, "95": 0.25, "94": 0.1, "93": 0.15000000000000002, "92": 0.1, "8A": 0.39999999999999997, "8K": 0.3833333333333333, "8Q": 0.31666666666666665, "8J": 0.19999999999999998, "8T": 0.21666666666666665, "89": 0.19999999999999998, "88": 0.9999999999999999, "87": 0.2, "86": 0.2, "85": 0.2, "84": 0.2, "83": 0.15000000000000002, "82": 0.05, "7A": 0.3833333333333333, "7K": 0.3833333333333333, "7Q": 0.19999999999999998, "7J": 0.16666666666666666, "7T": 0.15, "79": 0.13333333333333333, "78": 0.08333333333333333, "77": 0.9999999999999999, "76": 0.2, "75": 0.25, "74": 0.05, "73": 0.1, "72": 0.05, "6A": 0.41666666666666663, "6K": 0.3, "6Q": 0.16666666666666666, "6J": 0.13333333333333333, "6T": 0.16666666666666666, "69": 0.16666666666666666, "68": 0.11666666666666665, "67": 0.16666666666666666, "66": 0.7999999999999999, "65": 0.15000000000000002, "64": 0.15000000000000002, "63": 0.2, "62": 0.15000000000000002, "5A": 0.41666666666666663, "5K": 0.2333333333333333, "5Q": 0.21666666666666665, "5J": 0.13333333333333333, "5T": 0.09999999999999999, "59": 0.11666666666666665, "58": 0.09999999999999999, "57": 0.16666666666666666, "56": 0.09999999999999999, "55": 0.7, "54": 0.1, "53": 0.1, "52": 0.1, "4A": 0.41666666666666663, "4K": 0.2333333333333333, "4Q": 0.15, "4J": 0.06666666666666667, "4T": 0.06666666666666667, "49": 0.03333333333333333, "48": 0.06666666666666667, "47": 0.05, "46": 0.13333333333333333, "45": 0.13333333333333333, "44": 0.5333333333333333, "43": 0.05, "42": 0.1, "3A": 0.35, "3K": 0.15, "3Q": 0.13333333333333333, "3J": 0.09999999999999999, "3T": 0.06666666666666667, "39": 0.06666666666666667, "38": 0.016666666666666666, "37": 0.03333333333333333, "36": 0.0, "35": 0.06666666666666667, "34": 0.06666666666666667, "33": 0.4666666666666666, "32": 0.05, "2A": 0.31666666666666665, "2K": 0.16666666666666666, "2Q": 0.06666666666666667, "2J": 0.09999999999999999, "2T": 0.05, "29": 0.05, "28": 0.016666666666666666, "27": 0.016666666666666666, "26": 0.0, "25": 0.08333333333333333, "24": 0.016666666666666666, "23": 0.0, "22": 0.3333333333333333}